StartDate,EndDate,Status.x,IPAddress,Progress,Duration (in seconds),Finished,RecordedDate,ResponseId,RecipientLastName,RecipientFirstName,RecipientEmail,ExternalReference,LocationLatitude,LocationLongitude,DistributionChannel,UserLanguage,Q_RecaptchaScore,agree,PID_general,strong_weak,ind_lean,ideology_selfreport,PID_strengthR_1,PID_strengthR_2,PID_strengthR_3,PID_strengthR_4,maga,sc1_D,sc2_D,sc3_D,PID_strengthD_1,PID_strengthD_2,PID_strengthD_3,PID_strengthD_4,sc1_R,sc2_R,sc3_R,ft_dem_pre_1,ft_rep_pre_1,attn1,emotion_table_1,emotion_table_2,emotion_table_3,emotion_table_4,emotion_table_5,emotion_table_6,emotion_table_7,emotion_table_8,emotion_table_9,angry,shame,guilt,disgust,fear,anxiety,sadness,happiness,md_D1,md_D2,md_D3,ft_dem_post_1,ft_rep_post_1,spv_Rprotest_1,metaSPV_Rprotest_1,spv_Rvandalize_1,metaSPV_Rvandalize_1,spv_Rmessage_1,metaSPV_Rmessage_1,spv_Rassault_1,metaSPV_Rassault_1,spv_Rjustify_1,metaSPV_Rjustify_1,spv_Rpredict_1,metaSPV_Rpredict_1,md_R1,md_R2,md_R3,spv_Dprotest_1,metaSPV_Dprotest_1,spv_Dvandalize_1,metaSPV_Dvandalize_1,spv_Dmessage_1,metaSPV_Dmessage_1,spv_Dassault_1,metaSPV_Dassault_1,spv_Djustify_1,metaSPV_Djustify_1,spv_Dpredict_1,metaSPV_Dpredict_1,SC0,PROLIFIC_PID,SESSION_ID,STUDY_ID,condition,PID,Submission id,Participant id,Status.y,Custom study tncs accepted at,Started at,Completed at,Reviewed at,Archived at,Time taken,Completion code,Total approvals,Fluent languages,Highest education level completed,Gender,Deception,U.s. political affiliation,2020 us presidential election,2024 us presidential election,Ethnicity,Household income (usd) [us participants only],Social-media,Age,Sex,Ethnicity simplified,Country of birth,Country of residence,Nationality,Language,Student status,Employment status,Authenticity check: Bots,party_numeric,party_scale,party_bin,party_category,PID_dummy,maga_category,ideology,condition_dummy,exp_group_numeric,exp_group_category,speaker_match,exp_group,exp_group_labels,ft_rep_pre,ft_dem_pre,ft_rep_post,ft_dem_post,spv_Rprotest,spv_Rvandalize,spv_Rmessage,spv_Rassault,spv_Rjustify,spv_Rpredict,spv_Dprotest,spv_Dvandalize,spv_Dmessage,spv_Dassault,spv_Djustify,spv_Dpredict,metaSPV_Rprotest,metaSPV_Rvandalize,metaSPV_Rmessage,metaSPV_Rassault,metaSPV_Rjustify,metaSPV_Rpredict,metaSPV_Dprotest,metaSPV_Dvandalize,metaSPV_Dmessage,metaSPV_Dassault,metaSPV_Djustify,metaSPV_Dpredict,PID_strength,PID_bin_category,PID_bin,social_closeness,angry_dummy,shame_dummy,guilt_dummy,disgust_dummy,fear_dummy,anxiety_dummy,sadness_dummy,happiness_dummy,none_dummy,ft_pre_in,ft_post_in,ft_pre_out,ft_post_out,ft_diff_R,ft_diff_D,ft_diff_diff_PID,ft_diff_in,ft_diff_out,ft_diff_diff_inout,moral_disengagement_outgroup,SPV_individual,SPV_meta_R,SPV_meta_outgroup,SPV_meta_ingroup,SPV_indiv_scenario,SPV_indiv_broad,SPV_meta_scenario,SPV_meta_broad,SPV_indiv_protest,SPV_indiv_vandalize,SPV_indiv_message,SPV_indiv_assault,SPV_indiv_justify,SPV_indiv_predict,SPV_meta_protest,SPV_meta_vandalize,SPV_meta_message,SPV_meta_assault,SPV_meta_justify,SPV_meta_predict
NA,NA,0,NA,100,253,1,NA,NA,NA,NA,NA,NA,42.5917,-88.4334,NA,NA,0.899999976158142,1,1,2,NA,2,NA,NA,NA,NA,0,NA,NA,NA,2,3,2,2,2,3,2,61,20,2,NA,1,NA,1,NA,NA,1,NA,NA,NA,3,NA,4,NA,NA,4,NA,NA,NA,NA,62,18,NA,NA,NA,NA,NA,NA,NA,NA,NA,NA,NA,NA,5,4,2,19,19,19,38,14,43,14,35,14,35,26,50,0,NA,NA,NA,treatment,Democrat,NA,NA,NA,NA,NA,NA,NA,NA,260,NA,16795,NA,NA,NA,NA,NA,NA,NA,NA,NA,NA,36,NA,NA,NA,NA,NA,NA,NA,NA,NA,1,Strong D,1,Democrat,0,Non-MAGA,Somewhat liberal,1,4,Treatment D,0,1,Mismatch,20,61,18,62,NA,NA,NA,NA,NA,NA,19,19,14,14,14,26,NA,NA,NA,NA,NA,NA,19,38,43,35,35,50,2.25,medium,1,2.3333333333333335,0,1,0,1,0,0,1,0,0,61,62,20,18,-2,1,-3,1,-2,3,3.6666666666666665,17.666666666666668,36.666666666666664,36.666666666666664,NA,16.5,20,33.75,42.5,19,19,14,14,14,26,19,38,43,35,35,50
NA,NA,0,NA,100,311,1,NA,NA,NA,NA,NA,NA,48.5274,-122.2329,NA,NA,1,1,1,2,NA,3,NA,NA,NA,NA,0,NA,NA,NA,4,5,4,5,3,3,2,85,5,2,NA,NA,NA,NA,NA,NA,NA,1,NA,NA,NA,NA,NA,NA,NA,NA,4,NA,NA,NA,85,5,NA,NA,NA,NA,NA,NA,NA,NA,NA,NA,NA,NA,5,4,4,0,60,0,40,0,0,0,0,0,0,0,0,0,NA,NA,NA,control,Democrat,NA,NA,NA,NA,NA,NA,NA,NA,326,NA,575,NA,NA,NA,NA,NA,NA,NA,NA,NA,NA,59,NA,NA,NA,NA,NA,NA,NA,NA,NA,1,Strong D,1,Democrat,0,Non-MAGA,Slightly liberal,0,2,Control D,0,0,Control,5,85,5,85,NA,NA,NA,NA,NA,NA,0,0,0,0,0,0,NA,NA,NA,NA,NA,NA,60,40,0,0,0,0,4.5,strong,2,2.6666666666666665,0,0,0,0,0,0,0,1,0,85,85,5,5,0,0,0,0,0,0,4.333333333333333,0,16.666666666666668,16.666666666666668,NA,0,0,25,0,0,0,0,0,0,0,60,40,0,0,0,0
NA,NA,0,NA,100,233,1,NA,NA,NA,NA,NA,NA,6.2977,-10.7998,NA,NA,1,1,3,NA,1,2,NA,NA,NA,NA,0,NA,NA,NA,1,1,1,1,2,2,2,30,0,2,NA,NA,NA,NA,NA,NA,NA,NA,1,NA,NA,NA,NA,NA,NA,NA,NA,NA,NA,NA,30,0,NA,NA,NA,NA,NA,NA,NA,NA,NA,NA,NA,NA,5,3,1,60,70,20,60,0,15,0,10,0,20,0,10,0,NA,NA,NA,control,Democrat,NA,NA,NA,NA,NA,NA,NA,NA,301,NA,4842,NA,NA,NA,NA,NA,NA,NA,NA,NA,NA,39,NA,NA,NA,NA,NA,NA,NA,NA,NA,3,Lean D,0,Independent,0,Non-MAGA,Somewhat liberal,0,2,Control D,0,0,Control,0,30,0,30,NA,NA,NA,NA,NA,NA,60,20,0,0,0,0,NA,NA,NA,NA,NA,NA,70,60,15,10,20,10,1,weak,0,2,0,0,0,0,0,0,0,0,1,30,30,0,0,0,0,0,0,0,0,9,13.333333333333334,30.833333333333332,30.833333333333332,NA,20,0,38.75,15,60,20,0,0,0,0,70,60,15,10,20,10
NA,NA,0,NA,100,346,1,NA,NA,NA,NA,NA,NA,39.2689,-84.2638,NA,NA,0.899999976158142,1,2,1,NA,4,1,2,1,2,0,4,4,4,NA,NA,NA,NA,NA,NA,NA,75,5,2,NA,NA,NA,NA,NA,NA,NA,NA,1,NA,NA,NA,NA,NA,NA,NA,NA,1,1,1,75,5,0,55,0,75,0,10,0,7,0,4,0,3,NA,NA,NA,NA,NA,NA,NA,NA,NA,NA,NA,NA,NA,NA,NA,1,NA,NA,NA,control,Republican,NA,NA,NA,NA,NA,NA,NA,NA,355,NA,1175,NA,NA,NA,NA,NA,NA,NA,NA,NA,NA,64,NA,NA,NA,NA,NA,NA,NA,NA,NA,6,Weak R,2,Republican,1,Non-MAGA,Moderate,0,1,Control R,0,0,Control,5,75,5,75,0,0,0,0,0,0,NA,NA,NA,NA,NA,NA,55,75,10,7,4,3,NA,NA,NA,NA,NA,NA,1.5,weak,1,4,0,0,0,0,0,0,0,0,1,5,5,75,75,0,0,0,0,0,0,1,0,25.666666666666668,NA,25.666666666666668,0,0,36.75,3.5,0,0,0,0,0,0,55,75,10,7,4,3
NA,NA,0,NA,100,318,1,NA,NA,NA,NA,NA,NA,38.913,-121.0846,NA,NA,1,1,2,2,NA,6,4,4,5,5,1,3,3,2,NA,NA,NA,NA,NA,NA,NA,0,95,2,NA,NA,NA,NA,NA,NA,NA,1,NA,NA,NA,NA,NA,NA,NA,NA,5,5,5,1,0,95,100,100,10,10,0,0,0,0,0,0,0,0,NA,NA,NA,NA,NA,NA,NA,NA,NA,NA,NA,NA,NA,NA,NA,2,NA,NA,NA,treatment,Republican,NA,NA,NA,NA,NA,NA,NA,NA,330,NA,4359,NA,NA,NA,NA,NA,NA,NA,NA,NA,NA,71,NA,NA,NA,NA,NA,NA,NA,NA,NA,7,Strong R,2,Republican,1,MAGA,Somewhat conservative,1,3,Treatment R,1,2,Match,95,0,95,0,100,10,0,0,0,0,NA,NA,NA,NA,NA,NA,100,10,0,0,0,0,NA,NA,NA,NA,NA,NA,4.5,strong,2,2.6666666666666665,0,0,0,0,0,0,0,1,0,95,95,0,0,0,0,0,0,0,0,3.6666666666666665,18.333333333333332,18.333333333333332,NA,18.333333333333332,27.5,0,27.5,0,100,10,0,0,0,0,100,10,0,0,0,0
NA,NA,0,NA,100,237,1,NA,NA,NA,NA,NA,NA,34.1453,-117.3005,NA,NA,1,1,1,1,NA,2,NA,NA,NA,NA,0,NA,NA,NA,3,3,3,3,3,4,3,78,13,2,NA,NA,NA,NA,NA,1,NA,NA,NA,NA,NA,NA,NA,NA,4,NA,NA,NA,NA,NA,78,14,NA,NA,NA,NA,NA,NA,NA,NA,NA,NA,NA,NA,4,3,1,73,95,11,28,3,63,6,71,6,64,20,68,0,NA,NA,NA,control,Democrat,NA,NA,NA,NA,NA,NA,NA,NA,247,NA,17521,NA,NA,NA,NA,NA,NA,NA,NA,NA,NA,44,NA,NA,NA,NA,NA,NA,NA,NA,NA,2,Weak D,1,Democrat,0,Non-MAGA,Somewhat liberal,0,2,Control D,0,0,Control,13,78,14,78,NA,NA,NA,NA,NA,NA,73,11,3,6,6,20,NA,NA,NA,NA,NA,NA,95,28,63,71,64,68,3,strong,2,3.3333333333333335,0,0,0,0,0,1,0,0,0,78,78,13,14,1,0,1,0,1,-1,2.6666666666666665,19.833333333333332,64.83333333333333,64.83333333333333,NA,23.25,13,64.25,66,73,11,3,6,6,20,95,28,63,71,64,68
NA,NA,0,NA,100,362,1,NA,NA,NA,NA,NA,NA,39.5214,-85.7769,NA,NA,1,1,1,2,NA,1,NA,NA,NA,NA,0,NA,NA,NA,3,4,3,3,4,4,4,76,68,2,1,NA,NA,1,1,1,1,NA,NA,4,NA,NA,4,3,4,4,NA,NA,NA,NA,82,66,NA,NA,NA,NA,NA,NA,NA,NA,NA,NA,NA,NA,3,2,1,39,80,24,60,3,50,0,40,0,37,1,63,0,NA,NA,NA,treatment,Democrat,NA,NA,NA,NA,NA,NA,NA,NA,368,NA,2514,NA,NA,NA,NA,NA,NA,NA,NA,NA,NA,37,NA,NA,NA,NA,NA,NA,NA,NA,NA,1,Strong D,1,Democrat,0,Non-MAGA,Very liberal,1,4,Treatment D,0,1,Mismatch,68,76,66,82,NA,NA,NA,NA,NA,NA,39,24,3,0,0,1,NA,NA,NA,NA,NA,NA,80,60,50,40,37,63,3.25,strong,2,4,1,0,0,1,1,1,1,0,0,76,82,68,66,-2,6,-8,6,-2,8,2,11.166666666666666,55,55,NA,16.5,0.5,57.5,50,39,24,3,0,0,1,80,60,50,40,37,63
NA,NA,0,NA,100,367,1,NA,NA,NA,NA,NA,NA,41.3219,-73.0816,NA,NA,1,1,2,1,NA,6,3,3,3,4,0,3,3,3,NA,NA,NA,NA,NA,NA,NA,43,61,2,NA,NA,NA,NA,NA,1,1,NA,NA,NA,NA,NA,NA,NA,4,2,NA,2,2,2,47,61,24,34,35,39,25,45,40,64,5,18,16,32,NA,NA,NA,NA,NA,NA,NA,NA,NA,NA,NA,NA,NA,NA,NA,1,NA,NA,NA,control,Republican,NA,NA,NA,NA,NA,NA,NA,NA,373,NA,20419,NA,NA,NA,NA,NA,NA,NA,NA,NA,NA,39,NA,NA,NA,NA,NA,NA,NA,NA,NA,6,Weak R,2,Republican,1,Non-MAGA,Somewhat conservative,0,1,Control R,0,0,Control,61,43,61,47,24,35,25,40,5,16,NA,NA,NA,NA,NA,NA,34,39,45,64,18,32,NA,NA,NA,NA,NA,NA,3.25,strong,2,3,0,0,0,0,0,1,1,0,0,61,61,43,47,0,4,-4,0,4,-4,2,24.166666666666668,38.666666666666664,NA,38.666666666666664,31,10.5,45.5,25,24,35,25,40,5,16,34,39,45,64,18,32
NA,NA,0,NA,100,253,1,NA,NA,NA,NA,NA,NA,32.3974,-93.8052,NA,NA,1,1,2,2,NA,6,3,3,3,4,1,4,4,3,NA,NA,NA,NA,NA,NA,NA,0,80,2,NA,NA,NA,1,NA,NA,NA,NA,NA,NA,NA,NA,4,NA,NA,NA,NA,5,3,1,0,80,20,60,0,9,0,5,0,5,0,10,0,10,NA,NA,NA,NA,NA,NA,NA,NA,NA,NA,NA,NA,NA,NA,NA,2,NA,NA,NA,treatment,Republican,NA,NA,NA,NA,NA,NA,NA,NA,262,NA,16029,NA,NA,NA,NA,NA,NA,NA,NA,NA,NA,72,NA,NA,NA,NA,NA,NA,NA,NA,NA,7,Strong R,2,Republican,1,MAGA,Somewhat conservative,1,3,Treatment R,1,2,Match,80,0,80,0,20,0,0,0,0,0,NA,NA,NA,NA,NA,NA,60,9,5,5,10,10,NA,NA,NA,NA,NA,NA,3.25,strong,2,3.6666666666666665,0,0,0,1,0,0,0,0,0,80,80,0,0,0,0,0,0,0,0,3,3.3333333333333335,16.5,NA,16.5,5,0,19.75,10,20,0,0,0,0,0,60,9,5,5,10,10
NA,NA,0,NA,100,337,1,NA,NA,NA,NA,NA,NA,30.3314,-97.8666,NA,NA,1,1,2,1,NA,6,2,3,3,3,1,4,4,2,NA,NA,NA,NA,NA,NA,NA,10,80,2,NA,NA,NA,NA,NA,NA,NA,1,NA,NA,NA,NA,NA,NA,NA,NA,4,5,3,1,10,80,0,10,0,0,0,0,0,0,0,0,0,10,NA,NA,NA,NA,NA,NA,NA,NA,NA,NA,NA,NA,NA,NA,NA,2,NA,NA,NA,control,Republican,NA,NA,NA,NA,NA,NA,NA,NA,348,NA,5091,NA,NA,NA,NA,NA,NA,NA,NA,NA,NA,71,NA,NA,NA,NA,NA,NA,NA,NA,NA,6,Weak R,2,Republican,1,MAGA,Somewhat conservative,0,1,Control R,0,0,Control,80,10,80,10,0,0,0,0,0,0,NA,NA,NA,NA,NA,NA,10,0,0,0,0,10,NA,NA,NA,NA,NA,NA,2.75,medium,1,3.3333333333333335,0,0,0,0,0,0,0,1,0,80,80,10,10,0,0,0,0,0,0,3,0,3.3333333333333335,NA,3.3333333333333335,0,0,2.5,5,0,0,0,0,0,0,10,0,0,0,0,10
NA,NA,0,NA,100,290,1,NA,NA,NA,NA,NA,NA,40.6941,-75.2904,NA,NA,1,1,1,2,NA,2,NA,NA,NA,NA,0,NA,NA,NA,4,4,4,4,2,2,1,81,6,2,1,NA,NA,1,NA,NA,NA,NA,NA,4,NA,NA,4,NA,NA,NA,NA,NA,NA,NA,91,0,NA,NA,NA,NA,NA,NA,NA,NA,NA,NA,NA,NA,5,5,5,93,5,3,3,60,6,9,0,9,87,5,89,0,NA,NA,NA,treatment,Democrat,NA,NA,NA,NA,NA,NA,NA,NA,301,NA,219,NA,NA,NA,NA,NA,NA,NA,NA,NA,NA,29,NA,NA,NA,NA,NA,NA,NA,NA,NA,1,Strong D,1,Democrat,0,Non-MAGA,Somewhat liberal,1,4,Treatment D,0,1,Mismatch,6,81,0,91,NA,NA,NA,NA,NA,NA,93,3,60,9,9,5,NA,NA,NA,NA,NA,NA,5,3,6,0,87,89,4,strong,2,1.6666666666666667,1,0,0,1,0,0,0,0,0,81,91,6,0,-6,10,-16,10,-6,16,5,29.833333333333332,31.666666666666668,31.666666666666668,NA,41.25,7,3.5,88,93,3,60,9,9,5,5,3,6,0,87,89
NA,NA,0,NA,100,378,1,NA,NA,NA,NA,NA,NA,37.7022,-121.9358,NA,NA,1,1,1,2,NA,2,NA,NA,NA,NA,0,NA,NA,NA,4,5,4,5,2,3,2,100,30,2,1,NA,NA,1,1,1,1,NA,NA,4,NA,NA,5,4,4,4,NA,NA,NA,NA,100,30,NA,NA,NA,NA,NA,NA,NA,NA,NA,NA,NA,NA,2,1,1,75,85,0,15,0,3,0,4,0,4,0,10,0,NA,NA,NA,treatment,Democrat,NA,NA,NA,NA,NA,NA,NA,NA,385,NA,13197,NA,NA,NA,NA,NA,NA,NA,NA,NA,NA,60,NA,NA,NA,NA,NA,NA,NA,NA,NA,1,Strong D,1,Democrat,0,Non-MAGA,Somewhat liberal,1,4,Treatment D,0,1,Mismatch,30,100,30,100,NA,NA,NA,NA,NA,NA,75,0,0,0,0,0,NA,NA,NA,NA,NA,NA,85,15,3,4,4,10,4.5,strong,2,2.3333333333333335,1,0,0,1,1,1,1,0,0,100,100,30,30,0,0,0,0,0,0,1.3333333333333333,12.5,20.166666666666668,20.166666666666668,NA,18.75,0,26.75,7,75,0,0,0,0,0,85,15,3,4,4,10
NA,NA,0,NA,100,362,1,NA,NA,NA,NA,NA,NA,38.3048,-85.5865,NA,NA,1,1,1,2,NA,1,NA,NA,NA,NA,0,NA,NA,NA,4,4,3,4,4,4,2,81,10,2,1,NA,NA,1,NA,NA,NA,NA,NA,2,NA,NA,5,NA,NA,NA,NA,NA,NA,NA,80,10,NA,NA,NA,NA,NA,NA,NA,NA,NA,NA,NA,NA,5,3,1,29,29,0,30,0,30,0,30,0,20,0,19,0,NA,NA,NA,treatment,Democrat,NA,NA,NA,NA,NA,NA,NA,NA,378,NA,9996,NA,NA,NA,NA,NA,NA,NA,NA,NA,NA,62,NA,NA,NA,NA,NA,NA,NA,NA,NA,1,Strong D,1,Democrat,0,Non-MAGA,Very liberal,1,4,Treatment D,0,1,Mismatch,10,81,10,80,NA,NA,NA,NA,NA,NA,29,0,0,0,0,0,NA,NA,NA,NA,NA,NA,29,30,30,30,20,19,3.75,strong,2,3.3333333333333335,1,0,0,1,0,0,0,0,0,81,80,10,10,0,-1,1,-1,0,-1,3,4.833333333333333,26.333333333333332,26.333333333333332,NA,7.25,0,29.75,19.5,29,0,0,0,0,0,29,30,30,30,20,19
NA,NA,0,NA,100,446,1,NA,NA,NA,NA,NA,NA,34.8712,-85.2908,NA,NA,1,1,2,2,NA,7,5,5,5,5,0,1,2,1,NA,NA,NA,NA,NA,NA,NA,0,100,2,NA,NA,NA,NA,NA,1,NA,NA,NA,NA,NA,NA,NA,NA,3,NA,NA,5,5,5,0,100,0,23,0,0,0,0,0,0,0,0,0,0,NA,NA,NA,NA,NA,NA,NA,NA,NA,NA,NA,NA,NA,NA,NA,1,NA,NA,NA,treatment,Republican,NA,NA,NA,NA,NA,NA,NA,NA,455,NA,6395,NA,NA,NA,NA,NA,NA,NA,NA,NA,NA,37,NA,NA,NA,NA,NA,NA,NA,NA,NA,7,Strong R,2,Republican,1,Non-MAGA,Very conservative,1,3,Treatment R,1,2,Match,100,0,100,0,0,0,0,0,0,0,NA,NA,NA,NA,NA,NA,23,0,0,0,0,0,NA,NA,NA,NA,NA,NA,5,strong,2,1.3333333333333333,0,0,0,0,0,1,0,0,0,100,100,0,0,0,0,0,0,0,0,5,0,3.8333333333333335,NA,3.8333333333333335,0,0,5.75,0,0,0,0,0,0,0,23,0,0,0,0,0
NA,NA,0,NA,100,429,1,NA,NA,NA,NA,NA,NA,40.0284,-98.0813,NA,NA,1,1,1,2,NA,2,NA,NA,NA,NA,0,NA,NA,NA,2,2,2,2,3,3,2,59,16,2,NA,NA,NA,NA,NA,NA,NA,1,NA,NA,NA,NA,NA,NA,NA,NA,3,NA,NA,NA,57,17,NA,NA,NA,NA,NA,NA,NA,NA,NA,NA,NA,NA,5,4,2,79,92,70,83,23,70,21,63,44,71,24,61,0,NA,NA,NA,control,Democrat,NA,NA,NA,NA,NA,NA,NA,NA,442,NA,413,NA,NA,NA,NA,NA,NA,NA,NA,NA,NA,37,NA,NA,NA,NA,NA,NA,NA,NA,NA,1,Strong D,1,Democrat,0,Non-MAGA,Somewhat liberal,0,2,Control D,0,0,Control,16,59,17,57,NA,NA,NA,NA,NA,NA,79,70,23,21,44,24,NA,NA,NA,NA,NA,NA,92,83,70,63,71,61,2,medium,1,2.6666666666666665,0,0,0,0,0,0,0,1,0,59,57,16,17,1,-2,3,-2,1,-3,3.6666666666666665,43.5,73.33333333333333,73.33333333333333,NA,48.25,34,77,66,79,70,23,21,44,24,92,83,70,63,71,61
NA,NA,0,NA,100,303,1,NA,NA,NA,NA,NA,NA,40.718,-74.0733,NA,NA,1,1,1,1,NA,3,NA,NA,NA,NA,0,NA,NA,NA,4,4,4,5,2,2,2,62,31,2,1,NA,NA,1,NA,NA,1,NA,NA,4,NA,NA,3,NA,NA,3,NA,NA,NA,NA,73,28,NA,NA,NA,NA,NA,NA,NA,NA,NA,NA,NA,NA,4,4,4,33,64,27,82,20,81,10,86,15,72,14,80,0,NA,NA,NA,treatment,Democrat,NA,NA,NA,NA,NA,NA,NA,NA,310,NA,13750,NA,NA,NA,NA,NA,NA,NA,NA,NA,NA,29,NA,NA,NA,NA,NA,NA,NA,NA,NA,2,Weak D,1,Democrat,0,Non-MAGA,Slightly liberal,1,4,Treatment D,0,1,Mismatch,31,62,28,73,NA,NA,NA,NA,NA,NA,33,27,20,10,15,14,NA,NA,NA,NA,NA,NA,64,82,81,86,72,80,4.25,strong,2,2,1,0,0,1,0,0,1,0,0,62,73,31,28,-3,11,-14,11,-3,14,4,19.833333333333332,77.5,77.5,NA,22.5,14.5,78.25,76,33,27,20,10,15,14,64,82,81,86,72,80
NA,NA,0,NA,100,330,1,NA,NA,NA,NA,NA,NA,40.8339,-96.5444,NA,NA,1,1,1,2,NA,1,NA,NA,NA,NA,0,NA,NA,NA,1,1,1,1,2,3,2,20,10,2,NA,NA,NA,NA,NA,NA,NA,NA,1,NA,NA,NA,NA,NA,NA,NA,NA,NA,NA,NA,20,10,NA,NA,NA,NA,NA,NA,NA,NA,NA,NA,NA,NA,4,3,3,50,50,50,50,40,40,30,30,51,60,50,71,0,NA,NA,NA,control,Democrat,NA,NA,NA,NA,NA,NA,NA,NA,338,NA,5378,NA,NA,NA,NA,NA,NA,NA,NA,NA,NA,28,NA,NA,NA,NA,NA,NA,NA,NA,NA,1,Strong D,1,Democrat,0,Non-MAGA,Very liberal,0,2,Control D,0,0,Control,10,20,10,20,NA,NA,NA,NA,NA,NA,50,50,40,30,51,50,NA,NA,NA,NA,NA,NA,50,50,40,30,60,71,1,weak,0,2.3333333333333335,0,0,0,0,0,0,0,0,1,20,20,10,10,0,0,0,0,0,0,3.3333333333333335,45.166666666666664,50.166666666666664,50.166666666666664,NA,42.5,50.5,42.5,65.5,50,50,40,30,51,50,50,50,40,30,60,71
NA,NA,0,NA,100,385,1,NA,NA,NA,NA,NA,NA,35.7798,-78.6654,NA,NA,0.899999976158142,1,3,NA,3,7,1,3,1,2,1,3,3,3,NA,NA,NA,NA,NA,NA,NA,0,81,2,NA,NA,NA,NA,NA,1,NA,1,NA,NA,NA,NA,NA,NA,2,NA,3,5,5,4,0,81,60,95,80,75,76,66,55,45,90,65,40,19,NA,NA,NA,NA,NA,NA,NA,NA,NA,NA,NA,NA,NA,NA,NA,2,NA,NA,NA,control,Republican,NA,NA,NA,NA,NA,NA,NA,NA,400,NA,874,NA,NA,NA,NA,NA,NA,NA,NA,NA,NA,25,NA,NA,NA,NA,NA,NA,NA,NA,NA,5,Lean R,0,Independent,1,MAGA,Very conservative,0,1,Control R,0,0,Control,81,0,81,0,60,80,76,55,90,40,NA,NA,NA,NA,NA,NA,95,75,66,45,65,19,NA,NA,NA,NA,NA,NA,1.75,medium,1,3,0,0,0,0,0,1,0,1,0,81,81,0,0,0,0,0,0,0,0,4.666666666666667,66.83333333333333,60.833333333333336,NA,60.833333333333336,67.75,65,70.25,42,60,80,76,55,90,40,95,75,66,45,65,19
NA,NA,0,NA,100,416,1,NA,NA,NA,NA,NA,NA,34.0609,-118.2414,NA,NA,1,1,2,1,NA,6,4,3,2,3,1,2,2,1,NA,NA,NA,NA,NA,NA,NA,34,85,2,NA,NA,NA,NA,NA,NA,NA,NA,1,NA,NA,NA,NA,NA,NA,NA,NA,4,4,4,34,85,70,15,85,15,65,70,30,60,30,40,30,60,NA,NA,NA,NA,NA,NA,NA,NA,NA,NA,NA,NA,NA,NA,NA,2,NA,NA,NA,control,Republican,NA,NA,NA,NA,NA,NA,NA,NA,423,NA,297,NA,NA,NA,NA,NA,NA,NA,NA,NA,NA,36,NA,NA,NA,NA,NA,NA,NA,NA,NA,6,Weak R,2,Republican,1,MAGA,Somewhat conservative,0,1,Control R,0,0,Control,85,34,85,34,70,85,65,30,30,30,NA,NA,NA,NA,NA,NA,15,15,70,60,40,60,NA,NA,NA,NA,NA,NA,3,strong,2,1.6666666666666667,0,0,0,0,0,0,0,0,1,85,85,34,34,0,0,0,0,0,0,4,51.666666666666664,43.333333333333336,NA,43.333333333333336,62.5,30,40,50,70,85,65,30,30,30,15,15,70,60,40,60
NA,NA,0,NA,100,399,1,NA,NA,NA,NA,NA,NA,40.3141,-112.0069,NA,NA,1,1,2,2,NA,6,3,4,4,4,0,3,4,3,NA,NA,NA,NA,NA,NA,NA,45,80,2,NA,NA,NA,NA,NA,NA,NA,1,NA,NA,NA,NA,NA,NA,NA,NA,3,3,2,1,45,80,10,60,0,35,0,10,0,0,0,15,0,10,NA,NA,NA,NA,NA,NA,NA,NA,NA,NA,NA,NA,NA,NA,NA,1,NA,NA,NA,control,Republican,NA,NA,NA,NA,NA,NA,NA,NA,408,NA,700,NA,NA,NA,NA,NA,NA,NA,NA,NA,NA,43,NA,NA,NA,NA,NA,NA,NA,NA,NA,7,Strong R,2,Republican,1,Non-MAGA,Somewhat conservative,0,1,Control R,0,0,Control,80,45,80,45,10,0,0,0,0,0,NA,NA,NA,NA,NA,NA,60,35,10,0,15,10,NA,NA,NA,NA,NA,NA,3.75,strong,2,3.3333333333333335,0,0,0,0,0,0,0,1,0,80,80,45,45,0,0,0,0,0,0,2,1.6666666666666667,21.666666666666668,NA,21.666666666666668,2.5,0,26.25,12.5,10,0,0,0,0,0,60,35,10,0,15,10
NA,NA,0,NA,100,444,1,NA,NA,NA,NA,NA,NA,38.3746,-97.673,NA,NA,1,1,2,1,NA,5,2,2,1,2,0,3,3,3,NA,NA,NA,NA,NA,NA,NA,44,55,2,1,NA,NA,1,1,1,NA,NA,NA,3,NA,NA,4,4,2,NA,NA,2,1,2,45,54,50,73,22,37,1,23,0,22,3,36,2,39,NA,NA,NA,NA,NA,NA,NA,NA,NA,NA,NA,NA,NA,NA,NA,1,NA,NA,NA,control,Republican,NA,NA,NA,NA,NA,NA,NA,NA,451,NA,20086,NA,NA,NA,NA,NA,NA,NA,NA,NA,NA,43,NA,NA,NA,NA,NA,NA,NA,NA,NA,6,Weak R,2,Republican,1,Non-MAGA,Slightly conservative,0,1,Control R,0,0,Control,55,44,54,45,50,22,1,0,3,2,NA,NA,NA,NA,NA,NA,73,37,23,22,36,39,NA,NA,NA,NA,NA,NA,1.75,medium,1,3,1,0,0,1,1,1,0,0,0,55,54,44,45,-1,1,-2,-1,1,-2,1.6666666666666667,13,38.333333333333336,NA,38.333333333333336,18.25,2.5,38.75,37.5,50,22,1,0,3,2,73,37,23,22,36,39
NA,NA,0,NA,100,230,1,NA,NA,NA,NA,NA,NA,34.8308,-82.3507,NA,NA,1,1,3,NA,1,3,NA,NA,NA,NA,0,NA,NA,NA,3,3,2,3,2,3,2,70,20,2,NA,NA,NA,NA,NA,NA,NA,1,NA,NA,NA,NA,NA,NA,NA,NA,3,NA,NA,NA,75,20,NA,NA,NA,NA,NA,NA,NA,NA,NA,NA,NA,NA,4,4,4,40,40,30,30,0,0,20,20,0,30,0,35,0,NA,NA,NA,control,Democrat,NA,NA,NA,NA,NA,NA,NA,NA,237,NA,883,NA,NA,NA,NA,NA,NA,NA,NA,NA,NA,37,NA,NA,NA,NA,NA,NA,NA,NA,NA,3,Lean D,0,Independent,0,Non-MAGA,Slightly liberal,0,2,Control D,0,0,Control,20,70,20,75,NA,NA,NA,NA,NA,NA,40,30,0,20,0,0,NA,NA,NA,NA,NA,NA,40,30,0,20,30,35,2.75,medium,1,2.3333333333333335,0,0,0,0,0,0,0,1,0,70,75,20,20,0,5,-5,5,0,5,12,15,25.833333333333332,25.833333333333332,NA,22.5,0,22.5,32.5,40,30,0,20,0,0,40,30,0,20,30,35
NA,NA,0,NA,100,418,1,NA,NA,NA,NA,NA,NA,36.1219,-79.7777,NA,NA,0.899999976158142,1,3,NA,3,4,3,3,2,3,0,4,4,4,NA,NA,NA,NA,NA,NA,NA,61,71,2,NA,NA,NA,NA,NA,1,1,NA,NA,NA,NA,NA,NA,NA,3,4,NA,1,1,1,61,71,0,30,0,30,0,0,0,30,0,20,0,20,NA,NA,NA,NA,NA,NA,NA,NA,NA,NA,NA,NA,NA,NA,NA,1,NA,NA,NA,control,Republican,NA,NA,NA,NA,NA,NA,NA,NA,430,NA,8845,NA,NA,NA,NA,NA,NA,NA,NA,NA,NA,61,NA,NA,NA,NA,NA,NA,NA,NA,NA,5,Lean R,0,Independent,1,Non-MAGA,Moderate,0,1,Control R,0,0,Control,71,61,71,61,0,0,0,0,0,0,NA,NA,NA,NA,NA,NA,30,30,0,30,20,20,NA,NA,NA,NA,NA,NA,2.75,medium,1,4,0,0,0,0,0,1,1,0,0,71,71,61,61,0,0,0,0,0,0,1,0,21.666666666666668,NA,21.666666666666668,0,0,22.5,20,0,0,0,0,0,0,30,30,0,30,20,20
NA,NA,0,NA,100,475,1,NA,NA,NA,NA,NA,NA,33.4656,-111.9956,NA,NA,1,1,2,1,NA,5,4,3,3,3,0,2,3,2,NA,NA,NA,NA,NA,NA,NA,41,71,2,NA,NA,NA,NA,NA,NA,NA,1,NA,NA,NA,NA,NA,NA,NA,NA,4,4,2,2,40,71,36,40,41,41,20,19,20,19,19,22,26,30,NA,NA,NA,NA,NA,NA,NA,NA,NA,NA,NA,NA,NA,NA,NA,1,NA,NA,NA,control,Republican,NA,NA,NA,NA,NA,NA,NA,NA,493,NA,431,NA,NA,NA,NA,NA,NA,NA,NA,NA,NA,29,NA,NA,NA,NA,NA,NA,NA,NA,NA,6,Weak R,2,Republican,1,Non-MAGA,Slightly conservative,0,1,Control R,0,0,Control,71,41,71,40,36,41,20,20,19,26,NA,NA,NA,NA,NA,NA,40,41,19,19,22,30,NA,NA,NA,NA,NA,NA,3.25,strong,2,2.3333333333333335,0,0,0,0,0,0,0,1,0,71,71,41,40,0,-1,1,0,-1,1,2.6666666666666665,27,28.5,NA,28.5,29.25,22.5,29.75,26,36,41,20,20,19,26,40,41,19,19,22,30
NA,NA,0,NA,100,521,1,NA,NA,NA,NA,NA,NA,39.9664,-75.1685,NA,NA,1,1,3,NA,1,4,NA,NA,NA,NA,0,NA,NA,NA,1,2,1,2,3,4,4,50,40,2,NA,NA,NA,NA,NA,NA,NA,NA,1,NA,NA,NA,NA,NA,NA,NA,NA,NA,NA,NA,50,40,NA,NA,NA,NA,NA,NA,NA,NA,NA,NA,NA,NA,3,3,2,30,30,22,22,0,0,0,0,0,20,0,5,0,NA,NA,NA,control,Democrat,NA,NA,NA,NA,NA,NA,NA,NA,527,NA,17053,NA,NA,NA,NA,NA,NA,NA,NA,NA,NA,39,NA,NA,NA,NA,NA,NA,NA,NA,NA,3,Lean D,0,Independent,0,Non-MAGA,Moderate,0,2,Control D,0,0,Control,40,50,40,50,NA,NA,NA,NA,NA,NA,30,22,0,0,0,0,NA,NA,NA,NA,NA,NA,30,22,0,0,20,5,1.5,weak,1,3.6666666666666665,0,0,0,0,0,0,0,0,1,50,50,40,40,0,0,0,0,0,0,8,8.666666666666666,12.833333333333334,12.833333333333334,NA,13,0,13,12.5,30,22,0,0,0,0,30,22,0,0,20,5
NA,NA,0,NA,100,413,1,NA,NA,NA,NA,NA,NA,34.2423,-117.2748,NA,NA,1,1,1,2,NA,2,NA,NA,NA,NA,0,NA,NA,NA,5,5,3,4,2,3,1,100,0,2,NA,NA,NA,1,1,1,NA,NA,NA,NA,NA,NA,5,3,3,NA,NA,NA,NA,NA,100,0,NA,NA,NA,NA,NA,NA,NA,NA,NA,NA,NA,NA,4,3,3,0,0,0,0,0,0,0,0,0,0,0,30,0,NA,NA,NA,treatment,Democrat,NA,NA,NA,NA,NA,NA,NA,NA,578,NA,106,NA,NA,NA,NA,NA,NA,NA,NA,NA,NA,37,NA,NA,NA,NA,NA,NA,NA,NA,NA,1,Strong D,1,Democrat,0,Non-MAGA,Somewhat liberal,1,4,Treatment D,0,1,Mismatch,0,100,0,100,NA,NA,NA,NA,NA,NA,0,0,0,0,0,0,NA,NA,NA,NA,NA,NA,0,0,0,0,0,30,4.25,strong,2,2,0,0,0,1,1,1,0,0,0,100,100,0,0,0,0,0,0,0,0,3.3333333333333335,0,5,5,NA,0,0,0,15,0,0,0,0,0,0,0,0,0,0,0,30
NA,NA,0,NA,100,306,1,NA,NA,NA,NA,NA,NA,42.1124,-87.979,NA,NA,1,1,3,NA,1,2,NA,NA,NA,NA,0,NA,NA,NA,2,3,1,3,1,2,1,73,12,2,NA,NA,NA,NA,1,1,NA,NA,NA,NA,NA,NA,NA,3,4,NA,NA,NA,NA,NA,74,9,NA,NA,NA,NA,NA,NA,NA,NA,NA,NA,NA,NA,5,3,2,14,79,0,84,0,28,0,58,0,64,0,72,0,NA,NA,NA,control,Democrat,NA,NA,NA,NA,NA,NA,NA,NA,315,NA,19423,NA,NA,NA,NA,NA,NA,NA,NA,NA,NA,65,NA,NA,NA,NA,NA,NA,NA,NA,NA,3,Lean D,0,Independent,0,Non-MAGA,Somewhat liberal,0,2,Control D,0,0,Control,12,73,9,74,NA,NA,NA,NA,NA,NA,14,0,0,0,0,0,NA,NA,NA,NA,NA,NA,79,84,28,58,64,72,2.25,medium,1,1.3333333333333333,0,0,0,0,1,1,0,0,0,73,74,12,9,-3,1,-4,1,-3,4,10,2.3333333333333335,64.16666666666667,64.16666666666667,NA,3.5,0,62.25,68,14,0,0,0,0,0,79,84,28,58,64,72
NA,NA,0,NA,100,329,1,NA,NA,NA,NA,NA,NA,43.0757,-89.203,NA,NA,1,1,1,2,NA,2,NA,NA,NA,NA,0,NA,NA,NA,4,4,4,4,2,3,1,65,10,2,1,NA,NA,1,1,NA,1,NA,NA,4,NA,NA,5,2,NA,2,NA,NA,NA,NA,65,15,NA,NA,NA,NA,NA,NA,NA,NA,NA,NA,NA,NA,4,2,1,25,70,5,55,0,15,0,15,0,10,0,10,0,NA,NA,NA,treatment,Democrat,NA,NA,NA,NA,NA,NA,NA,NA,337,NA,488,NA,NA,NA,NA,NA,NA,NA,NA,NA,NA,48,NA,NA,NA,NA,NA,NA,NA,NA,NA,1,Strong D,1,Democrat,0,Non-MAGA,Somewhat liberal,1,4,Treatment D,0,1,Mismatch,10,65,15,65,NA,NA,NA,NA,NA,NA,25,5,0,0,0,0,NA,NA,NA,NA,NA,NA,70,55,15,15,10,10,4,strong,2,2,1,0,0,1,1,0,1,0,0,65,65,10,15,5,0,5,0,5,-5,2.3333333333333335,5,29.166666666666668,29.166666666666668,NA,7.5,0,38.75,10,25,5,0,0,0,0,70,55,15,15,10,10
NA,NA,0,NA,100,317,1,NA,NA,NA,NA,NA,NA,42.5064,-83.4069,NA,NA,1,1,1,1,NA,3,NA,NA,NA,NA,0,NA,NA,NA,2,2,1,2,1,1,1,60,0,2,1,NA,NA,1,1,1,1,NA,NA,5,NA,NA,5,5,5,5,NA,NA,NA,NA,60,0,NA,NA,NA,NA,NA,NA,NA,NA,NA,NA,NA,NA,5,5,5,60,100,100,100,50,100,75,100,50,100,50,100,0,NA,NA,NA,treatment,Democrat,NA,NA,NA,NA,NA,NA,NA,NA,331,NA,344,NA,NA,NA,NA,NA,NA,NA,NA,NA,NA,39,NA,NA,NA,NA,NA,NA,NA,NA,NA,2,Weak D,1,Democrat,0,Non-MAGA,Slightly liberal,1,4,Treatment D,0,1,Mismatch,0,60,0,60,NA,NA,NA,NA,NA,NA,60,100,50,75,50,50,NA,NA,NA,NA,NA,NA,100,100,100,100,100,100,1.75,medium,1,1,1,0,0,1,1,1,1,0,0,60,60,0,0,0,0,0,0,0,0,5,64.16666666666667,100,100,NA,71.25,50,100,100,60,100,50,75,50,50,100,100,100,100,100,100
NA,NA,0,NA,100,250,1,NA,NA,NA,NA,NA,NA,40.4064,-79.9856,NA,NA,1,1,1,2,NA,1,NA,NA,NA,NA,0,NA,NA,NA,2,2,2,2,1,2,2,40,0,2,NA,1,NA,NA,NA,1,NA,NA,NA,NA,3,NA,NA,NA,2,NA,NA,NA,NA,NA,40,0,NA,NA,NA,NA,NA,NA,NA,NA,NA,NA,NA,NA,5,4,1,100,100,100,80,40,35,35,35,45,40,30,45,0,NA,NA,NA,control,Democrat,NA,NA,NA,NA,NA,NA,NA,NA,259,NA,1324,NA,NA,NA,NA,NA,NA,NA,NA,NA,NA,38,NA,NA,NA,NA,NA,NA,NA,NA,NA,1,Strong D,1,Democrat,0,Non-MAGA,Very liberal,0,2,Control D,0,0,Control,0,40,0,40,NA,NA,NA,NA,NA,NA,100,100,40,35,45,30,NA,NA,NA,NA,NA,NA,100,80,35,35,40,45,2,medium,1,1.6666666666666667,0,1,0,0,0,1,0,0,0,40,40,0,0,0,0,0,0,0,0,3.3333333333333335,58.333333333333336,55.833333333333336,55.833333333333336,NA,68.75,37.5,62.5,42.5,100,100,40,35,45,30,100,80,35,35,40,45
NA,NA,0,NA,100,242,1,NA,NA,NA,NA,NA,NA,39.9769,-74.1601,NA,NA,0.899999976158142,1,3,NA,1,1,NA,NA,NA,NA,0,NA,NA,NA,1,2,2,2,2,2,1,35,10,2,NA,NA,NA,NA,NA,NA,NA,1,NA,NA,NA,NA,NA,NA,NA,NA,3,NA,NA,NA,35,10,NA,NA,NA,NA,NA,NA,NA,NA,NA,NA,NA,NA,5,4,1,20,20,35,30,100,60,0,0,0,0,0,0,0,NA,NA,NA,control,Democrat,NA,NA,NA,NA,NA,NA,NA,NA,249,NA,121,NA,NA,NA,NA,NA,NA,NA,NA,NA,NA,26,NA,NA,NA,NA,NA,NA,NA,NA,NA,3,Lean D,0,Independent,0,Non-MAGA,Very liberal,0,2,Control D,0,0,Control,10,35,10,35,NA,NA,NA,NA,NA,NA,20,35,100,0,0,0,NA,NA,NA,NA,NA,NA,20,30,60,0,0,0,1.75,medium,1,1.6666666666666667,0,0,0,0,0,0,0,1,0,35,35,10,10,0,0,0,0,0,0,10,25.833333333333332,18.333333333333332,18.333333333333332,NA,38.75,0,27.5,0,20,35,100,0,0,0,20,30,60,0,0,0
NA,NA,0,NA,100,290,1,NA,NA,NA,NA,NA,NA,42.8859,-71.299,NA,NA,1,1,3,NA,3,5,1,2,1,1,0,3,3,3,NA,NA,NA,NA,NA,NA,NA,8,10,2,NA,1,1,NA,1,1,1,NA,NA,NA,2,2,NA,2,4,4,NA,3,1,1,8,10,10,69,0,54,0,21,0,8,0,19,0,7,NA,NA,NA,NA,NA,NA,NA,NA,NA,NA,NA,NA,NA,NA,NA,1,NA,NA,NA,control,Republican,NA,NA,NA,NA,NA,NA,NA,NA,301,NA,13700,NA,NA,NA,NA,NA,NA,NA,NA,NA,NA,54,NA,NA,NA,NA,NA,NA,NA,NA,NA,5,Lean R,0,Independent,1,Non-MAGA,Slightly conservative,0,1,Control R,0,0,Control,10,8,10,8,10,0,0,0,0,0,NA,NA,NA,NA,NA,NA,69,54,21,8,19,7,NA,NA,NA,NA,NA,NA,1.25,weak,NA,3,0,1,1,0,1,1,1,0,0,10,10,8,8,0,0,0,0,0,0,1.6666666666666667,1.6666666666666667,29.666666666666668,NA,29.666666666666668,2.5,0,38,13,10,0,0,0,0,0,69,54,21,8,19,7
NA,NA,0,NA,100,548,1,NA,NA,NA,NA,NA,NA,37.2972,-120.4639,NA,NA,1,1,2,1,NA,5,3,3,3,2,0,3,3,4,NA,NA,NA,NA,NA,NA,NA,31,66,2,1,1,1,1,NA,NA,NA,NA,NA,2,3,3,3,NA,NA,NA,NA,4,4,1,31,66,60,70,0,10,0,10,0,0,0,0,0,0,NA,NA,NA,NA,NA,NA,NA,NA,NA,NA,NA,NA,NA,NA,NA,1,NA,NA,NA,treatment,Republican,NA,NA,NA,NA,NA,NA,NA,NA,558,NA,2170,NA,NA,NA,NA,NA,NA,NA,NA,NA,NA,55,NA,NA,NA,NA,NA,NA,NA,NA,NA,6,Weak R,2,Republican,1,Non-MAGA,Slightly conservative,1,3,Treatment R,1,2,Match,66,31,66,31,60,0,0,0,0,0,NA,NA,NA,NA,NA,NA,70,10,10,0,0,0,NA,NA,NA,NA,NA,NA,2.75,medium,1,3.3333333333333335,1,1,1,1,0,0,0,0,0,66,66,31,31,0,0,0,0,0,0,3,10,15,NA,15,15,0,22.5,0,60,0,0,0,0,0,70,10,10,0,0,0
NA,NA,0,NA,100,350,1,NA,NA,NA,NA,NA,NA,40.8905,-74.0504,NA,NA,1,1,1,2,NA,2,NA,NA,NA,NA,0,NA,NA,NA,5,5,5,5,2,3,2,90,0,2,NA,NA,NA,1,NA,NA,NA,NA,NA,NA,NA,NA,2,NA,NA,NA,NA,NA,NA,NA,90,0,NA,NA,NA,NA,NA,NA,NA,NA,NA,NA,NA,NA,4,4,1,30,0,30,0,0,0,0,0,30,100,0,100,0,NA,NA,NA,control,Democrat,NA,NA,NA,NA,NA,NA,NA,NA,357,NA,468,NA,NA,NA,NA,NA,NA,NA,NA,NA,NA,44,NA,NA,NA,NA,NA,NA,NA,NA,NA,1,Strong D,1,Democrat,0,Non-MAGA,Somewhat liberal,0,2,Control D,0,0,Control,0,90,0,90,NA,NA,NA,NA,NA,NA,30,30,0,0,30,0,NA,NA,NA,NA,NA,NA,0,0,0,0,100,100,5,strong,2,2.3333333333333335,0,0,0,1,0,0,0,0,0,90,90,0,0,0,0,0,0,0,0,3,15,33.333333333333336,33.333333333333336,NA,15,15,0,100,30,30,0,0,30,0,0,0,0,0,100,100
NA,NA,0,NA,100,291,1,NA,NA,NA,NA,NA,NA,33.7485,-84.3871,NA,NA,1,1,2,1,NA,6,2,2,2,2,0,3,3,2,NA,NA,NA,NA,NA,NA,NA,29,57,2,NA,NA,NA,1,1,1,1,NA,NA,NA,NA,NA,3,3,4,3,NA,3,3,2,29,56,18,45,34,53,0,29,0,25,0,9,0,9,NA,NA,NA,NA,NA,NA,NA,NA,NA,NA,NA,NA,NA,NA,NA,1,NA,NA,NA,treatment,Republican,NA,NA,NA,NA,NA,NA,NA,NA,300,NA,6548,NA,NA,NA,NA,NA,NA,NA,NA,NA,NA,30,NA,NA,NA,NA,NA,NA,NA,NA,NA,6,Weak R,2,Republican,1,Non-MAGA,Somewhat conservative,1,3,Treatment R,1,2,Match,57,29,56,29,18,34,0,0,0,0,NA,NA,NA,NA,NA,NA,45,53,29,25,9,9,NA,NA,NA,NA,NA,NA,2,medium,1,2.6666666666666665,0,0,0,1,1,1,1,0,0,57,56,29,29,-1,0,-1,-1,0,-1,2.6666666666666665,8.666666666666666,28.333333333333332,NA,28.333333333333332,13,0,38,9,18,34,0,0,0,0,45,53,29,25,9,9
NA,NA,0,NA,100,559,1,NA,NA,NA,NA,NA,NA,41.874,-71.3844,NA,NA,1,1,1,2,NA,1,NA,NA,NA,NA,0,NA,NA,NA,5,5,5,5,2,3,1,90,2,2,1,NA,NA,1,NA,NA,NA,NA,NA,5,NA,NA,5,NA,NA,NA,NA,NA,NA,NA,92,0,NA,NA,NA,NA,NA,NA,NA,NA,NA,NA,NA,NA,5,5,4,70,99,10,75,0,65,0,89,87,92,5,100,0,NA,NA,NA,treatment,Democrat,NA,NA,NA,NA,NA,NA,NA,NA,632,NA,307,NA,NA,NA,NA,NA,NA,NA,NA,NA,NA,57,NA,NA,NA,NA,NA,NA,NA,NA,NA,1,Strong D,1,Democrat,0,Non-MAGA,Very liberal,1,4,Treatment D,0,1,Mismatch,2,90,0,92,NA,NA,NA,NA,NA,NA,70,10,0,0,87,5,NA,NA,NA,NA,NA,NA,99,75,65,89,92,100,5,strong,2,2,1,0,0,1,0,0,0,0,0,90,92,2,0,-2,2,-4,2,-2,4,4.666666666666667,28.666666666666668,86.66666666666667,86.66666666666667,NA,20,46,82,96,70,10,0,0,87,5,99,75,65,89,92,100
NA,NA,0,NA,100,367,1,NA,NA,NA,NA,NA,NA,33.395,-86.8348,NA,NA,1,1,1,1,NA,2,NA,NA,NA,NA,0,NA,NA,NA,2,3,1,2,3,3,2,60,18,2,1,1,NA,1,1,1,NA,NA,NA,4,3,NA,5,4,4,NA,NA,NA,NA,NA,66,10,NA,NA,NA,NA,NA,NA,NA,NA,NA,NA,NA,NA,1,2,1,85,82,32,87,0,90,0,92,0,48,28,80,0,NA,NA,NA,treatment,Democrat,NA,NA,NA,NA,NA,NA,NA,NA,374,NA,143,NA,NA,NA,NA,NA,NA,NA,NA,NA,NA,33,NA,NA,NA,NA,NA,NA,NA,NA,NA,2,Weak D,1,Democrat,0,Non-MAGA,Somewhat liberal,1,4,Treatment D,0,1,Mismatch,18,60,10,66,NA,NA,NA,NA,NA,NA,85,32,0,0,0,28,NA,NA,NA,NA,NA,NA,82,87,90,92,48,80,2,medium,1,2.6666666666666665,1,1,0,1,1,1,0,0,0,60,66,18,10,-8,6,-14,6,-8,14,1.3333333333333333,24.166666666666668,79.83333333333333,79.83333333333333,NA,29.25,14,87.75,64,85,32,0,0,0,28,82,87,90,92,48,80
NA,NA,0,NA,100,415,1,NA,NA,NA,NA,NA,NA,28.5436,-81.3738,NA,NA,1,1,3,NA,1,2,NA,NA,NA,NA,0,NA,NA,NA,2,2,2,2,3,4,2,60,10,2,NA,NA,NA,NA,NA,NA,NA,1,NA,NA,NA,NA,NA,NA,NA,NA,3,NA,NA,NA,60,10,NA,NA,NA,NA,NA,NA,NA,NA,NA,NA,NA,NA,5,5,2,75,90,70,100,10,33,5,50,15,33,10,45,0,NA,NA,NA,control,Democrat,NA,NA,NA,NA,NA,NA,NA,NA,488,NA,2545,NA,NA,NA,NA,NA,NA,NA,NA,NA,NA,29,NA,NA,NA,NA,NA,NA,NA,NA,NA,3,Lean D,0,Independent,0,Non-MAGA,Somewhat liberal,0,2,Control D,0,0,Control,10,60,10,60,NA,NA,NA,NA,NA,NA,75,70,10,5,15,10,NA,NA,NA,NA,NA,NA,90,100,33,50,33,45,2,medium,1,3,0,0,0,0,0,0,0,1,0,60,60,10,10,0,0,0,0,0,0,12,30.833333333333332,58.5,58.5,NA,40,12.5,68.25,39,75,70,10,5,15,10,90,100,33,50,33,45
NA,NA,0,NA,100,584,1,NA,NA,NA,NA,NA,NA,39.9587,-82.9987,NA,NA,0.800000011920929,1,3,NA,1,3,NA,NA,NA,NA,0,NA,NA,NA,2,3,3,2,3,3,2,57,17,2,1,NA,NA,1,1,1,NA,NA,NA,4,NA,NA,5,3,3,NA,NA,NA,NA,NA,57,15,NA,NA,NA,NA,NA,NA,NA,NA,NA,NA,NA,NA,4,3,2,67,95,45,88,35,60,10,40,35,77,45,70,0,NA,NA,NA,treatment,Democrat,NA,NA,NA,NA,NA,NA,NA,NA,594,NA,7936,NA,NA,NA,NA,NA,NA,NA,NA,NA,NA,60,NA,NA,NA,NA,NA,NA,NA,NA,NA,3,Lean D,0,Independent,0,Non-MAGA,Slightly liberal,1,4,Treatment D,0,1,Mismatch,17,57,15,57,NA,NA,NA,NA,NA,NA,67,45,35,10,35,45,NA,NA,NA,NA,NA,NA,95,88,60,40,77,70,2.5,medium,1,2.6666666666666665,1,0,0,1,1,1,0,0,0,57,57,17,15,-2,0,-2,0,-2,2,9,39.5,71.66666666666667,71.66666666666667,NA,39.25,40,70.75,73.5,67,45,35,10,35,45,95,88,60,40,77,70
NA,NA,0,NA,100,380,1,NA,NA,NA,NA,NA,NA,33.9168,-118.3432,NA,NA,1,1,1,1,NA,4,NA,NA,NA,NA,0,NA,NA,NA,3,4,1,2,3,4,4,81,67,2,NA,NA,NA,NA,NA,NA,NA,NA,1,NA,NA,NA,NA,NA,NA,NA,NA,NA,NA,NA,71,66,NA,NA,NA,NA,NA,NA,NA,NA,NA,NA,NA,NA,1,1,2,50,54,13,20,2,1,1,5,0,0,0,0,0,NA,NA,NA,treatment,Democrat,NA,NA,NA,NA,NA,NA,NA,NA,393,NA,10132,NA,NA,NA,NA,NA,NA,NA,NA,NA,NA,37,NA,NA,NA,NA,NA,NA,NA,NA,NA,2,Weak D,1,Democrat,0,Non-MAGA,Moderate,1,4,Treatment D,0,1,Mismatch,67,81,66,71,NA,NA,NA,NA,NA,NA,50,13,2,1,0,0,NA,NA,NA,NA,NA,NA,54,20,1,5,0,0,2.5,medium,1,3.6666666666666665,0,0,0,0,0,0,0,0,1,81,71,67,66,-1,-10,9,-10,-1,-9,1.3333333333333333,11,13.333333333333334,13.333333333333334,NA,16.5,0,20,0,50,13,2,1,0,0,54,20,1,5,0,0
NA,NA,0,NA,100,585,1,NA,NA,NA,NA,NA,NA,30.0318,-89.9712,NA,NA,1,1,3,NA,1,1,NA,NA,NA,NA,0,NA,NA,NA,3,2,1,1,3,1,2,66,0,2,1,NA,NA,1,NA,NA,NA,NA,NA,5,NA,NA,5,NA,NA,NA,NA,NA,NA,NA,70,0,NA,NA,NA,NA,NA,NA,NA,NA,NA,NA,NA,NA,5,4,2,95,95,0,100,0,81,0,76,0,86,50,86,0,NA,NA,NA,treatment,Democrat,NA,NA,NA,NA,NA,NA,NA,NA,594,NA,586,NA,NA,NA,NA,NA,NA,NA,NA,NA,NA,47,NA,NA,NA,NA,NA,NA,NA,NA,NA,3,Lean D,0,Independent,0,Non-MAGA,Very liberal,1,4,Treatment D,0,1,Mismatch,0,66,0,70,NA,NA,NA,NA,NA,NA,95,0,0,0,0,50,NA,NA,NA,NA,NA,NA,95,100,81,76,86,86,1.75,medium,1,2,1,0,0,1,0,0,0,0,0,66,70,0,0,0,4,-4,4,0,4,11,24.166666666666668,87.33333333333333,87.33333333333333,NA,23.75,25,88,86,95,0,0,0,0,50,95,100,81,76,86,86
NA,NA,0,NA,100,413,1,NA,NA,NA,NA,NA,NA,42.9332,-85.6531,NA,NA,1,1,1,2,NA,1,NA,NA,NA,NA,0,NA,NA,NA,4,4,5,4,2,3,1,80,3,2,1,1,NA,1,1,1,1,NA,NA,3,4,NA,5,4,4,5,NA,NA,NA,NA,75,0,NA,NA,NA,NA,NA,NA,NA,NA,NA,NA,NA,NA,5,4,3,55,100,30,100,0,75,0,90,5,90,0,92,0,NA,NA,NA,treatment,Democrat,NA,NA,NA,NA,NA,NA,NA,NA,423,NA,9926,NA,NA,NA,NA,NA,NA,NA,NA,NA,NA,62,NA,NA,NA,NA,NA,NA,NA,NA,NA,1,Strong D,1,Democrat,0,Non-MAGA,Very liberal,1,4,Treatment D,0,1,Mismatch,3,80,0,75,NA,NA,NA,NA,NA,NA,55,30,0,0,5,0,NA,NA,NA,NA,NA,NA,100,100,75,90,90,92,4.25,strong,2,2,1,1,0,1,1,1,1,0,0,80,75,3,0,-3,-5,2,-5,-3,-2,4,15,91.16666666666667,91.16666666666667,NA,21.25,2.5,91.25,91,55,30,0,0,5,0,100,100,75,90,90,92
NA,NA,0,NA,100,461,1,NA,NA,NA,NA,NA,NA,35.056,-89.8598,NA,NA,1,1,1,2,NA,2,NA,NA,NA,NA,0,NA,NA,NA,4,4,4,5,3,3,2,100,81,2,NA,NA,NA,NA,NA,NA,NA,1,NA,NA,NA,NA,NA,NA,NA,NA,4,NA,NA,NA,100,39,NA,NA,NA,NA,NA,NA,NA,NA,NA,NA,NA,NA,2,5,5,0,0,0,0,0,0,0,0,1,0,0,27,0,NA,NA,NA,control,Democrat,NA,NA,NA,NA,NA,NA,NA,NA,508,NA,3801,NA,NA,NA,NA,NA,NA,NA,NA,NA,NA,65,NA,NA,NA,NA,NA,NA,NA,NA,NA,1,Strong D,1,Democrat,0,Non-MAGA,Somewhat liberal,0,2,Control D,0,0,Control,81,100,39,100,NA,NA,NA,NA,NA,NA,0,0,0,0,1,0,NA,NA,NA,NA,NA,NA,0,0,0,0,0,27,4.25,strong,2,2.6666666666666665,0,0,0,0,0,0,0,1,0,100,100,81,39,-42,0,-42,0,-42,42,4,0.16666666666666666,4.5,4.5,NA,0,0.5,0,13.5,0,0,0,0,1,0,0,0,0,0,0,27
NA,NA,0,NA,100,641,1,NA,NA,NA,NA,NA,NA,29.9813,-90.1663,NA,NA,0.899999976158142,1,2,2,NA,7,5,5,1,5,0,3,3,3,NA,NA,NA,NA,NA,NA,NA,52,91,2,1,1,NA,1,1,1,NA,NA,NA,4,4,NA,3,5,5,NA,NA,2,2,1,71,79,27,73,8,26,1,9,9,28,11,34,18,29,NA,NA,NA,NA,NA,NA,NA,NA,NA,NA,NA,NA,NA,NA,NA,1,NA,NA,NA,treatment,Republican,NA,NA,NA,NA,NA,NA,NA,NA,666,NA,6043,NA,NA,NA,NA,NA,NA,NA,NA,NA,NA,47,NA,NA,NA,NA,NA,NA,NA,NA,NA,7,Strong R,2,Republican,1,Non-MAGA,Very conservative,1,3,Treatment R,1,2,Match,91,52,79,71,27,8,1,9,11,18,NA,NA,NA,NA,NA,NA,73,26,9,28,34,29,NA,NA,NA,NA,NA,NA,4,strong,2,3,1,1,0,1,1,1,0,0,0,91,79,52,71,-12,19,-31,-12,19,-31,1.6666666666666667,12.333333333333334,33.166666666666664,NA,33.166666666666664,11.25,14.5,34,31.5,27,8,1,9,11,18,73,26,9,28,34,29
NA,NA,0,NA,100,464,1,NA,NA,NA,NA,NA,NA,38.2444,-85.6953,NA,NA,1,1,2,2,NA,6,4,4,5,5,1,3,3,3,NA,NA,NA,NA,NA,NA,NA,50,100,2,NA,NA,1,1,1,1,1,NA,NA,NA,NA,2,3,2,3,4,NA,4,4,2,50,100,92,100,50,3,0,0,0,0,12,10,0,0,NA,NA,NA,NA,NA,NA,NA,NA,NA,NA,NA,NA,NA,NA,NA,2,NA,NA,NA,control,Republican,NA,NA,NA,NA,NA,NA,NA,NA,478,NA,346,NA,NA,NA,NA,NA,NA,NA,NA,NA,NA,59,NA,NA,NA,NA,NA,NA,NA,NA,NA,7,Strong R,2,Republican,1,MAGA,Somewhat conservative,0,1,Control R,0,0,Control,100,50,100,50,92,50,0,0,12,0,NA,NA,NA,NA,NA,NA,100,3,0,0,10,0,NA,NA,NA,NA,NA,NA,4.5,strong,2,3,0,0,1,1,1,1,1,0,0,100,100,50,50,0,0,0,0,0,0,3.3333333333333335,25.666666666666668,18.833333333333332,NA,18.833333333333332,35.5,6,25.75,5,92,50,0,0,12,0,100,3,0,0,10,0
NA,NA,0,NA,100,574,1,NA,NA,NA,NA,NA,NA,29.65,-95.1485,NA,NA,1,1,1,2,NA,1,NA,NA,NA,NA,0,NA,NA,NA,4,4,5,5,3,4,3,90,10,2,1,NA,NA,1,NA,1,NA,NA,NA,4,NA,NA,3,NA,4,NA,NA,NA,NA,NA,90,10,NA,NA,NA,NA,NA,NA,NA,NA,NA,NA,NA,NA,4,2,2,0,100,0,100,0,90,0,100,0,90,0,90,0,NA,NA,NA,treatment,Democrat,NA,NA,NA,NA,NA,NA,NA,NA,585,NA,12576,NA,NA,NA,NA,NA,NA,NA,NA,NA,NA,37,NA,NA,NA,NA,NA,NA,NA,NA,NA,1,Strong D,1,Democrat,0,Non-MAGA,Very liberal,1,4,Treatment D,0,1,Mismatch,10,90,10,90,NA,NA,NA,NA,NA,NA,0,0,0,0,0,0,NA,NA,NA,NA,NA,NA,100,100,90,100,90,90,4.5,strong,2,3.3333333333333335,1,0,0,1,0,1,0,0,0,90,90,10,10,0,0,0,0,0,0,2.6666666666666665,0,95,95,NA,0,0,97.5,90,0,0,0,0,0,0,100,100,90,100,90,90
NA,NA,0,NA,100,209,1,NA,NA,NA,NA,NA,NA,35.9819,-84.0019,NA,NA,1,1,3,NA,1,4,NA,NA,NA,NA,0,NA,NA,NA,1,1,1,1,3,3,1,30,0,2,1,1,NA,1,NA,NA,1,NA,NA,5,5,NA,5,NA,NA,5,NA,NA,NA,NA,30,0,NA,NA,NA,NA,NA,NA,NA,NA,NA,NA,NA,NA,5,5,2,100,100,0,80,0,90,0,100,0,100,0,80,0,NA,NA,NA,treatment,Democrat,NA,NA,NA,NA,NA,NA,NA,NA,222,NA,4515,NA,NA,NA,NA,NA,NA,NA,NA,NA,NA,52,NA,NA,NA,NA,NA,NA,NA,NA,NA,3,Lean D,0,Independent,0,Non-MAGA,Moderate,1,4,Treatment D,0,1,Mismatch,0,30,0,30,NA,NA,NA,NA,NA,NA,100,0,0,0,0,0,NA,NA,NA,NA,NA,NA,100,80,90,100,100,80,1,weak,0,2.3333333333333335,1,1,0,1,0,0,1,0,0,30,30,0,0,0,0,0,0,0,0,12,16.666666666666668,91.66666666666667,91.66666666666667,NA,25,0,92.5,90,100,0,0,0,0,0,100,80,90,100,100,80
NA,NA,0,NA,100,404,1,NA,NA,NA,NA,NA,NA,29.5183,-95.0977,NA,NA,1,1,2,2,NA,7,4,4,3,4,0,1,1,1,NA,NA,NA,NA,NA,NA,NA,1,75,2,NA,NA,NA,NA,NA,NA,NA,1,NA,NA,NA,NA,NA,NA,NA,NA,4,5,4,4,1,75,80,70,70,60,10,20,10,30,0,20,0,20,NA,NA,NA,NA,NA,NA,NA,NA,NA,NA,NA,NA,NA,NA,NA,1,NA,NA,NA,treatment,Republican,NA,NA,NA,NA,NA,NA,NA,NA,412,NA,6632,NA,NA,NA,NA,NA,NA,NA,NA,NA,NA,48,NA,NA,NA,NA,NA,NA,NA,NA,NA,7,Strong R,2,Republican,1,Non-MAGA,Very conservative,1,3,Treatment R,1,2,Match,75,1,75,1,80,70,10,10,0,0,NA,NA,NA,NA,NA,NA,70,60,20,30,20,20,NA,NA,NA,NA,NA,NA,3.75,strong,2,1,0,0,0,0,0,0,0,1,0,75,75,1,1,0,0,0,0,0,0,4.333333333333333,28.333333333333332,36.666666666666664,NA,36.666666666666664,42.5,0,45,20,80,70,10,10,0,0,70,60,20,30,20,20
NA,NA,0,NA,100,857,1,NA,NA,NA,NA,NA,NA,33.781,-118.26220000000001,NA,NA,1,1,3,NA,1,4,NA,NA,NA,NA,0,NA,NA,NA,1,1,1,2,3,3,4,70,25,2,NA,NA,NA,NA,NA,NA,NA,NA,1,NA,NA,NA,NA,NA,NA,NA,NA,NA,NA,NA,75,22,NA,NA,NA,NA,NA,NA,NA,NA,NA,NA,NA,NA,5,4,3,65,84,0,0,0,0,0,0,0,0,0,0,0,NA,NA,NA,control,Democrat,NA,NA,NA,NA,NA,NA,NA,NA,874,NA,17783,NA,NA,NA,NA,NA,NA,NA,NA,NA,NA,44,NA,NA,NA,NA,NA,NA,NA,NA,NA,3,Lean D,0,Independent,0,Non-MAGA,Moderate,0,2,Control D,0,0,Control,25,70,22,75,NA,NA,NA,NA,NA,NA,65,0,0,0,0,0,NA,NA,NA,NA,NA,NA,84,0,0,0,0,0,1.25,weak,NA,3.3333333333333335,0,0,0,0,0,0,0,0,1,70,75,25,22,-3,5,-8,5,-3,8,12,10.833333333333334,14,14,NA,16.25,0,21,0,65,0,0,0,0,0,84,0,0,0,0,0
NA,NA,0,NA,100,544,1,NA,NA,NA,NA,NA,NA,42.2709,-83.7268,NA,NA,1,1,1,2,NA,2,NA,NA,NA,NA,0,NA,NA,NA,4,3,4,4,2,2,1,85,10,2,NA,NA,NA,NA,1,1,1,NA,NA,NA,NA,NA,NA,3,4,4,NA,NA,NA,NA,85,10,NA,NA,NA,NA,NA,NA,NA,NA,NA,NA,NA,NA,5,5,3,63,95,60,90,50,65,20,60,0,75,0,90,0,NA,NA,NA,control,Democrat,NA,NA,NA,NA,NA,NA,NA,NA,555,NA,56,NA,NA,NA,NA,NA,NA,NA,NA,NA,NA,27,NA,NA,NA,NA,NA,NA,NA,NA,NA,1,Strong D,1,Democrat,0,Non-MAGA,Somewhat liberal,0,2,Control D,0,0,Control,10,85,10,85,NA,NA,NA,NA,NA,NA,63,60,50,20,0,0,NA,NA,NA,NA,NA,NA,95,90,65,60,75,90,3.75,strong,2,1.6666666666666667,0,0,0,0,1,1,1,0,0,85,85,10,10,0,0,0,0,0,0,4.333333333333333,32.166666666666664,79.16666666666667,79.16666666666667,NA,48.25,0,77.5,82.5,63,60,50,20,0,0,95,90,65,60,75,90
NA,NA,0,NA,100,273,1,NA,NA,NA,NA,NA,NA,33.995,-81.0888,NA,NA,1,1,2,2,NA,6,3,4,4,4,1,2,4,2,NA,NA,NA,NA,NA,NA,NA,10,85,2,NA,NA,NA,NA,1,1,NA,NA,NA,NA,NA,NA,NA,2,4,NA,NA,4,3,3,10,80,NA,21,5,75,0,10,0,20,0,10,0,10,NA,NA,NA,NA,NA,NA,NA,NA,NA,NA,NA,NA,NA,NA,NA,2,NA,NA,NA,control,Republican,NA,NA,NA,NA,NA,NA,NA,NA,283,NA,1996,NA,NA,NA,NA,NA,NA,NA,NA,NA,NA,58,NA,NA,NA,NA,NA,NA,NA,NA,NA,7,Strong R,2,Republican,1,MAGA,Somewhat conservative,0,1,Control R,0,0,Control,85,10,80,10,NA,5,0,0,0,0,NA,NA,NA,NA,NA,NA,21,75,10,20,10,10,NA,NA,NA,NA,NA,NA,3.75,strong,2,2.6666666666666665,0,0,0,0,1,1,0,0,0,85,80,10,10,-5,0,-5,-5,0,-5,3.3333333333333335,NA,24.333333333333332,NA,24.333333333333332,NA,0,31.5,10,NA,5,0,0,0,0,21,75,10,20,10,10
NA,NA,0,NA,100,511,1,NA,NA,NA,NA,NA,NA,45.5173,-122.6398,NA,NA,1,1,1,2,NA,1,NA,NA,NA,NA,0,NA,NA,NA,5,5,5,5,2,2,2,95,5,2,1,NA,NA,1,1,1,1,NA,NA,4,NA,NA,5,4,4,2,NA,NA,NA,NA,95,5,NA,NA,NA,NA,NA,NA,NA,NA,NA,NA,NA,NA,4,2,1,90,98,45,80,0,5,0,5,0,2,0,7,0,NA,NA,NA,treatment,Democrat,NA,NA,NA,NA,NA,NA,NA,NA,538,NA,6618,NA,NA,NA,NA,NA,NA,NA,NA,NA,NA,59,NA,NA,NA,NA,NA,NA,NA,NA,NA,1,Strong D,1,Democrat,0,Non-MAGA,Very liberal,1,4,Treatment D,0,1,Mismatch,5,95,5,95,NA,NA,NA,NA,NA,NA,90,45,0,0,0,0,NA,NA,NA,NA,NA,NA,98,80,5,5,2,7,5,strong,2,2,1,0,0,1,1,1,1,0,0,95,95,5,5,0,0,0,0,0,0,2.3333333333333335,22.5,32.833333333333336,32.833333333333336,NA,33.75,0,47,4.5,90,45,0,0,0,0,98,80,5,5,2,7
NA,NA,0,NA,100,557,1,NA,NA,NA,NA,NA,NA,30.1746,-97.8203,NA,NA,1,1,2,1,NA,6,4,4,1,4,1,3,4,3,NA,NA,NA,NA,NA,NA,NA,20,80,2,NA,NA,NA,NA,NA,NA,NA,1,NA,NA,NA,NA,NA,NA,NA,NA,3,4,3,3,20,85,20,30,20,30,0,0,0,10,0,0,0,0,NA,NA,NA,NA,NA,NA,NA,NA,NA,NA,NA,NA,NA,NA,NA,2,NA,NA,NA,control,Republican,NA,NA,NA,NA,NA,NA,NA,NA,573,NA,823,NA,NA,NA,NA,NA,NA,NA,NA,NA,NA,56,NA,NA,NA,NA,NA,NA,NA,NA,NA,6,Weak R,2,Republican,1,MAGA,Somewhat conservative,0,1,Control R,0,0,Control,80,20,85,20,20,20,0,0,0,0,NA,NA,NA,NA,NA,NA,30,30,0,10,0,0,NA,NA,NA,NA,NA,NA,3.25,strong,2,3.3333333333333335,0,0,0,0,0,0,0,1,0,80,85,20,20,5,0,5,5,0,5,3.3333333333333335,6.666666666666667,11.666666666666666,NA,11.666666666666666,10,0,17.5,0,20,20,0,0,0,0,30,30,0,10,0,0
NA,NA,0,NA,100,409,1,NA,NA,NA,NA,NA,NA,40.2327,-76.9331,NA,NA,1,1,1,2,NA,2,NA,NA,NA,NA,0,NA,NA,NA,4,4,4,3,3,4,3,91,31,2,1,NA,NA,1,NA,NA,1,NA,NA,2,NA,NA,4,NA,NA,4,NA,NA,NA,NA,91,25,NA,NA,NA,NA,NA,NA,NA,NA,NA,NA,NA,NA,2,4,1,40,90,51,85,5,31,7,22,5,17,0,15,0,NA,NA,NA,treatment,Democrat,NA,NA,NA,NA,NA,NA,NA,NA,417,NA,569,NA,NA,NA,NA,NA,NA,NA,NA,NA,NA,51,NA,NA,NA,NA,NA,NA,NA,NA,NA,1,Strong D,1,Democrat,0,Non-MAGA,Somewhat liberal,1,4,Treatment D,0,1,Mismatch,31,91,25,91,NA,NA,NA,NA,NA,NA,40,51,5,7,5,0,NA,NA,NA,NA,NA,NA,90,85,31,22,17,15,3.75,strong,2,3.3333333333333335,1,0,0,1,0,0,1,0,0,91,91,31,25,-6,0,-6,0,-6,6,2.3333333333333335,18,43.333333333333336,43.333333333333336,NA,25.75,2.5,57,16,40,51,5,7,5,0,90,85,31,22,17,15
NA,NA,0,NA,100,635,1,NA,NA,NA,NA,NA,NA,43.1832,-71.1439,NA,NA,0.899999976158142,1,1,2,NA,2,NA,NA,NA,NA,0,NA,NA,NA,3,3,1,3,3,3,3,75,5,2,NA,NA,NA,1,NA,NA,NA,NA,NA,NA,NA,NA,5,NA,NA,NA,NA,NA,NA,NA,75,5,NA,NA,NA,NA,NA,NA,NA,NA,NA,NA,NA,NA,4,3,1,0,85,0,45,0,35,0,45,0,45,0,40,0,NA,NA,NA,treatment,Democrat,NA,NA,NA,NA,NA,NA,NA,NA,645,NA,4752,NA,NA,NA,NA,NA,NA,NA,NA,NA,NA,78,NA,NA,NA,NA,NA,NA,NA,NA,NA,1,Strong D,1,Democrat,0,Non-MAGA,Somewhat liberal,1,4,Treatment D,0,1,Mismatch,5,75,5,75,NA,NA,NA,NA,NA,NA,0,0,0,0,0,0,NA,NA,NA,NA,NA,NA,85,45,35,45,45,40,2.5,medium,1,3,0,0,0,1,0,0,0,0,0,75,75,5,5,0,0,0,0,0,0,2.6666666666666665,0,49.166666666666664,49.166666666666664,NA,0,0,52.5,42.5,0,0,0,0,0,0,85,45,35,45,45,40
NA,NA,0,NA,100,718,1,NA,NA,NA,NA,NA,NA,39.03,-84.559,NA,NA,1,1,1,2,NA,1,NA,NA,NA,NA,0,NA,NA,NA,5,5,5,5,1,4,1,100,8,2,1,1,NA,1,NA,1,1,NA,NA,5,4,NA,5,NA,3,5,NA,NA,NA,NA,100,8,NA,NA,NA,NA,NA,NA,NA,NA,NA,NA,NA,NA,5,4,4,0,65,0,75,0,48,0,26,0,36,22,85,0,NA,NA,NA,treatment,Democrat,NA,NA,NA,NA,NA,NA,NA,NA,727,NA,5930,NA,NA,NA,NA,NA,NA,NA,NA,NA,NA,74,NA,NA,NA,NA,NA,NA,NA,NA,NA,1,Strong D,1,Democrat,0,Non-MAGA,Very liberal,1,4,Treatment D,0,1,Mismatch,8,100,8,100,NA,NA,NA,NA,NA,NA,0,0,0,0,0,22,NA,NA,NA,NA,NA,NA,65,75,48,26,36,85,5,strong,2,2,1,1,0,1,0,1,1,0,0,100,100,8,8,0,0,0,0,0,0,4.333333333333333,3.6666666666666665,55.833333333333336,55.833333333333336,NA,0,11,53.5,60.5,0,0,0,0,0,22,65,75,48,26,36,85
NA,NA,0,NA,100,258,1,NA,NA,NA,NA,NA,NA,33.6988,-78.916,NA,NA,1,1,1,1,NA,1,NA,NA,NA,NA,0,NA,NA,NA,4,4,4,4,1,1,1,75,4,2,NA,NA,NA,NA,NA,NA,NA,NA,1,NA,NA,NA,NA,NA,NA,NA,NA,NA,NA,NA,81,4,NA,NA,NA,NA,NA,NA,NA,NA,NA,NA,NA,NA,5,5,5,50,50,50,50,0,0,0,0,0,0,0,0,0,NA,NA,NA,control,Democrat,NA,NA,NA,NA,NA,NA,NA,NA,268,NA,7850,NA,NA,NA,NA,NA,NA,NA,NA,NA,NA,47,NA,NA,NA,NA,NA,NA,NA,NA,NA,2,Weak D,1,Democrat,0,Non-MAGA,Very liberal,0,2,Control D,0,0,Control,4,75,4,81,NA,NA,NA,NA,NA,NA,50,50,0,0,0,0,NA,NA,NA,NA,NA,NA,50,50,0,0,0,0,4,strong,2,1,0,0,0,0,0,0,0,0,1,75,81,4,4,0,6,-6,6,0,6,5,16.666666666666668,16.666666666666668,16.666666666666668,NA,25,0,25,0,50,50,0,0,0,0,50,50,0,0,0,0
NA,NA,0,NA,100,565,1,NA,NA,NA,NA,NA,NA,35.6174,-87.0318,NA,NA,1,1,2,2,NA,6,NA,5,5,5,1,4,3,3,NA,NA,NA,NA,NA,NA,NA,20,99,2,NA,NA,NA,NA,NA,NA,NA,1,NA,NA,NA,NA,NA,NA,NA,NA,4,4,5,5,48,74,91,97,41,27,76,61,60,61,0,0,0,0,NA,NA,NA,NA,NA,NA,NA,NA,NA,NA,NA,NA,NA,NA,NA,2,NA,NA,NA,control,Republican,NA,NA,NA,NA,NA,NA,NA,NA,573,NA,9683,NA,NA,NA,NA,NA,NA,NA,NA,NA,NA,35,NA,NA,NA,NA,NA,NA,NA,NA,NA,7,Strong R,2,Republican,1,MAGA,Somewhat conservative,0,1,Control R,0,0,Control,99,20,74,48,91,41,76,60,0,0,NA,NA,NA,NA,NA,NA,97,27,61,61,0,0,NA,NA,NA,NA,NA,NA,NA,NA,NA,3.3333333333333335,0,0,0,0,0,0,0,1,0,99,74,20,48,-25,28,-53,-25,28,-53,4.666666666666667,44.666666666666664,41,NA,41,67,0,61.5,0,91,41,76,60,0,0,97,27,61,61,0,0
NA,NA,0,NA,100,197,1,NA,NA,NA,NA,NA,NA,25.6586,-80.3556,NA,NA,1,1,1,2,NA,1,NA,NA,NA,NA,0,NA,NA,NA,5,5,4,5,2,2,1,100,0,2,1,NA,NA,1,NA,NA,NA,NA,NA,5,NA,NA,5,NA,NA,NA,NA,NA,NA,NA,100,0,NA,NA,NA,NA,NA,NA,NA,NA,NA,NA,NA,NA,5,4,3,100,50,100,100,14,82,12,87,6,88,0,84,0,NA,NA,NA,treatment,Democrat,NA,NA,NA,NA,NA,NA,NA,NA,205,NA,5397,NA,NA,NA,NA,NA,NA,NA,NA,NA,NA,28,NA,NA,NA,NA,NA,NA,NA,NA,NA,1,Strong D,1,Democrat,0,Non-MAGA,Very liberal,1,4,Treatment D,0,1,Mismatch,0,100,0,100,NA,NA,NA,NA,NA,NA,100,100,14,12,6,0,NA,NA,NA,NA,NA,NA,50,100,82,87,88,84,4.75,strong,2,1.6666666666666667,1,0,0,1,0,0,0,0,0,100,100,0,0,0,0,0,0,0,0,4,38.666666666666664,81.83333333333333,81.83333333333333,NA,56.5,3,79.75,86,100,100,14,12,6,0,50,100,82,87,88,84
NA,NA,0,NA,100,133,1,NA,NA,NA,NA,NA,NA,42.4539,-71.1414,NA,NA,1,1,1,1,NA,1,NA,NA,NA,NA,0,NA,NA,NA,3,3,2,3,1,1,1,50,0,2,NA,NA,NA,NA,NA,NA,NA,1,NA,NA,NA,NA,NA,NA,NA,NA,3,NA,NA,NA,50,0,NA,NA,NA,NA,NA,NA,NA,NA,NA,NA,NA,NA,5,5,3,50,50,50,50,26,25,25,23,0,65,0,73,0,NA,NA,NA,control,Democrat,NA,NA,NA,NA,NA,NA,NA,NA,141,NA,8847,NA,NA,NA,NA,NA,NA,NA,NA,NA,NA,39,NA,NA,NA,NA,NA,NA,NA,NA,NA,2,Weak D,1,Democrat,0,Non-MAGA,Very liberal,0,2,Control D,0,0,Control,0,50,0,50,NA,NA,NA,NA,NA,NA,50,50,26,25,0,0,NA,NA,NA,NA,NA,NA,50,50,25,23,65,73,2.75,medium,1,1,0,0,0,0,0,0,0,1,0,50,50,0,0,0,0,0,0,0,0,4.333333333333333,25.166666666666668,47.666666666666664,47.666666666666664,NA,37.75,0,37,69,50,50,26,25,0,0,50,50,25,23,65,73
NA,NA,0,NA,100,300,1,NA,NA,NA,NA,NA,NA,40.6801,-73.9847,NA,NA,1,1,1,1,NA,3,NA,NA,NA,NA,0,NA,NA,NA,3,2,2,2,3,3,3,63,13,2,NA,1,NA,1,NA,1,1,NA,NA,NA,5,NA,4,NA,3,4,NA,NA,NA,NA,65,11,NA,NA,NA,NA,NA,NA,NA,NA,NA,NA,NA,NA,5,5,5,80,100,94,100,73,97,86,95,29,61,35,54,0,NA,NA,NA,treatment,Democrat,NA,NA,NA,NA,NA,NA,NA,NA,308,NA,460,NA,NA,NA,NA,NA,NA,NA,NA,NA,NA,38,NA,NA,NA,NA,NA,NA,NA,NA,NA,2,Weak D,1,Democrat,0,Non-MAGA,Slightly liberal,1,4,Treatment D,0,1,Mismatch,13,63,11,65,NA,NA,NA,NA,NA,NA,80,94,73,86,29,35,NA,NA,NA,NA,NA,NA,100,100,97,95,61,54,2.25,medium,1,3,0,1,0,1,0,1,1,0,0,63,65,13,11,-2,2,-4,2,-2,4,5,66.16666666666667,84.5,84.5,NA,83.25,32,98,57.5,80,94,73,86,29,35,100,100,97,95,61,54
NA,NA,0,NA,100,371,1,NA,NA,NA,NA,NA,NA,42.9818,-78.0917,NA,NA,1,1,2,1,NA,4,1,2,1,1,0,4,4,4,NA,NA,NA,NA,NA,NA,NA,96,28,2,NA,NA,NA,NA,NA,NA,NA,1,NA,NA,NA,NA,NA,NA,NA,NA,5,1,1,1,90,23,5,9,5,6,5,6,5,6,50,50,4,5,NA,NA,NA,NA,NA,NA,NA,NA,NA,NA,NA,NA,NA,NA,NA,1,NA,NA,NA,control,Republican,NA,NA,NA,NA,NA,NA,NA,NA,379,NA,17956,NA,NA,NA,NA,NA,NA,NA,NA,NA,NA,64,NA,NA,NA,NA,NA,NA,NA,NA,NA,6,Weak R,2,Republican,1,Non-MAGA,Moderate,0,1,Control R,0,0,Control,28,96,23,90,5,5,5,5,50,4,NA,NA,NA,NA,NA,NA,9,6,6,6,50,5,NA,NA,NA,NA,NA,NA,1.25,weak,NA,4,0,0,0,0,0,0,0,1,0,28,23,96,90,-5,-6,1,-5,-6,1,1,12.333333333333334,13.666666666666666,NA,13.666666666666666,5,27,6.75,27.5,5,5,5,5,50,4,9,6,6,6,50,5
NA,NA,0,NA,100,338,1,NA,NA,NA,NA,NA,NA,32.5799,-117.0694,NA,NA,1,1,2,1,NA,6,3,4,4,3,0,4,4,4,NA,NA,NA,NA,NA,NA,NA,10,65,2,NA,NA,NA,NA,NA,NA,1,NA,NA,NA,NA,NA,NA,NA,NA,1,NA,4,3,3,10,65,60,75,35,60,0,0,10,45,55,60,40,65,NA,NA,NA,NA,NA,NA,NA,NA,NA,NA,NA,NA,NA,NA,NA,1,NA,NA,NA,control,Republican,NA,NA,NA,NA,NA,NA,NA,NA,347,NA,17480,NA,NA,NA,NA,NA,NA,NA,NA,NA,NA,66,NA,NA,NA,NA,NA,NA,NA,NA,NA,6,Weak R,2,Republican,1,Non-MAGA,Somewhat conservative,0,1,Control R,0,0,Control,65,10,65,10,60,35,0,10,55,40,NA,NA,NA,NA,NA,NA,75,60,0,45,60,65,NA,NA,NA,NA,NA,NA,3.5,strong,2,4,0,0,0,0,0,0,1,0,0,65,65,10,10,0,0,0,0,0,0,3.3333333333333335,33.333333333333336,50.833333333333336,NA,50.833333333333336,26.25,47.5,45,62.5,60,35,0,10,55,40,75,60,0,45,60,65
NA,NA,0,NA,100,321,1,NA,NA,NA,NA,NA,NA,27.8843,-82.8025,NA,NA,1,1,2,1,NA,5,3,3,2,3,0,3,4,3,NA,NA,NA,NA,NA,NA,NA,40,75,2,NA,NA,NA,NA,NA,NA,NA,NA,1,NA,NA,NA,NA,NA,NA,NA,NA,4,3,2,40,70,65,85,20,45,0,10,0,15,0,5,0,5,NA,NA,NA,NA,NA,NA,NA,NA,NA,NA,NA,NA,NA,NA,NA,1,NA,NA,NA,treatment,Republican,NA,NA,NA,NA,NA,NA,NA,NA,327,NA,2213,NA,NA,NA,NA,NA,NA,NA,NA,NA,NA,29,NA,NA,NA,NA,NA,NA,NA,NA,NA,6,Weak R,2,Republican,1,Non-MAGA,Slightly conservative,1,3,Treatment R,1,2,Match,75,40,70,40,65,20,0,0,0,0,NA,NA,NA,NA,NA,NA,85,45,10,15,5,5,NA,NA,NA,NA,NA,NA,2.75,medium,1,3.3333333333333335,0,0,0,0,0,0,0,0,1,75,70,40,40,-5,0,-5,-5,0,-5,3,14.166666666666666,27.5,NA,27.5,21.25,0,38.75,5,65,20,0,0,0,0,85,45,10,15,5,5
NA,NA,0,NA,100,504,1,NA,NA,NA,NA,NA,NA,42.2523,-83.2107,NA,NA,1,1,1,1,NA,4,NA,NA,NA,NA,0,NA,NA,NA,3,3,3,3,2,3,4,50,50,2,NA,NA,NA,NA,1,NA,NA,NA,NA,NA,NA,NA,NA,3,NA,NA,NA,NA,NA,NA,50,30,NA,NA,NA,NA,NA,NA,NA,NA,NA,NA,NA,NA,2,1,1,50,50,20,20,0,80,0,80,0,30,0,0,0,NA,NA,NA,treatment,Democrat,NA,NA,NA,NA,NA,NA,NA,NA,526,NA,348,NA,NA,NA,NA,NA,NA,NA,NA,NA,NA,38,NA,NA,NA,NA,NA,NA,NA,NA,NA,2,Weak D,1,Democrat,0,Non-MAGA,Moderate,1,4,Treatment D,0,1,Mismatch,50,50,30,50,NA,NA,NA,NA,NA,NA,50,20,0,0,0,0,NA,NA,NA,NA,NA,NA,50,20,80,80,30,0,3,strong,2,3,0,0,0,0,1,0,0,0,0,50,50,50,30,-20,0,-20,0,-20,20,1.3333333333333333,11.666666666666666,43.333333333333336,43.333333333333336,NA,17.5,0,57.5,15,50,20,0,0,0,0,50,20,80,80,30,0
NA,NA,0,NA,100,345,1,NA,NA,NA,NA,NA,NA,29.7229,-98.0742,NA,NA,1,1,1,1,NA,3,NA,NA,NA,NA,0,NA,NA,NA,1,3,1,2,3,3,3,82,26,2,NA,NA,NA,NA,NA,NA,NA,NA,1,NA,NA,NA,NA,NA,NA,NA,NA,NA,NA,NA,74,17,NA,NA,NA,NA,NA,NA,NA,NA,NA,NA,NA,NA,4,3,2,39,88,8,63,1,42,0,41,0,65,0,30,0,NA,NA,NA,control,Democrat,NA,NA,NA,NA,NA,NA,NA,NA,358,NA,6717,NA,NA,NA,NA,NA,NA,NA,NA,NA,NA,32,NA,NA,NA,NA,NA,NA,NA,NA,NA,2,Weak D,1,Democrat,0,Non-MAGA,Slightly liberal,0,2,Control D,0,0,Control,26,82,17,74,NA,NA,NA,NA,NA,NA,39,8,1,0,0,0,NA,NA,NA,NA,NA,NA,88,63,42,41,65,30,1.75,medium,1,3,0,0,0,0,0,0,0,0,1,82,74,26,17,-9,-8,-1,-8,-9,1,3,8,54.833333333333336,54.833333333333336,NA,12,0,58.5,47.5,39,8,1,0,0,0,88,63,42,41,65,30
NA,NA,0,NA,100,205,1,NA,NA,NA,NA,NA,NA,26.0671,-80.2768,NA,NA,1,1,2,2,NA,6,3,4,4,4,0,3,3,2,NA,NA,NA,NA,NA,NA,NA,53,72,2,NA,NA,NA,NA,NA,NA,NA,1,NA,NA,NA,NA,NA,NA,NA,NA,3,4,4,2,54,75,42,48,16,20,0,0,0,0,0,0,0,0,NA,NA,NA,NA,NA,NA,NA,NA,NA,NA,NA,NA,NA,NA,NA,1,NA,NA,NA,control,Republican,NA,NA,NA,NA,NA,NA,NA,NA,216,NA,198,NA,NA,NA,NA,NA,NA,NA,NA,NA,NA,44,NA,NA,NA,NA,NA,NA,NA,NA,NA,7,Strong R,2,Republican,1,Non-MAGA,Somewhat conservative,0,1,Control R,0,0,Control,72,53,75,54,42,16,0,0,0,0,NA,NA,NA,NA,NA,NA,48,20,0,0,0,0,NA,NA,NA,NA,NA,NA,3.75,strong,2,2.6666666666666665,0,0,0,0,0,0,0,1,0,72,75,53,54,3,1,2,3,1,2,3.3333333333333335,9.666666666666666,11.333333333333334,NA,11.333333333333334,14.5,0,17,0,42,16,0,0,0,0,48,20,0,0,0,0
NA,NA,0,NA,100,346,1,NA,NA,NA,NA,NA,NA,39.5627,-84.2224,NA,NA,1,1,3,NA,1,4,NA,NA,NA,NA,0,NA,NA,NA,1,2,1,1,3,3,2,65,6,2,NA,NA,NA,NA,1,1,NA,NA,NA,NA,NA,NA,NA,3,4,NA,NA,NA,NA,NA,65,4,NA,NA,NA,NA,NA,NA,NA,NA,NA,NA,NA,NA,5,4,4,70,80,0,80,0,80,0,80,0,75,0,75,0,NA,NA,NA,control,Democrat,NA,NA,NA,NA,NA,NA,NA,NA,363,NA,206,NA,NA,NA,NA,NA,NA,NA,NA,NA,NA,56,NA,NA,NA,NA,NA,NA,NA,NA,NA,3,Lean D,0,Independent,0,Non-MAGA,Moderate,0,2,Control D,0,0,Control,6,65,4,65,NA,NA,NA,NA,NA,NA,70,0,0,0,0,0,NA,NA,NA,NA,NA,NA,80,80,80,80,75,75,1.25,weak,NA,2.6666666666666665,0,0,0,0,1,1,0,0,0,65,65,6,4,-2,0,-2,0,-2,2,13,11.666666666666666,78.33333333333333,78.33333333333333,NA,17.5,0,80,75,70,0,0,0,0,0,80,80,80,80,75,75
NA,NA,0,NA,100,308,1,NA,NA,NA,NA,NA,NA,34.1078,-84.5026,NA,NA,1,1,1,2,NA,1,NA,NA,NA,NA,0,NA,NA,NA,3,3,3,4,2,3,2,56,39,2,NA,NA,NA,NA,NA,1,NA,NA,NA,NA,NA,NA,NA,NA,3,NA,NA,NA,NA,NA,55,41,NA,NA,NA,NA,NA,NA,NA,NA,NA,NA,NA,NA,4,2,1,63,50,18,18,0,0,0,0,0,11,0,18,0,NA,NA,NA,control,Democrat,NA,NA,NA,NA,NA,NA,NA,NA,316,NA,9591,NA,NA,NA,NA,NA,NA,NA,NA,NA,NA,40,NA,NA,NA,NA,NA,NA,NA,NA,NA,1,Strong D,1,Democrat,0,Non-MAGA,Very liberal,0,2,Control D,0,0,Control,39,56,41,55,NA,NA,NA,NA,NA,NA,63,18,0,0,0,0,NA,NA,NA,NA,NA,NA,50,18,0,0,11,18,3.25,strong,2,2.3333333333333335,0,0,0,0,0,1,0,0,0,56,55,39,41,2,-1,3,-1,2,-3,2.3333333333333335,13.5,16.166666666666668,16.166666666666668,NA,20.25,0,17,14.5,63,18,0,0,0,0,50,18,0,0,11,18
NA,NA,0,NA,100,1001,1,NA,NA,NA,NA,NA,NA,27.5912,-80.3911,NA,NA,1,1,2,1,NA,5,2,2,3,3,1,3,3,3,NA,NA,NA,NA,NA,NA,NA,45,75,2,NA,NA,NA,NA,NA,NA,NA,NA,1,NA,NA,NA,NA,NA,NA,NA,NA,4,1,1,45,75,10,25,0,15,0,15,0,10,0,10,0,5,NA,NA,NA,NA,NA,NA,NA,NA,NA,NA,NA,NA,NA,NA,NA,2,NA,NA,NA,control,Republican,NA,NA,NA,NA,NA,NA,NA,NA,1013,NA,97,NA,NA,NA,NA,NA,NA,NA,NA,NA,NA,52,NA,NA,NA,NA,NA,NA,NA,NA,NA,6,Weak R,2,Republican,1,MAGA,Slightly conservative,0,1,Control R,0,0,Control,75,45,75,45,10,0,0,0,0,0,NA,NA,NA,NA,NA,NA,25,15,15,10,10,5,NA,NA,NA,NA,NA,NA,2.5,medium,1,3,0,0,0,0,0,0,0,0,1,75,75,45,45,0,0,0,0,0,0,2,1.6666666666666667,13.333333333333334,NA,13.333333333333334,2.5,0,16.25,7.5,10,0,0,0,0,0,25,15,15,10,10,5
NA,NA,0,NA,100,171,1,NA,NA,NA,NA,NA,NA,39.018,-77.539,NA,NA,1,1,2,2,NA,7,5,5,5,5,0,4,4,1,NA,NA,NA,NA,NA,NA,NA,22,100,2,NA,NA,NA,NA,NA,NA,NA,1,NA,NA,NA,NA,NA,NA,NA,NA,5,4,2,3,45,100,100,100,94,100,99,90,99,92,91,92,94,96,NA,NA,NA,NA,NA,NA,NA,NA,NA,NA,NA,NA,NA,NA,NA,1,NA,NA,NA,treatment,Republican,NA,NA,NA,NA,NA,NA,NA,NA,188,NA,1315,NA,NA,NA,NA,NA,NA,NA,NA,NA,NA,48,NA,NA,NA,NA,NA,NA,NA,NA,NA,7,Strong R,2,Republican,1,Non-MAGA,Very conservative,1,3,Treatment R,1,2,Match,100,22,100,45,100,94,99,99,91,94,NA,NA,NA,NA,NA,NA,100,100,90,92,92,96,NA,NA,NA,NA,NA,NA,5,strong,2,3,0,0,0,0,0,0,0,1,0,100,100,22,45,0,23,-23,0,23,-23,3,96.16666666666667,95,NA,95,98,92.5,95.5,94,100,94,99,99,91,94,100,100,90,92,92,96
NA,NA,0,NA,100,168,1,NA,NA,NA,NA,NA,NA,39.1244,-76.495,NA,NA,1,1,2,2,NA,6,4,5,5,4,0,3,2,2,NA,NA,NA,NA,NA,NA,NA,13,86,2,1,1,NA,NA,NA,1,NA,1,NA,4,4,NA,NA,NA,3,NA,5,4,5,3,35,88,75,98,76,64,78,66,71,84,78,88,88,90,NA,NA,NA,NA,NA,NA,NA,NA,NA,NA,NA,NA,NA,NA,NA,1,NA,NA,NA,control,Republican,NA,NA,NA,NA,NA,NA,NA,NA,175,NA,15942,NA,NA,NA,NA,NA,NA,NA,NA,NA,NA,29,NA,NA,NA,NA,NA,NA,NA,NA,NA,7,Strong R,2,Republican,1,Non-MAGA,Somewhat conservative,0,1,Control R,0,0,Control,86,13,88,35,75,76,78,71,78,88,NA,NA,NA,NA,NA,NA,98,64,66,84,88,90,NA,NA,NA,NA,NA,NA,4.5,strong,2,2.3333333333333335,1,1,0,0,0,1,0,1,0,86,88,13,35,2,22,-20,2,22,-20,4,77.66666666666667,81.66666666666667,NA,81.66666666666667,75,83,78,89,75,76,78,71,78,88,98,64,66,84,88,90
NA,NA,0,NA,100,391,1,NA,NA,NA,NA,NA,NA,38.7493,-77.4719,NA,NA,1,1,1,1,NA,2,NA,NA,NA,NA,0,NA,NA,NA,3,3,4,3,3,3,3,65,10,2,1,NA,NA,1,NA,NA,NA,NA,NA,5,NA,NA,4,NA,NA,NA,NA,NA,NA,NA,65,10,NA,NA,NA,NA,NA,NA,NA,NA,NA,NA,NA,NA,5,4,4,80,100,50,95,5,60,5,70,0,75,0,85,0,NA,NA,NA,treatment,Democrat,NA,NA,NA,NA,NA,NA,NA,NA,400,NA,5783,NA,NA,NA,NA,NA,NA,NA,NA,NA,NA,53,NA,NA,NA,NA,NA,NA,NA,NA,NA,2,Weak D,1,Democrat,0,Non-MAGA,Somewhat liberal,1,4,Treatment D,0,1,Mismatch,10,65,10,65,NA,NA,NA,NA,NA,NA,80,50,5,5,0,0,NA,NA,NA,NA,NA,NA,100,95,60,70,75,85,3.25,strong,2,3,1,0,0,1,0,0,0,0,0,65,65,10,10,0,0,0,0,0,0,4.333333333333333,23.333333333333332,80.83333333333333,80.83333333333333,NA,35,0,81.25,80,80,50,5,5,0,0,100,95,60,70,75,85
NA,NA,0,NA,100,477,1,NA,NA,NA,NA,NA,NA,33.9339,-117.8854,NA,NA,1,1,1,1,NA,2,NA,NA,NA,NA,0,NA,NA,NA,4,4,1,4,2,2,2,75,5,2,NA,NA,NA,NA,NA,1,NA,NA,NA,NA,NA,NA,NA,NA,3,NA,NA,NA,NA,NA,75,5,NA,NA,NA,NA,NA,NA,NA,NA,NA,NA,NA,NA,5,5,4,90,90,0,0,0,0,0,0,0,100,0,100,0,NA,NA,NA,control,Democrat,NA,NA,NA,NA,NA,NA,NA,NA,485,NA,3206,NA,NA,NA,NA,NA,NA,NA,NA,NA,NA,45,NA,NA,NA,NA,NA,NA,NA,NA,NA,2,Weak D,1,Democrat,0,Non-MAGA,Somewhat liberal,0,2,Control D,0,0,Control,5,75,5,75,NA,NA,NA,NA,NA,NA,90,0,0,0,0,0,NA,NA,NA,NA,NA,NA,90,0,0,0,100,100,3.25,strong,2,2,0,0,0,0,0,1,0,0,0,75,75,5,5,0,0,0,0,0,0,4.666666666666667,15,48.333333333333336,48.333333333333336,NA,22.5,0,22.5,100,90,0,0,0,0,0,90,0,0,0,100,100
NA,NA,0,NA,100,477,1,NA,NA,NA,NA,NA,NA,43.6077,-83.9498,NA,NA,1,1,1,1,NA,4,NA,NA,NA,NA,0,NA,NA,NA,2,3,2,2,2,3,2,64,17,2,NA,NA,NA,1,NA,NA,NA,NA,NA,NA,NA,NA,4,NA,NA,NA,NA,NA,NA,NA,65,16,NA,NA,NA,NA,NA,NA,NA,NA,NA,NA,NA,NA,5,4,3,37,62,19,73,8,53,0,57,0,40,0,63,0,NA,NA,NA,treatment,Democrat,NA,NA,NA,NA,NA,NA,NA,NA,484,NA,3749,NA,NA,NA,NA,NA,NA,NA,NA,NA,NA,36,NA,NA,NA,NA,NA,NA,NA,NA,NA,2,Weak D,1,Democrat,0,Non-MAGA,Moderate,1,4,Treatment D,0,1,Mismatch,17,64,16,65,NA,NA,NA,NA,NA,NA,37,19,8,0,0,0,NA,NA,NA,NA,NA,NA,62,73,53,57,40,63,2.25,medium,1,2.3333333333333335,0,0,0,1,0,0,0,0,0,64,65,17,16,-1,1,-2,1,-1,2,4,10.666666666666666,58,58,NA,16,0,61.25,51.5,37,19,8,0,0,0,62,73,53,57,40,63
NA,NA,0,NA,100,211,1,NA,NA,NA,NA,NA,NA,40.7015,-73.8422,NA,NA,1,1,3,NA,1,3,NA,NA,NA,NA,0,NA,NA,NA,2,2,2,2,2,2,2,20,0,2,NA,NA,NA,NA,NA,1,NA,NA,NA,NA,NA,NA,NA,NA,3,NA,NA,NA,NA,NA,20,0,NA,NA,NA,NA,NA,NA,NA,NA,NA,NA,NA,NA,5,5,1,40,30,30,15,20,0,5,0,0,75,0,80,0,NA,NA,NA,control,Democrat,NA,NA,NA,NA,NA,NA,NA,NA,219,NA,585,NA,NA,NA,NA,NA,NA,NA,NA,NA,NA,33,NA,NA,NA,NA,NA,NA,NA,NA,NA,3,Lean D,0,Independent,0,Non-MAGA,Slightly liberal,0,2,Control D,0,0,Control,0,20,0,20,NA,NA,NA,NA,NA,NA,40,30,20,5,0,0,NA,NA,NA,NA,NA,NA,30,15,0,0,75,80,2,medium,1,2,0,0,0,0,0,1,0,0,0,20,20,0,0,0,0,0,0,0,0,11,15.833333333333334,33.333333333333336,33.333333333333336,NA,23.75,0,11.25,77.5,40,30,20,5,0,0,30,15,0,0,75,80
NA,NA,0,NA,100,403,1,NA,NA,NA,NA,NA,NA,40.0356,-75.1763,NA,NA,1,1,1,1,NA,1,NA,NA,NA,NA,0,NA,NA,NA,3,3,2,3,1,1,2,81,0,2,1,NA,NA,1,NA,1,NA,NA,NA,4,NA,NA,5,NA,3,NA,NA,NA,NA,NA,92,0,NA,NA,NA,NA,NA,NA,NA,NA,NA,NA,NA,NA,5,5,5,50,0,95,0,50,0,50,0,50,0,50,0,0,NA,NA,NA,treatment,Democrat,NA,NA,NA,NA,NA,NA,NA,NA,430,NA,3735,NA,NA,NA,NA,NA,NA,NA,NA,NA,NA,51,NA,NA,NA,NA,NA,NA,NA,NA,NA,2,Weak D,1,Democrat,0,Non-MAGA,Very liberal,1,4,Treatment D,0,1,Mismatch,0,81,0,92,NA,NA,NA,NA,NA,NA,50,95,50,50,50,50,NA,NA,NA,NA,NA,NA,0,0,0,0,0,0,2.75,medium,1,1.3333333333333333,1,0,0,1,0,1,0,0,0,81,92,0,0,0,11,-11,11,0,11,5,57.5,0,0,NA,61.25,50,0,0,50,95,50,50,50,50,0,0,0,0,0,0
NA,NA,0,NA,100,251,1,NA,NA,NA,NA,NA,NA,40.5377,-105.0546,NA,NA,1,1,1,2,NA,2,NA,NA,NA,NA,0,NA,NA,NA,4,3,2,4,2,3,2,66,27,2,NA,NA,NA,NA,NA,1,NA,NA,NA,NA,NA,NA,NA,NA,2,NA,NA,NA,NA,NA,68,32,NA,NA,NA,NA,NA,NA,NA,NA,NA,NA,NA,NA,5,4,4,50,76,27,86,18,89,8,70,29,91,19,88,0,NA,NA,NA,control,Democrat,NA,NA,NA,NA,NA,NA,NA,NA,260,NA,683,NA,NA,NA,NA,NA,NA,NA,NA,NA,NA,33,NA,NA,NA,NA,NA,NA,NA,NA,NA,1,Strong D,1,Democrat,0,Non-MAGA,Somewhat liberal,0,2,Control D,0,0,Control,27,66,32,68,NA,NA,NA,NA,NA,NA,50,27,18,8,29,19,NA,NA,NA,NA,NA,NA,76,86,89,70,91,88,3.25,strong,2,2.3333333333333335,0,0,0,0,0,1,0,0,0,66,68,27,32,5,2,3,2,5,-3,4.333333333333333,25.166666666666668,83.33333333333333,83.33333333333333,NA,25.75,24,80.25,89.5,50,27,18,8,29,19,76,86,89,70,91,88
NA,NA,0,NA,100,428,1,NA,NA,NA,NA,NA,NA,33.6454,-117.8419,NA,NA,1,1,1,2,NA,1,NA,NA,NA,NA,0,NA,NA,NA,5,3,2,4,1,1,1,63,0,2,1,NA,NA,1,NA,NA,NA,NA,NA,4,NA,NA,5,NA,NA,NA,NA,NA,NA,NA,67,0,NA,NA,NA,NA,NA,NA,NA,NA,NA,NA,NA,NA,5,5,3,89,100,62,100,27,100,0,100,61,100,18,100,0,NA,NA,NA,treatment,Democrat,NA,NA,NA,NA,NA,NA,NA,NA,439,NA,38,NA,NA,NA,NA,NA,NA,NA,NA,NA,NA,35,NA,NA,NA,NA,NA,NA,NA,NA,NA,1,Strong D,1,Democrat,0,Non-MAGA,Very liberal,1,4,Treatment D,0,1,Mismatch,0,63,0,67,NA,NA,NA,NA,NA,NA,89,62,27,0,61,18,NA,NA,NA,NA,NA,NA,100,100,100,100,100,100,3.5,strong,2,1,1,0,0,1,0,0,0,0,0,63,67,0,0,0,4,-4,4,0,4,4.333333333333333,42.833333333333336,100,100,NA,44.5,39.5,100,100,89,62,27,0,61,18,100,100,100,100,100,100
NA,NA,0,NA,100,726,1,NA,NA,NA,NA,NA,NA,34.0337,-118.3509,NA,NA,1,1,1,1,NA,2,NA,NA,NA,NA,0,NA,NA,NA,3,4,4,5,2,2,2,80,0,2,NA,NA,NA,1,NA,1,1,NA,NA,NA,NA,NA,3,NA,4,2,NA,NA,NA,NA,80,0,NA,NA,NA,NA,NA,NA,NA,NA,NA,NA,NA,NA,5,5,4,100,0,50,100,0,100,0,100,0,80,0,76,0,NA,NA,NA,control,Democrat,NA,NA,NA,NA,NA,NA,NA,NA,750,NA,177,NA,NA,NA,NA,NA,NA,NA,NA,NA,NA,43,NA,NA,NA,NA,NA,NA,NA,NA,NA,2,Weak D,1,Democrat,0,Non-MAGA,Somewhat liberal,0,2,Control D,0,0,Control,0,80,0,80,NA,NA,NA,NA,NA,NA,100,50,0,0,0,0,NA,NA,NA,NA,NA,NA,0,100,100,100,80,76,4,strong,2,2,0,0,0,1,0,1,1,0,0,80,80,0,0,0,0,0,0,0,0,4.666666666666667,25,76,76,NA,37.5,0,75,78,100,50,0,0,0,0,0,100,100,100,80,76
NA,NA,0,NA,100,207,1,NA,NA,NA,NA,NA,NA,41.9025,-87.6726,NA,NA,1,1,1,1,NA,3,NA,NA,NA,NA,0,NA,NA,NA,2,2,2,3,2,3,1,50,14,2,1,NA,NA,NA,1,1,1,NA,NA,3,NA,NA,NA,4,5,4,NA,NA,NA,NA,50,3,NA,NA,NA,NA,NA,NA,NA,NA,NA,NA,NA,NA,4,4,2,24,22,34,32,0,0,11,10,0,0,0,7,0,NA,NA,NA,control,Democrat,NA,NA,NA,NA,NA,NA,NA,NA,218,NA,834,NA,NA,NA,NA,NA,NA,NA,NA,NA,NA,35,NA,NA,NA,NA,NA,NA,NA,NA,NA,2,Weak D,1,Democrat,0,Non-MAGA,Slightly liberal,0,2,Control D,0,0,Control,14,50,3,50,NA,NA,NA,NA,NA,NA,24,34,0,11,0,0,NA,NA,NA,NA,NA,NA,22,32,0,10,0,7,2.25,medium,1,2,1,0,0,0,1,1,1,0,0,50,50,14,3,-11,0,-11,0,-11,11,3.3333333333333335,11.5,11.833333333333334,11.833333333333334,NA,17.25,0,16,3.5,24,34,0,11,0,0,22,32,0,10,0,7
NA,NA,0,NA,100,273,1,NA,NA,NA,NA,NA,NA,37.751,-97.822,NA,NA,0.899999976158142,1,1,1,NA,2,NA,NA,NA,NA,0,NA,NA,NA,3,3,3,4,3,3,4,100,70,2,NA,NA,NA,NA,NA,NA,NA,1,NA,NA,NA,NA,NA,NA,NA,NA,4,NA,NA,NA,97,65,NA,NA,NA,NA,NA,NA,NA,NA,NA,NA,NA,NA,3,3,3,50,50,22,13,0,1,0,0,0,0,0,0,0,NA,NA,NA,control,Democrat,NA,NA,NA,NA,NA,NA,NA,NA,299,NA,55,NA,NA,NA,NA,NA,NA,NA,NA,NA,NA,36,NA,NA,NA,NA,NA,NA,NA,NA,NA,2,Weak D,1,Democrat,0,Non-MAGA,Somewhat liberal,0,2,Control D,0,0,Control,70,100,65,97,NA,NA,NA,NA,NA,NA,50,22,0,0,0,0,NA,NA,NA,NA,NA,NA,50,13,1,0,0,0,3.25,strong,2,3.3333333333333335,0,0,0,0,0,0,0,1,0,100,97,70,65,-5,-3,-2,-3,-5,2,3,12,10.666666666666666,10.666666666666666,NA,18,0,16,0,50,22,0,0,0,0,50,13,1,0,0,0
NA,NA,0,NA,100,334,1,NA,NA,NA,NA,NA,NA,40.7762,-76.346,NA,NA,1,1,1,2,NA,1,NA,NA,NA,NA,0,NA,NA,NA,2,3,4,2,3,3,3,66,20,2,1,NA,NA,1,1,1,NA,NA,NA,5,NA,NA,5,3,3,NA,NA,NA,NA,NA,66,19,NA,NA,NA,NA,NA,NA,NA,NA,NA,NA,NA,NA,5,5,3,100,100,35,90,9,65,35,80,10,35,9,35,0,NA,NA,NA,treatment,Democrat,NA,NA,NA,NA,NA,NA,NA,NA,344,NA,1997,NA,NA,NA,NA,NA,NA,NA,NA,NA,NA,38,NA,NA,NA,NA,NA,NA,NA,NA,NA,1,Strong D,1,Democrat,0,Non-MAGA,Very liberal,1,4,Treatment D,0,1,Mismatch,20,66,19,66,NA,NA,NA,NA,NA,NA,100,35,9,35,10,9,NA,NA,NA,NA,NA,NA,100,90,65,80,35,35,2.75,medium,1,3,1,0,0,1,1,1,0,0,0,66,66,20,19,-1,0,-1,0,-1,1,4.333333333333333,33,67.5,67.5,NA,44.75,9.5,83.75,35,100,35,9,35,10,9,100,90,65,80,35,35
NA,NA,0,NA,100,306,1,NA,NA,NA,NA,NA,NA,30.1024,-95.2297,NA,NA,1,1,2,2,NA,6,4,4,5,5,0,3,3,3,NA,NA,NA,NA,NA,NA,NA,18,81,2,NA,NA,NA,NA,NA,NA,1,NA,NA,NA,NA,NA,NA,NA,NA,3,NA,4,3,1,18,82,11,79,9,11,0,3,0,3,0,18,0,15,NA,NA,NA,NA,NA,NA,NA,NA,NA,NA,NA,NA,NA,NA,NA,1,NA,NA,NA,control,Republican,NA,NA,NA,NA,NA,NA,NA,NA,320,NA,3803,NA,NA,NA,NA,NA,NA,NA,NA,NA,NA,58,NA,NA,NA,NA,NA,NA,NA,NA,NA,7,Strong R,2,Republican,1,Non-MAGA,Somewhat conservative,0,1,Control R,0,0,Control,81,18,82,18,11,9,0,0,0,0,NA,NA,NA,NA,NA,NA,79,11,3,3,18,15,NA,NA,NA,NA,NA,NA,4.5,strong,2,3,0,0,0,0,0,0,1,0,0,81,82,18,18,1,0,1,1,0,1,2.6666666666666665,3.3333333333333335,21.5,NA,21.5,5,0,24,16.5,11,9,0,0,0,0,79,11,3,3,18,15
NA,NA,0,NA,100,890,1,NA,NA,NA,NA,NA,NA,41.9544,-87.8725,NA,NA,1,1,3,NA,1,1,NA,NA,NA,NA,0,NA,NA,NA,2,2,3,2,2,3,1,10,0,2,1,NA,NA,1,1,1,1,NA,NA,3,NA,NA,4,3,3,3,NA,NA,NA,NA,10,0,NA,NA,NA,NA,NA,NA,NA,NA,NA,NA,NA,NA,5,5,3,74,91,63,100,21,82,26,86,0,0,0,100,0,NA,NA,NA,treatment,Democrat,NA,NA,NA,NA,NA,NA,NA,NA,921,NA,958,NA,NA,NA,NA,NA,NA,NA,NA,NA,NA,33,NA,NA,NA,NA,NA,NA,NA,NA,NA,3,Lean D,0,Independent,0,Non-MAGA,Very liberal,1,4,Treatment D,0,1,Mismatch,0,10,0,10,NA,NA,NA,NA,NA,NA,74,63,21,26,0,0,NA,NA,NA,NA,NA,NA,91,100,82,86,0,100,2.25,medium,1,2,1,0,0,1,1,1,1,0,0,10,10,0,0,0,0,0,0,0,0,13,30.666666666666668,76.5,76.5,NA,46,0,89.75,50,74,63,21,26,0,0,91,100,82,86,0,100
NA,NA,0,NA,100,253,1,NA,NA,NA,NA,NA,NA,40.7513,-73.8244,NA,NA,1,1,1,1,NA,2,NA,NA,NA,NA,0,NA,NA,NA,3,3,3,3,2,2,2,70,10,2,1,NA,NA,1,NA,1,NA,NA,NA,4,NA,NA,5,NA,3,NA,NA,NA,NA,NA,70,0,NA,NA,NA,NA,NA,NA,NA,NA,NA,NA,NA,NA,5,5,5,50,50,60,90,30,100,20,100,50,100,50,100,0,NA,NA,NA,treatment,Democrat,NA,NA,NA,NA,NA,NA,NA,NA,259,NA,301,NA,NA,NA,NA,NA,NA,NA,NA,NA,NA,23,NA,NA,NA,NA,NA,NA,NA,NA,NA,2,Weak D,1,Democrat,0,Non-MAGA,Somewhat liberal,1,4,Treatment D,0,1,Mismatch,10,70,0,70,NA,NA,NA,NA,NA,NA,50,60,30,20,50,50,NA,NA,NA,NA,NA,NA,50,90,100,100,100,100,3,strong,2,2,1,0,0,1,0,1,0,0,0,70,70,10,0,-10,0,-10,0,-10,10,5,43.333333333333336,90,90,NA,40,50,85,100,50,60,30,20,50,50,50,90,100,100,100,100
NA,NA,0,NA,100,338,1,NA,NA,NA,NA,NA,NA,37.752,-87.1514,NA,NA,1,1,2,2,NA,7,4,4,4,5,1,3,3,2,NA,NA,NA,NA,NA,NA,NA,15,95,2,NA,NA,NA,NA,NA,NA,NA,1,NA,NA,NA,NA,NA,NA,NA,NA,3,4,4,3,14,93,84,89,64,60,0,8,57,41,56,73,55,54,NA,NA,NA,NA,NA,NA,NA,NA,NA,NA,NA,NA,NA,NA,NA,2,NA,NA,NA,treatment,Republican,NA,NA,NA,NA,NA,NA,NA,NA,348,NA,8410,NA,NA,NA,NA,NA,NA,NA,NA,NA,NA,64,NA,NA,NA,NA,NA,NA,NA,NA,NA,7,Strong R,2,Republican,1,MAGA,Very conservative,1,3,Treatment R,1,2,Match,95,15,93,14,84,64,0,57,56,55,NA,NA,NA,NA,NA,NA,89,60,8,41,73,54,NA,NA,NA,NA,NA,NA,4.25,strong,2,2.6666666666666665,0,0,0,0,0,0,0,1,0,95,93,15,14,-2,-1,-1,-2,-1,-1,3.6666666666666665,52.666666666666664,54.166666666666664,NA,54.166666666666664,51.25,55.5,49.5,63.5,84,64,0,57,56,55,89,60,8,41,73,54
NA,NA,0,NA,100,410,1,NA,NA,NA,NA,NA,NA,33.8351,-117.8652,NA,NA,1,1,1,2,NA,1,NA,NA,NA,NA,0,NA,NA,NA,4,4,4,4,3,3,2,95,20,2,1,1,NA,1,1,1,1,NA,NA,4,5,NA,5,4,4,5,NA,NA,NA,NA,95,10,NA,NA,NA,NA,NA,NA,NA,NA,NA,NA,NA,NA,4,3,1,90,60,50,50,0,0,0,0,0,0,0,0,0,NA,NA,NA,treatment,Democrat,NA,NA,NA,NA,NA,NA,NA,NA,419,NA,472,NA,NA,NA,NA,NA,NA,NA,NA,NA,NA,30,NA,NA,NA,NA,NA,NA,NA,NA,NA,1,Strong D,1,Democrat,0,Non-MAGA,Very liberal,1,4,Treatment D,0,1,Mismatch,20,95,10,95,NA,NA,NA,NA,NA,NA,90,50,0,0,0,0,NA,NA,NA,NA,NA,NA,60,50,0,0,0,0,4,strong,2,2.6666666666666665,1,1,0,1,1,1,1,0,0,95,95,20,10,-10,0,-10,0,-10,10,2.6666666666666665,23.333333333333332,18.333333333333332,18.333333333333332,NA,35,0,27.5,0,90,50,0,0,0,0,60,50,0,0,0,0
NA,NA,0,NA,100,393,1,NA,NA,NA,NA,NA,NA,41.8835,-87.6305,NA,NA,1,1,1,1,NA,1,NA,NA,NA,NA,0,NA,NA,NA,3,3,3,3,1,2,2,64,7,2,NA,1,NA,NA,NA,1,1,NA,NA,NA,3,NA,NA,NA,3,4,NA,NA,NA,NA,69,5,NA,NA,NA,NA,NA,NA,NA,NA,NA,NA,NA,NA,5,4,4,100,21,100,71,81,24,56,36,80,30,60,23,0,NA,NA,NA,treatment,Democrat,NA,NA,NA,NA,NA,NA,NA,NA,402,NA,12754,NA,NA,NA,NA,NA,NA,NA,NA,NA,NA,31,NA,NA,NA,NA,NA,NA,NA,NA,NA,2,Weak D,1,Democrat,0,Non-MAGA,Very liberal,1,4,Treatment D,0,1,Mismatch,7,64,5,69,NA,NA,NA,NA,NA,NA,100,100,81,56,80,60,NA,NA,NA,NA,NA,NA,21,71,24,36,30,23,3,strong,2,1.6666666666666667,0,1,0,0,0,1,1,0,0,64,69,7,5,-2,5,-7,5,-2,7,4.333333333333333,79.5,34.166666666666664,34.166666666666664,NA,84.25,70,38,26.5,100,100,81,56,80,60,21,71,24,36,30,23
NA,NA,0,NA,100,540,1,NA,NA,NA,NA,NA,NA,41.9198,-88.1367,NA,NA,1,1,1,2,NA,1,NA,NA,NA,NA,0,NA,NA,NA,5,5,4,5,1,2,4,94,0,2,1,NA,NA,1,NA,1,NA,NA,NA,4,NA,NA,4,NA,4,NA,NA,NA,NA,NA,93,0,NA,NA,NA,NA,NA,NA,NA,NA,NA,NA,NA,NA,5,5,5,97,20,94,5,34,6,23,11,82,24,95,10,0,NA,NA,NA,treatment,Democrat,NA,NA,NA,NA,NA,NA,NA,NA,551,NA,8676,NA,NA,NA,NA,NA,NA,NA,NA,NA,NA,40,NA,NA,NA,NA,NA,NA,NA,NA,NA,1,Strong D,1,Democrat,0,Non-MAGA,Very liberal,1,4,Treatment D,0,1,Mismatch,0,94,0,93,NA,NA,NA,NA,NA,NA,97,94,34,23,82,95,NA,NA,NA,NA,NA,NA,20,5,6,11,24,10,4.75,strong,2,2.3333333333333335,1,0,0,1,0,1,0,0,0,94,93,0,0,0,-1,1,-1,0,-1,5,70.83333333333333,12.666666666666666,12.666666666666666,NA,62,88.5,10.5,17,97,94,34,23,82,95,20,5,6,11,24,10
NA,NA,0,NA,100,502,1,NA,NA,NA,NA,NA,NA,32.6731,-96.7755,NA,NA,1,1,1,1,NA,4,NA,NA,NA,NA,0,NA,NA,NA,2,3,2,2,3,3,3,76,56,2,NA,NA,NA,NA,NA,NA,NA,NA,1,NA,NA,NA,NA,NA,NA,NA,NA,NA,NA,NA,76,57,NA,NA,NA,NA,NA,NA,NA,NA,NA,NA,NA,NA,2,3,2,43,43,40,46,18,45,17,44,13,33,11,16,0,NA,NA,NA,control,Democrat,NA,NA,NA,NA,NA,NA,NA,NA,514,NA,3299,NA,NA,NA,NA,NA,NA,NA,NA,NA,NA,38,NA,NA,NA,NA,NA,NA,NA,NA,NA,2,Weak D,1,Democrat,0,Non-MAGA,Moderate,0,2,Control D,0,0,Control,56,76,57,76,NA,NA,NA,NA,NA,NA,43,40,18,17,13,11,NA,NA,NA,NA,NA,NA,43,46,45,44,33,16,2.25,medium,1,3,0,0,0,0,0,0,0,0,1,76,76,56,57,1,0,1,0,1,-1,2.3333333333333335,23.666666666666668,37.833333333333336,37.833333333333336,NA,29.5,12,44.5,24.5,43,40,18,17,13,11,43,46,45,44,33,16
NA,NA,0,NA,100,252,1,NA,NA,NA,NA,NA,NA,39.9843,-75.2266,NA,NA,1,1,1,2,NA,1,NA,NA,NA,NA,0,NA,NA,NA,5,5,3,5,4,4,4,90,50,2,NA,1,1,1,1,1,1,NA,NA,NA,5,5,4,4,4,5,NA,NA,NA,NA,90,50,NA,NA,NA,NA,NA,NA,NA,NA,NA,NA,NA,NA,4,1,1,25,66,23,69,0,29,0,24,0,32,0,16,0,NA,NA,NA,control,Democrat,NA,NA,NA,NA,NA,NA,NA,NA,261,NA,792,NA,NA,NA,NA,NA,NA,NA,NA,NA,NA,34,NA,NA,NA,NA,NA,NA,NA,NA,NA,1,Strong D,1,Democrat,0,Non-MAGA,Very liberal,0,2,Control D,0,0,Control,50,90,50,90,NA,NA,NA,NA,NA,NA,25,23,0,0,0,0,NA,NA,NA,NA,NA,NA,66,69,29,24,32,16,4.5,strong,2,4,0,1,1,1,1,1,1,0,0,90,90,50,50,0,0,0,0,0,0,2,8,39.333333333333336,39.333333333333336,NA,12,0,47,24,25,23,0,0,0,0,66,69,29,24,32,16
NA,NA,0,NA,100,444,1,NA,NA,NA,NA,NA,NA,34.445,-119.8046,NA,NA,0.899999976158142,1,1,1,NA,2,NA,NA,NA,NA,0,NA,NA,NA,2,3,3,4,3,4,2,70,20,2,NA,NA,1,1,1,1,1,NA,NA,NA,NA,3,4,4,5,4,NA,NA,NA,NA,70,20,NA,NA,NA,NA,NA,NA,NA,NA,NA,NA,NA,NA,5,4,4,85,100,26,100,0,86,0,100,0,19,0,50,0,NA,NA,NA,control,Democrat,NA,NA,NA,NA,NA,NA,NA,NA,455,NA,14,NA,NA,NA,NA,NA,NA,NA,NA,NA,NA,49,NA,NA,NA,NA,NA,NA,NA,NA,NA,2,Weak D,1,Democrat,0,Non-MAGA,Somewhat liberal,0,2,Control D,0,0,Control,20,70,20,70,NA,NA,NA,NA,NA,NA,85,26,0,0,0,0,NA,NA,NA,NA,NA,NA,100,100,86,100,19,50,3,strong,2,3,0,0,1,1,1,1,1,0,0,70,70,20,20,0,0,0,0,0,0,4.333333333333333,18.5,75.83333333333333,75.83333333333333,NA,27.75,0,96.5,34.5,85,26,0,0,0,0,100,100,86,100,19,50
NA,NA,0,NA,100,384,1,NA,NA,NA,NA,NA,NA,40.7365,-74.0055,NA,NA,0.899999976158142,1,2,1,NA,5,3,3,3,3,1,4,4,4,NA,NA,NA,NA,NA,NA,NA,50,50,2,NA,1,NA,1,NA,NA,1,NA,NA,NA,4,NA,5,NA,NA,5,NA,1,1,1,50,50,0,50,0,50,0,60,0,50,0,50,0,75,NA,NA,NA,NA,NA,NA,NA,NA,NA,NA,NA,NA,NA,NA,NA,2,NA,NA,NA,treatment,Republican,NA,NA,NA,NA,NA,NA,NA,NA,408,NA,84,NA,NA,NA,NA,NA,NA,NA,NA,NA,NA,31,NA,NA,NA,NA,NA,NA,NA,NA,NA,6,Weak R,2,Republican,1,MAGA,Slightly conservative,1,3,Treatment R,1,2,Match,50,50,50,50,0,0,0,0,0,0,NA,NA,NA,NA,NA,NA,50,50,60,50,50,75,NA,NA,NA,NA,NA,NA,3,strong,2,4,0,1,0,1,0,0,1,0,0,50,50,50,50,0,0,0,0,0,0,1,0,55.833333333333336,NA,55.833333333333336,0,0,52.5,62.5,0,0,0,0,0,0,50,50,60,50,50,75
NA,NA,0,NA,100,587,1,NA,NA,NA,NA,NA,NA,32.9167,-117.0903,NA,NA,0.899999976158142,1,1,2,NA,1,NA,NA,NA,NA,0,NA,NA,NA,1,2,2,2,1,2,1,20,0,2,1,NA,NA,1,1,1,NA,NA,NA,5,NA,NA,5,3,3,NA,NA,NA,NA,NA,20,0,NA,NA,NA,NA,NA,NA,NA,NA,NA,NA,NA,NA,5,5,3,20,80,70,NA,30,100,30,90,20,80,NA,70,0,NA,NA,NA,treatment,Democrat,NA,NA,NA,NA,NA,NA,NA,NA,598,NA,62,NA,NA,NA,NA,NA,NA,NA,NA,NA,NA,30,NA,NA,NA,NA,NA,NA,NA,NA,NA,1,Strong D,1,Democrat,0,Non-MAGA,Very liberal,1,4,Treatment D,0,1,Mismatch,0,20,0,20,NA,NA,NA,NA,NA,NA,20,70,30,30,20,NA,NA,NA,NA,NA,NA,NA,80,NA,100,90,80,70,1.75,medium,1,1.3333333333333333,1,0,0,1,1,1,0,0,0,20,20,0,0,0,0,0,0,0,0,4.333333333333333,NA,NA,NA,NA,37.5,NA,NA,75,20,70,30,30,20,NA,80,NA,100,90,80,70
NA,NA,0,NA,100,362,1,NA,NA,NA,NA,NA,NA,35.9937,-115.2867,NA,NA,1,1,3,NA,1,4,NA,NA,NA,NA,0,NA,NA,NA,1,2,2,2,2,2,2,50,0,2,NA,NA,NA,NA,NA,NA,1,NA,NA,NA,NA,NA,NA,NA,NA,2,NA,NA,NA,NA,50,0,NA,NA,NA,NA,NA,NA,NA,NA,NA,NA,NA,NA,5,5,5,0,100,0,100,0,100,0,100,50,100,50,100,0,NA,NA,NA,control,Democrat,NA,NA,NA,NA,NA,NA,NA,NA,369,NA,2449,NA,NA,NA,NA,NA,NA,NA,NA,NA,NA,55,NA,NA,NA,NA,NA,NA,NA,NA,NA,3,Lean D,0,Independent,0,Non-MAGA,Moderate,0,2,Control D,0,0,Control,0,50,0,50,NA,NA,NA,NA,NA,NA,0,0,0,0,50,50,NA,NA,NA,NA,NA,NA,100,100,100,100,100,100,1.75,medium,1,2,0,0,0,0,0,0,1,0,0,50,50,0,0,0,0,0,0,0,0,15,16.666666666666668,100,100,NA,0,50,100,100,0,0,0,0,50,50,100,100,100,100,100,100
NA,NA,0,NA,100,311,1,NA,NA,NA,NA,NA,NA,28.0635,-82.3086,NA,NA,1,1,1,2,NA,1,NA,NA,NA,NA,0,NA,NA,NA,5,4,4,3,2,3,1,85,0,2,NA,NA,NA,NA,NA,NA,NA,1,NA,NA,NA,NA,NA,NA,NA,NA,4,NA,NA,NA,85,0,NA,NA,NA,NA,NA,NA,NA,NA,NA,NA,NA,NA,5,5,4,100,100,90,100,5,85,0,100,65,30,35,85,0,NA,NA,NA,control,Democrat,NA,NA,NA,NA,NA,NA,NA,NA,322,NA,226,NA,NA,NA,NA,NA,NA,NA,NA,NA,NA,26,NA,NA,NA,NA,NA,NA,NA,NA,NA,1,Strong D,1,Democrat,0,Non-MAGA,Very liberal,0,2,Control D,0,0,Control,0,85,0,85,NA,NA,NA,NA,NA,NA,100,90,5,0,65,35,NA,NA,NA,NA,NA,NA,100,100,85,100,30,85,4,strong,2,2,0,0,0,0,0,0,0,1,0,85,85,0,0,0,0,0,0,0,0,4.666666666666667,49.166666666666664,83.33333333333333,83.33333333333333,NA,48.75,50,96.25,57.5,100,90,5,0,65,35,100,100,85,100,30,85
NA,NA,0,NA,100,300,1,NA,NA,NA,NA,NA,NA,28.6354,-81.4888,NA,NA,1,1,1,1,NA,1,NA,NA,NA,NA,0,NA,NA,NA,3,3,2,4,2,2,1,67,5,2,1,1,NA,1,1,NA,1,NA,NA,5,2,NA,5,3,NA,5,NA,NA,NA,NA,66,0,NA,NA,NA,NA,NA,NA,NA,NA,NA,NA,NA,NA,5,4,3,100,90,50,5,0,0,0,0,0,68,15,74,0,NA,NA,NA,treatment,Democrat,NA,NA,NA,NA,NA,NA,NA,NA,308,NA,2277,NA,NA,NA,NA,NA,NA,NA,NA,NA,NA,36,NA,NA,NA,NA,NA,NA,NA,NA,NA,2,Weak D,1,Democrat,0,Non-MAGA,Very liberal,1,4,Treatment D,0,1,Mismatch,5,67,0,66,NA,NA,NA,NA,NA,NA,100,50,0,0,0,15,NA,NA,NA,NA,NA,NA,90,5,0,0,68,74,3,strong,2,1.6666666666666667,1,1,0,1,1,0,1,0,0,67,66,5,0,-5,-1,-4,-1,-5,4,4,27.5,39.5,39.5,NA,37.5,7.5,23.75,71,100,50,0,0,0,15,90,5,0,0,68,74
NA,NA,0,NA,100,417,1,NA,NA,NA,NA,NA,NA,39.0469,-77.4903,NA,NA,1,1,1,1,NA,3,NA,NA,NA,NA,0,NA,NA,NA,3,3,3,2,2,3,4,90,50,2,1,NA,NA,1,1,1,1,NA,NA,4,NA,NA,4,4,4,5,NA,NA,NA,NA,100,30,NA,NA,NA,NA,NA,NA,NA,NA,NA,NA,NA,NA,5,5,5,16,80,0,100,50,50,20,30,20,50,50,50,0,NA,NA,NA,treatment,Democrat,NA,NA,NA,NA,NA,NA,NA,NA,433,NA,2722,NA,NA,NA,NA,NA,NA,NA,NA,NA,NA,32,NA,NA,NA,NA,NA,NA,NA,NA,NA,2,Weak D,1,Democrat,0,Non-MAGA,Slightly liberal,1,4,Treatment D,0,1,Mismatch,50,90,30,100,NA,NA,NA,NA,NA,NA,16,0,50,20,20,50,NA,NA,NA,NA,NA,NA,80,100,50,30,50,50,2.75,medium,1,3,1,0,0,1,1,1,1,0,0,90,100,50,30,-20,10,-30,10,-20,30,5,26,60,60,NA,21.5,35,65,50,16,0,50,20,20,50,80,100,50,30,50,50
NA,NA,0,NA,100,382,1,NA,NA,NA,NA,NA,NA,39.4006,-81.4482,NA,NA,1,1,1,2,NA,2,NA,NA,NA,NA,0,NA,NA,NA,3,3,4,4,3,4,3,70,5,2,1,NA,NA,NA,1,1,NA,NA,NA,2,NA,NA,NA,2,2,NA,NA,NA,NA,NA,70,5,NA,NA,NA,NA,NA,NA,NA,NA,NA,NA,NA,NA,4,2,1,60,80,30,70,10,40,0,40,2,60,0,55,0,NA,NA,NA,treatment,Democrat,NA,NA,NA,NA,NA,NA,NA,NA,393,NA,1229,NA,NA,NA,NA,NA,NA,NA,NA,NA,NA,41,NA,NA,NA,NA,NA,NA,NA,NA,NA,1,Strong D,1,Democrat,0,Non-MAGA,Somewhat liberal,1,4,Treatment D,0,1,Mismatch,5,70,5,70,NA,NA,NA,NA,NA,NA,60,30,10,0,2,0,NA,NA,NA,NA,NA,NA,80,70,40,40,60,55,3.5,strong,2,3.3333333333333335,1,0,0,0,1,1,0,0,0,70,70,5,5,0,0,0,0,0,0,2.3333333333333335,17,57.5,57.5,NA,25,1,57.5,57.5,60,30,10,0,2,0,80,70,40,40,60,55
NA,NA,0,NA,100,353,1,NA,NA,NA,NA,NA,NA,37.5503,-77.3942,NA,NA,1,1,2,2,NA,7,4,4,3,4,1,4,4,2,NA,NA,NA,NA,NA,NA,NA,30,77,2,NA,NA,NA,NA,NA,NA,NA,NA,1,NA,NA,NA,NA,NA,NA,NA,NA,4,4,1,20,75,61,70,20,33,0,6,1,9,10,10,3,22,NA,NA,NA,NA,NA,NA,NA,NA,NA,NA,NA,NA,NA,NA,NA,2,NA,NA,NA,treatment,Republican,NA,NA,NA,NA,NA,NA,NA,NA,367,NA,134,NA,NA,NA,NA,NA,NA,NA,NA,NA,NA,37,NA,NA,NA,NA,NA,NA,NA,NA,NA,7,Strong R,2,Republican,1,MAGA,Very conservative,1,3,Treatment R,1,2,Match,77,30,75,20,61,20,0,1,10,3,NA,NA,NA,NA,NA,NA,70,33,6,9,10,22,NA,NA,NA,NA,NA,NA,3.75,strong,2,3.3333333333333335,0,0,0,0,0,0,0,0,1,77,75,30,20,-2,-10,8,-2,-10,8,3,15.833333333333334,25,NA,25,20.5,6.5,29.5,16,61,20,0,1,10,3,70,33,6,9,10,22
NA,NA,0,NA,100,172,1,NA,NA,NA,NA,NA,NA,43.6714,-111.897,NA,NA,1,1,2,2,NA,6,3,3,1,3,1,1,1,4,NA,NA,NA,NA,NA,NA,NA,0,50,2,NA,NA,NA,NA,NA,NA,NA,NA,1,NA,NA,NA,NA,NA,NA,NA,NA,4,3,3,0,50,50,50,50,50,0,0,0,0,0,0,0,0,NA,NA,NA,NA,NA,NA,NA,NA,NA,NA,NA,NA,NA,NA,NA,2,NA,NA,NA,control,Republican,NA,NA,NA,NA,NA,NA,NA,NA,180,NA,7113,NA,NA,NA,NA,NA,NA,NA,NA,NA,NA,34,NA,NA,NA,NA,NA,NA,NA,NA,NA,7,Strong R,2,Republican,1,MAGA,Somewhat conservative,0,1,Control R,0,0,Control,50,0,50,0,50,50,0,0,0,0,NA,NA,NA,NA,NA,NA,50,50,0,0,0,0,NA,NA,NA,NA,NA,NA,2.5,medium,1,2,0,0,0,0,0,0,0,0,1,50,50,0,0,0,0,0,0,0,0,3.3333333333333335,16.666666666666668,16.666666666666668,NA,16.666666666666668,25,0,25,0,50,50,0,0,0,0,50,50,0,0,0,0
NA,NA,0,NA,100,441,1,NA,NA,NA,NA,NA,NA,33.7215,-118.0509,NA,NA,1,1,1,2,NA,1,NA,NA,NA,NA,0,NA,NA,NA,1,2,5,2,3,3,2,35,10,2,1,1,NA,1,NA,NA,1,NA,NA,4,4,NA,5,NA,NA,3,NA,NA,NA,NA,35,10,NA,NA,NA,NA,NA,NA,NA,NA,NA,NA,NA,NA,4,4,2,40,40,20,85,0,57,11,62,20,66,5,65,0,NA,NA,NA,control,Democrat,NA,NA,NA,NA,NA,NA,NA,NA,453,NA,15,NA,NA,NA,NA,NA,NA,NA,NA,NA,NA,38,NA,NA,NA,NA,NA,NA,NA,NA,NA,1,Strong D,1,Democrat,0,Non-MAGA,Very liberal,0,2,Control D,0,0,Control,10,35,10,35,NA,NA,NA,NA,NA,NA,40,20,0,11,20,5,NA,NA,NA,NA,NA,NA,40,85,57,62,66,65,2.5,medium,1,2.6666666666666665,1,1,0,1,0,0,1,0,0,35,35,10,10,0,0,0,0,0,0,3.3333333333333335,16,62.5,62.5,NA,17.75,12.5,61,65.5,40,20,0,11,20,5,40,85,57,62,66,65
NA,NA,0,NA,100,475,1,NA,NA,NA,NA,NA,NA,40.4438,-75.3426,NA,NA,1,1,2,2,NA,7,5,5,5,5,0,3,3,2,NA,NA,NA,NA,NA,NA,NA,20,83,2,NA,NA,NA,NA,NA,NA,NA,1,NA,NA,NA,NA,NA,NA,NA,NA,4,4,4,2,26,76,84,79,80,79,20,17,20,20,19,18,11,20,NA,NA,NA,NA,NA,NA,NA,NA,NA,NA,NA,NA,NA,NA,NA,1,NA,NA,NA,control,Republican,NA,NA,NA,NA,NA,NA,NA,NA,488,NA,17246,NA,NA,NA,NA,NA,NA,NA,NA,NA,NA,52,NA,NA,NA,NA,NA,NA,NA,NA,NA,7,Strong R,2,Republican,1,Non-MAGA,Very conservative,0,1,Control R,0,0,Control,83,20,76,26,84,80,20,20,19,11,NA,NA,NA,NA,NA,NA,79,79,17,20,18,20,NA,NA,NA,NA,NA,NA,5,strong,2,2.6666666666666665,0,0,0,0,0,0,0,1,0,83,76,20,26,-7,6,-13,-7,6,-13,3.3333333333333335,39,38.833333333333336,NA,38.833333333333336,51,15,48.75,19,84,80,20,20,19,11,79,79,17,20,18,20
NA,NA,0,NA,100,305,1,NA,NA,NA,NA,NA,NA,34.074,-118.2611,NA,NA,1,1,1,1,NA,2,NA,NA,NA,NA,0,NA,NA,NA,4,4,3,4,3,3,2,80,10,2,1,NA,NA,1,NA,1,NA,NA,NA,5,NA,NA,4,NA,3,NA,NA,NA,NA,NA,80,8,NA,NA,NA,NA,NA,NA,NA,NA,NA,NA,NA,NA,4,2,1,83,83,10,10,0,0,0,0,0,80,0,86,0,NA,NA,NA,treatment,Democrat,NA,NA,NA,NA,NA,NA,NA,NA,313,NA,6913,NA,NA,NA,NA,NA,NA,NA,NA,NA,NA,41,NA,NA,NA,NA,NA,NA,NA,NA,NA,2,Weak D,1,Democrat,0,Non-MAGA,Somewhat liberal,1,4,Treatment D,0,1,Mismatch,10,80,8,80,NA,NA,NA,NA,NA,NA,83,10,0,0,0,0,NA,NA,NA,NA,NA,NA,83,10,0,0,80,86,3.75,strong,2,2.6666666666666665,1,0,0,1,0,1,0,0,0,80,80,10,8,-2,0,-2,0,-2,2,2.3333333333333335,15.5,43.166666666666664,43.166666666666664,NA,23.25,0,23.25,83,83,10,0,0,0,0,83,10,0,0,80,86
NA,NA,0,NA,100,318,1,NA,NA,NA,NA,NA,NA,26.8238,-80.1407,NA,NA,0.899999976158142,1,3,NA,3,4,1,1,1,1,1,1,1,1,NA,NA,NA,NA,NA,NA,NA,0,70,2,NA,NA,NA,NA,NA,NA,NA,NA,1,NA,NA,NA,NA,NA,NA,NA,NA,5,5,5,0,70,0,40,0,30,0,0,0,0,0,0,0,0,NA,NA,NA,NA,NA,NA,NA,NA,NA,NA,NA,NA,NA,NA,NA,2,NA,NA,NA,control,Republican,NA,NA,NA,NA,NA,NA,NA,NA,338,NA,2685,NA,NA,NA,NA,NA,NA,NA,NA,NA,NA,58,NA,NA,NA,NA,NA,NA,NA,NA,NA,5,Lean R,0,Independent,1,MAGA,Moderate,0,1,Control R,0,0,Control,70,0,70,0,0,0,0,0,0,0,NA,NA,NA,NA,NA,NA,40,30,0,0,0,0,NA,NA,NA,NA,NA,NA,1,weak,0,1,0,0,0,0,0,0,0,0,1,70,70,0,0,0,0,0,0,0,0,5,0,11.666666666666666,NA,11.666666666666666,0,0,17.5,0,0,0,0,0,0,0,40,30,0,0,0,0
NA,NA,0,NA,100,242,1,NA,NA,NA,NA,NA,NA,33.5899,-112.1739,NA,NA,1,1,2,1,NA,5,3,3,3,3,0,3,3,3,NA,NA,NA,NA,NA,NA,NA,59,71,2,NA,NA,NA,NA,1,1,NA,NA,NA,NA,NA,NA,NA,3,3,NA,NA,4,4,3,65,73,25,28,10,16,0,1,0,0,0,10,0,6,NA,NA,NA,NA,NA,NA,NA,NA,NA,NA,NA,NA,NA,NA,NA,1,NA,NA,NA,treatment,Republican,NA,NA,NA,NA,NA,NA,NA,NA,253,NA,1483,NA,NA,NA,NA,NA,NA,NA,NA,NA,NA,28,NA,NA,NA,NA,NA,NA,NA,NA,NA,6,Weak R,2,Republican,1,Non-MAGA,Slightly conservative,1,3,Treatment R,1,2,Match,71,59,73,65,25,10,0,0,0,0,NA,NA,NA,NA,NA,NA,28,16,1,0,10,6,NA,NA,NA,NA,NA,NA,3,strong,2,3,0,0,0,0,1,1,0,0,0,71,73,59,65,2,6,-4,2,6,-4,3.6666666666666665,5.833333333333333,10.166666666666666,NA,10.166666666666666,8.75,0,11.25,8,25,10,0,0,0,0,28,16,1,0,10,6
NA,NA,0,NA,100,451,1,NA,NA,NA,NA,NA,NA,39.7764,-86.1077,NA,NA,1,1,2,2,NA,7,5,5,3,5,1,2,4,1,NA,NA,NA,NA,NA,NA,NA,0,100,2,1,NA,NA,NA,NA,NA,NA,NA,NA,3,NA,NA,NA,NA,NA,NA,NA,5,5,3,0,100,0,70,0,10,0,5,0,25,0,5,0,5,NA,NA,NA,NA,NA,NA,NA,NA,NA,NA,NA,NA,NA,NA,NA,2,NA,NA,NA,control,Republican,NA,NA,NA,NA,NA,NA,NA,NA,471,NA,93,NA,NA,NA,NA,NA,NA,NA,NA,NA,NA,65,NA,NA,NA,NA,NA,NA,NA,NA,NA,7,Strong R,2,Republican,1,MAGA,Very conservative,0,1,Control R,0,0,Control,100,0,100,0,0,0,0,0,0,0,NA,NA,NA,NA,NA,NA,70,10,5,25,5,5,NA,NA,NA,NA,NA,NA,4.5,strong,2,2.3333333333333335,1,0,0,0,0,0,0,0,0,100,100,0,0,0,0,0,0,0,0,4.333333333333333,0,20,NA,20,0,0,27.5,5,0,0,0,0,0,0,70,10,5,25,5,5
NA,NA,0,NA,100,251,1,NA,NA,NA,NA,NA,NA,32.7,-97.3824,NA,NA,1,1,1,2,NA,1,NA,NA,NA,NA,0,NA,NA,NA,3,4,4,5,3,4,2,80,30,2,NA,NA,NA,NA,NA,NA,NA,NA,1,NA,NA,NA,NA,NA,NA,NA,NA,NA,NA,NA,80,30,NA,NA,NA,NA,NA,NA,NA,NA,NA,NA,NA,NA,4,2,1,20,90,10,90,0,80,0,80,10,90,10,90,0,NA,NA,NA,control,Democrat,NA,NA,NA,NA,NA,NA,NA,NA,259,NA,155,NA,NA,NA,NA,NA,NA,NA,NA,NA,NA,49,NA,NA,NA,NA,NA,NA,NA,NA,NA,1,Strong D,1,Democrat,0,Non-MAGA,Very liberal,0,2,Control D,0,0,Control,30,80,30,80,NA,NA,NA,NA,NA,NA,20,10,0,0,10,10,NA,NA,NA,NA,NA,NA,90,90,80,80,90,90,4,strong,2,3,0,0,0,0,0,0,0,0,1,80,80,30,30,0,0,0,0,0,0,2.3333333333333335,8.333333333333334,86.66666666666667,86.66666666666667,NA,7.5,10,85,90,20,10,0,0,10,10,90,90,80,80,90,90
NA,NA,0,NA,100,498,1,NA,NA,NA,NA,NA,NA,33.6262,-112.0074,NA,NA,1,1,1,1,NA,2,NA,NA,NA,NA,0,NA,NA,NA,3,3,1,3,2,3,3,50,0,2,NA,NA,NA,NA,NA,NA,NA,NA,1,NA,NA,NA,NA,NA,NA,NA,NA,NA,NA,NA,50,0,NA,NA,NA,NA,NA,NA,NA,NA,NA,NA,NA,NA,4,3,1,0,0,0,0,0,0,0,0,0,0,0,0,0,NA,NA,NA,control,Democrat,NA,NA,NA,NA,NA,NA,NA,NA,510,NA,3649,NA,NA,NA,NA,NA,NA,NA,NA,NA,NA,48,NA,NA,NA,NA,NA,NA,NA,NA,NA,2,Weak D,1,Democrat,0,Non-MAGA,Somewhat liberal,0,2,Control D,0,0,Control,0,50,0,50,NA,NA,NA,NA,NA,NA,0,0,0,0,0,0,NA,NA,NA,NA,NA,NA,0,0,0,0,0,0,2.5,medium,1,2.6666666666666665,0,0,0,0,0,0,0,0,1,50,50,0,0,0,0,0,0,0,0,2.6666666666666665,0,0,0,NA,0,0,0,0,0,0,0,0,0,0,0,0,0,0,0,0
NA,NA,0,NA,100,215,1,NA,NA,NA,NA,NA,NA,41.5356,-90.616,NA,NA,1,1,2,1,NA,5,3,3,3,3,0,4,4,4,NA,NA,NA,NA,NA,NA,NA,63,71,2,NA,NA,NA,NA,NA,NA,NA,1,NA,NA,NA,NA,NA,NA,NA,NA,4,2,1,1,62,70,90,86,0,18,0,12,0,19,0,21,0,21,NA,NA,NA,NA,NA,NA,NA,NA,NA,NA,NA,NA,NA,NA,NA,1,NA,NA,NA,control,Republican,NA,NA,NA,NA,NA,NA,NA,NA,222,NA,14582,NA,NA,NA,NA,NA,NA,NA,NA,NA,NA,38,NA,NA,NA,NA,NA,NA,NA,NA,NA,6,Weak R,2,Republican,1,Non-MAGA,Slightly conservative,0,1,Control R,0,0,Control,71,63,70,62,90,0,0,0,0,0,NA,NA,NA,NA,NA,NA,86,18,12,19,21,21,NA,NA,NA,NA,NA,NA,3,strong,2,4,0,0,0,0,0,0,0,1,0,71,70,63,62,-1,-1,0,-1,-1,0,1.3333333333333333,15,29.5,NA,29.5,22.5,0,33.75,21,90,0,0,0,0,0,86,18,12,19,21,21
NA,NA,0,NA,100,499,1,NA,NA,NA,NA,NA,NA,40.8968,-80.8615,NA,NA,0.899999976158142,1,2,2,NA,6,3,4,3,3,0,2,2,1,NA,NA,NA,NA,NA,NA,NA,1,86,2,NA,NA,NA,NA,NA,NA,NA,1,NA,NA,NA,NA,NA,NA,NA,NA,3,5,5,4,1,85,40,40,4,15,0,1,0,3,0,1,0,2,NA,NA,NA,NA,NA,NA,NA,NA,NA,NA,NA,NA,NA,NA,NA,1,NA,NA,NA,control,Republican,NA,NA,NA,NA,NA,NA,NA,NA,508,NA,9411,NA,NA,NA,NA,NA,NA,NA,NA,NA,NA,72,NA,NA,NA,NA,NA,NA,NA,NA,NA,7,Strong R,2,Republican,1,Non-MAGA,Somewhat conservative,0,1,Control R,0,0,Control,86,1,85,1,40,4,0,0,0,0,NA,NA,NA,NA,NA,NA,40,15,1,3,1,2,NA,NA,NA,NA,NA,NA,3.25,strong,2,1.6666666666666667,0,0,0,0,0,0,0,1,0,86,85,1,1,-1,0,-1,-1,0,-1,4.666666666666667,7.333333333333333,10.333333333333334,NA,10.333333333333334,11,0,14.75,1.5,40,4,0,0,0,0,40,15,1,3,1,2
NA,NA,0,NA,100,358,1,NA,NA,NA,NA,NA,NA,35.7798,-78.6654,NA,NA,1,1,1,2,NA,2,NA,NA,NA,NA,0,NA,NA,NA,3,3,4,4,3,4,3,71,27,2,NA,NA,NA,1,NA,NA,1,NA,NA,NA,NA,NA,3,NA,NA,4,NA,NA,NA,NA,71,25,NA,NA,NA,NA,NA,NA,NA,NA,NA,NA,NA,NA,4,3,1,60,50,0,0,0,0,0,0,0,0,0,0,0,NA,NA,NA,treatment,Democrat,NA,NA,NA,NA,NA,NA,NA,NA,371,NA,6537,NA,NA,NA,NA,NA,NA,NA,NA,NA,NA,42,NA,NA,NA,NA,NA,NA,NA,NA,NA,1,Strong D,1,Democrat,0,Non-MAGA,Somewhat liberal,1,4,Treatment D,0,1,Mismatch,27,71,25,71,NA,NA,NA,NA,NA,NA,60,0,0,0,0,0,NA,NA,NA,NA,NA,NA,50,0,0,0,0,0,3.5,strong,2,3.3333333333333335,0,0,0,1,0,0,1,0,0,71,71,27,25,-2,0,-2,0,-2,2,2.6666666666666665,10,8.333333333333334,8.333333333333334,NA,15,0,12.5,0,60,0,0,0,0,0,50,0,0,0,0,0
NA,NA,0,NA,100,420,1,NA,NA,NA,NA,NA,NA,33.7518,-117.9932,NA,NA,0.899999976158142,1,2,1,NA,6,4,4,1,4,1,2,2,3,NA,NA,NA,NA,NA,NA,NA,5,90,2,NA,NA,NA,NA,NA,1,1,NA,NA,NA,NA,NA,NA,NA,3,3,NA,5,5,5,5,90,75,80,50,60,30,40,10,10,20,30,15,15,NA,NA,NA,NA,NA,NA,NA,NA,NA,NA,NA,NA,NA,NA,NA,2,NA,NA,NA,control,Republican,NA,NA,NA,NA,NA,NA,NA,NA,449,NA,9884,NA,NA,NA,NA,NA,NA,NA,NA,NA,NA,59,NA,NA,NA,NA,NA,NA,NA,NA,NA,6,Weak R,2,Republican,1,MAGA,Somewhat conservative,0,1,Control R,0,0,Control,90,5,90,5,75,50,30,10,20,15,NA,NA,NA,NA,NA,NA,80,60,40,10,30,15,NA,NA,NA,NA,NA,NA,3.25,strong,2,2.3333333333333335,0,0,0,0,0,1,1,0,0,90,90,5,5,0,0,0,0,0,0,5,33.333333333333336,39.166666666666664,NA,39.166666666666664,41.25,17.5,47.5,22.5,75,50,30,10,20,15,80,60,40,10,30,15
NA,NA,0,NA,100,257,1,NA,NA,NA,NA,NA,NA,34.3807,-81.0865,NA,NA,0.899999976158142,1,1,2,NA,1,NA,NA,NA,NA,0,NA,NA,NA,5,5,5,5,1,1,4,99,0,2,1,NA,1,NA,NA,1,1,NA,NA,3,NA,4,NA,NA,5,4,NA,NA,NA,NA,100,0,NA,NA,NA,NA,NA,NA,NA,NA,NA,NA,NA,NA,5,4,4,100,0,100,0,100,0,100,0,100,0,100,0,0,NA,NA,NA,treatment,Democrat,NA,NA,NA,NA,NA,NA,NA,NA,276,NA,3356,NA,NA,NA,NA,NA,NA,NA,NA,NA,NA,38,NA,NA,NA,NA,NA,NA,NA,NA,NA,1,Strong D,1,Democrat,0,Non-MAGA,Very liberal,1,4,Treatment D,0,1,Mismatch,0,99,0,100,NA,NA,NA,NA,NA,NA,100,100,100,100,100,100,NA,NA,NA,NA,NA,NA,0,0,0,0,0,0,5,strong,2,2,1,0,1,0,0,1,1,0,0,99,100,0,0,0,1,-1,1,0,1,4.333333333333333,100,0,0,NA,100,100,0,0,100,100,100,100,100,100,0,0,0,0,0,0
NA,NA,0,NA,100,439,1,NA,NA,NA,NA,NA,NA,28.5978,-81.3024,NA,NA,1,1,3,NA,1,3,NA,NA,NA,NA,0,NA,NA,NA,3,3,5,3,4,4,4,80,20,2,NA,NA,NA,NA,NA,NA,NA,1,NA,NA,NA,NA,NA,NA,NA,NA,5,NA,NA,NA,50,50,NA,NA,NA,NA,NA,NA,NA,NA,NA,NA,NA,NA,3,3,3,0,0,0,0,0,0,0,0,0,0,0,0,0,NA,NA,NA,control,Democrat,NA,NA,NA,NA,NA,NA,NA,NA,449,NA,2352,NA,NA,NA,NA,NA,NA,NA,NA,NA,NA,67,NA,NA,NA,NA,NA,NA,NA,NA,NA,3,Lean D,0,Independent,0,Non-MAGA,Slightly liberal,0,2,Control D,0,0,Control,20,80,50,50,NA,NA,NA,NA,NA,NA,0,0,0,0,0,0,NA,NA,NA,NA,NA,NA,0,0,0,0,0,0,3.5,strong,2,4,0,0,0,0,0,0,0,1,0,80,50,20,50,30,-30,60,-30,30,-60,9,0,0,0,NA,0,0,0,0,0,0,0,0,0,0,0,0,0,0,0,0
NA,NA,0,NA,100,389,1,NA,NA,NA,NA,NA,NA,28.8525,-82.4858,NA,NA,1,1,1,2,NA,1,NA,NA,NA,NA,0,NA,NA,NA,5,4,4,5,3,4,2,70,25,2,1,NA,NA,1,1,1,1,NA,NA,4,NA,NA,4,3,3,3,NA,NA,NA,NA,70,25,NA,NA,NA,NA,NA,NA,NA,NA,NA,NA,NA,NA,5,3,2,40,30,35,30,20,15,0,0,40,20,30,20,0,NA,NA,NA,treatment,Democrat,NA,NA,NA,NA,NA,NA,NA,NA,398,NA,13771,NA,NA,NA,NA,NA,NA,NA,NA,NA,NA,38,NA,NA,NA,NA,NA,NA,NA,NA,NA,1,Strong D,1,Democrat,0,Non-MAGA,Very liberal,1,4,Treatment D,0,1,Mismatch,25,70,25,70,NA,NA,NA,NA,NA,NA,40,35,20,0,40,30,NA,NA,NA,NA,NA,NA,30,30,15,0,20,20,4.5,strong,2,3,1,0,0,1,1,1,1,0,0,70,70,25,25,0,0,0,0,0,0,3.3333333333333335,27.5,19.166666666666668,19.166666666666668,NA,23.75,35,18.75,20,40,35,20,0,40,30,30,30,15,0,20,20
NA,NA,0,NA,100,448,1,NA,NA,NA,NA,NA,NA,39.7285,-84.1919,NA,NA,1,1,1,1,NA,2,NA,NA,NA,NA,0,NA,NA,NA,4,5,3,5,2,3,3,85,25,2,1,NA,NA,1,NA,1,NA,NA,NA,3,NA,NA,4,NA,2,NA,NA,NA,NA,NA,85,25,NA,NA,NA,NA,NA,NA,NA,NA,NA,NA,NA,NA,4,3,3,30,60,10,25,0,5,0,10,0,10,0,5,0,NA,NA,NA,treatment,Democrat,NA,NA,NA,NA,NA,NA,NA,NA,457,NA,4796,NA,NA,NA,NA,NA,NA,NA,NA,NA,NA,31,NA,NA,NA,NA,NA,NA,NA,NA,NA,2,Weak D,1,Democrat,0,Non-MAGA,Somewhat liberal,1,4,Treatment D,0,1,Mismatch,25,85,25,85,NA,NA,NA,NA,NA,NA,30,10,0,0,0,0,NA,NA,NA,NA,NA,NA,60,25,5,10,10,5,4.25,strong,2,2.6666666666666665,1,0,0,1,0,1,0,0,0,85,85,25,25,0,0,0,0,0,0,3.3333333333333335,6.666666666666667,19.166666666666668,19.166666666666668,NA,10,0,25,7.5,30,10,0,0,0,0,60,25,5,10,10,5
NA,NA,0,NA,100,294,1,NA,NA,NA,NA,NA,NA,41.8501,-72.4649,NA,NA,1,1,1,1,NA,3,NA,NA,NA,NA,0,NA,NA,NA,2,2,2,3,3,3,2,60,32,2,NA,NA,NA,NA,NA,NA,NA,NA,1,NA,NA,NA,NA,NA,NA,NA,NA,NA,NA,NA,62,30,NA,NA,NA,NA,NA,NA,NA,NA,NA,NA,NA,NA,4,4,1,32,67,21,70,0,31,0,35,21,35,0,36,0,NA,NA,NA,control,Democrat,NA,NA,NA,NA,NA,NA,NA,NA,306,NA,290,NA,NA,NA,NA,NA,NA,NA,NA,NA,NA,32,NA,NA,NA,NA,NA,NA,NA,NA,NA,2,Weak D,1,Democrat,0,Non-MAGA,Slightly liberal,0,2,Control D,0,0,Control,32,60,30,62,NA,NA,NA,NA,NA,NA,32,21,0,0,21,0,NA,NA,NA,NA,NA,NA,67,70,31,35,35,36,2.25,medium,1,2.6666666666666665,0,0,0,0,0,0,0,0,1,60,62,32,30,-2,2,-4,2,-2,4,3,12.333333333333334,45.666666666666664,45.666666666666664,NA,13.25,10.5,50.75,35.5,32,21,0,0,21,0,67,70,31,35,35,36
NA,NA,0,NA,100,516,1,NA,NA,NA,NA,NA,NA,43.0801,-77.6342,NA,NA,1,1,3,NA,1,1,NA,NA,NA,NA,0,NA,NA,NA,1,1,2,2,1,1,1,55,0,2,1,NA,NA,1,1,1,NA,NA,NA,2,NA,NA,4,3,2,NA,NA,NA,NA,NA,55,0,NA,NA,NA,NA,NA,NA,NA,NA,NA,NA,NA,NA,2,5,1,85,95,65,75,100,100,60,85,90,100,100,100,0,NA,NA,NA,treatment,Democrat,NA,NA,NA,NA,NA,NA,NA,NA,529,NA,40,NA,NA,NA,NA,NA,NA,NA,NA,NA,NA,21,NA,NA,NA,NA,NA,NA,NA,NA,NA,3,Lean D,0,Independent,0,Non-MAGA,Very liberal,1,4,Treatment D,0,1,Mismatch,0,55,0,55,NA,NA,NA,NA,NA,NA,85,65,100,60,90,100,NA,NA,NA,NA,NA,NA,95,75,100,85,100,100,1.5,weak,1,1,1,0,0,1,1,1,0,0,0,55,55,0,0,0,0,0,0,0,0,8,83.33333333333333,92.5,92.5,NA,77.5,95,88.75,100,85,65,100,60,90,100,95,75,100,85,100,100
NA,NA,0,NA,100,374,1,NA,NA,NA,NA,NA,NA,37.3209,-121.9126,NA,NA,1,1,1,1,NA,3,NA,NA,NA,NA,0,NA,NA,NA,3,3,4,4,3,3,3,61,30,2,NA,NA,NA,NA,NA,1,1,NA,NA,NA,NA,NA,NA,NA,4,2,NA,NA,NA,NA,63,24,NA,NA,NA,NA,NA,NA,NA,NA,NA,NA,NA,NA,4,2,2,18,65,63,97,9,36,11,45,7,25,8,10,0,NA,NA,NA,control,Democrat,NA,NA,NA,NA,NA,NA,NA,NA,384,NA,83,NA,NA,NA,NA,NA,NA,NA,NA,NA,NA,22,NA,NA,NA,NA,NA,NA,NA,NA,NA,2,Weak D,1,Democrat,0,Non-MAGA,Slightly liberal,0,2,Control D,0,0,Control,30,61,24,63,NA,NA,NA,NA,NA,NA,18,63,9,11,7,8,NA,NA,NA,NA,NA,NA,65,97,36,45,25,10,3.5,strong,2,3,0,0,0,0,0,1,1,0,0,61,63,30,24,-6,2,-8,2,-6,8,2.6666666666666665,19.333333333333332,46.333333333333336,46.333333333333336,NA,25.25,7.5,60.75,17.5,18,63,9,11,7,8,65,97,36,45,25,10
NA,NA,0,NA,100,381,1,NA,NA,NA,NA,NA,NA,41.1314,-100.7751,NA,NA,1,1,2,1,NA,5,2,3,3,3,0,3,4,3,NA,NA,NA,NA,NA,NA,NA,11,40,2,NA,NA,NA,NA,NA,1,NA,NA,NA,NA,NA,NA,NA,NA,2,NA,NA,3,1,1,9,39,0,50,0,8,0,5,0,1,0,2,0,1,NA,NA,NA,NA,NA,NA,NA,NA,NA,NA,NA,NA,NA,NA,NA,1,NA,NA,NA,control,Republican,NA,NA,NA,NA,NA,NA,NA,NA,389,NA,10416,NA,NA,NA,NA,NA,NA,NA,NA,NA,NA,43,NA,NA,NA,NA,NA,NA,NA,NA,NA,6,Weak R,2,Republican,1,Non-MAGA,Slightly conservative,0,1,Control R,0,0,Control,40,11,39,9,0,0,0,0,0,0,NA,NA,NA,NA,NA,NA,50,8,5,1,2,1,NA,NA,NA,NA,NA,NA,2.75,medium,1,3.3333333333333335,0,0,0,0,0,1,0,0,0,40,39,11,9,-1,-2,1,-1,-2,1,1.6666666666666667,0,11.166666666666666,NA,11.166666666666666,0,0,16,1.5,0,0,0,0,0,0,50,8,5,1,2,1
NA,NA,0,NA,100,356,1,NA,NA,NA,NA,NA,NA,37.8828,-122.1717,NA,NA,1,1,3,NA,1,3,NA,NA,NA,NA,0,NA,NA,NA,1,3,1,2,4,4,4,65,55,2,1,NA,NA,1,1,1,1,NA,NA,5,NA,NA,5,4,3,4,NA,NA,NA,NA,66,55,NA,NA,NA,NA,NA,NA,NA,NA,NA,NA,NA,NA,1,1,1,50,50,0,0,0,0,0,0,60,5,75,50,0,NA,NA,NA,treatment,Democrat,NA,NA,NA,NA,NA,NA,NA,NA,363,NA,11,NA,NA,NA,NA,NA,NA,NA,NA,NA,NA,32,NA,NA,NA,NA,NA,NA,NA,NA,NA,3,Lean D,0,Independent,0,Non-MAGA,Slightly liberal,1,4,Treatment D,0,1,Mismatch,55,65,55,66,NA,NA,NA,NA,NA,NA,50,0,0,0,60,75,NA,NA,NA,NA,NA,NA,50,0,0,0,5,50,1.75,medium,1,4,1,0,0,1,1,1,1,0,0,65,66,55,55,0,1,-1,1,0,1,3,30.833333333333332,17.5,17.5,NA,12.5,67.5,12.5,27.5,50,0,0,0,60,75,50,0,0,0,5,50
NA,NA,0,NA,100,316,1,NA,NA,NA,NA,NA,NA,32.1388,-111.0496,NA,NA,0.899999976158142,1,2,1,NA,5,3,2,1,3,0,2,2,3,NA,NA,NA,NA,NA,NA,NA,25,45,2,NA,NA,NA,NA,NA,NA,NA,1,NA,NA,NA,NA,NA,NA,NA,NA,4,4,4,3,25,45,0,23,0,57,0,0,0,0,0,25,0,42,NA,NA,NA,NA,NA,NA,NA,NA,NA,NA,NA,NA,NA,NA,NA,1,NA,NA,NA,control,Republican,NA,NA,NA,NA,NA,NA,NA,NA,325,NA,7102,NA,NA,NA,NA,NA,NA,NA,NA,NA,NA,77,NA,NA,NA,NA,NA,NA,NA,NA,NA,6,Weak R,2,Republican,1,Non-MAGA,Slightly conservative,0,1,Control R,0,0,Control,45,25,45,25,0,0,0,0,0,0,NA,NA,NA,NA,NA,NA,23,57,0,0,25,42,NA,NA,NA,NA,NA,NA,2.25,medium,1,2.3333333333333335,0,0,0,0,0,0,0,1,0,45,45,25,25,0,0,0,0,0,0,3.6666666666666665,0,24.5,NA,24.5,0,0,20,33.5,0,0,0,0,0,0,23,57,0,0,25,42
NA,NA,0,NA,100,332,1,NA,NA,NA,NA,NA,NA,39.9943,-75.1181,NA,NA,1,1,2,1,NA,5,2,2,4,3,0,4,4,4,NA,NA,NA,NA,NA,NA,NA,100,100,2,NA,NA,NA,NA,NA,NA,NA,1,NA,NA,NA,NA,NA,NA,NA,NA,3,1,1,1,100,100,50,100,25,56,0,44,0,30,0,62,0,32,NA,NA,NA,NA,NA,NA,NA,NA,NA,NA,NA,NA,NA,NA,NA,1,NA,NA,NA,control,Republican,NA,NA,NA,NA,NA,NA,NA,NA,354,NA,8111,NA,NA,NA,NA,NA,NA,NA,NA,NA,NA,45,NA,NA,NA,NA,NA,NA,NA,NA,NA,6,Weak R,2,Republican,1,Non-MAGA,Slightly conservative,0,1,Control R,0,0,Control,100,100,100,100,50,25,0,0,0,0,NA,NA,NA,NA,NA,NA,100,56,44,30,62,32,NA,NA,NA,NA,NA,NA,2.75,medium,1,4,0,0,0,0,0,0,0,1,0,100,100,100,100,0,0,0,0,0,0,1,12.5,54,NA,54,18.75,0,57.5,47,50,25,0,0,0,0,100,56,44,30,62,32
NA,NA,0,NA,100,205,1,NA,NA,NA,NA,NA,NA,38.6397,-75.6047,NA,NA,1,1,1,1,NA,3,NA,NA,NA,NA,0,NA,NA,NA,2,3,2,3,2,2,2,47,23,2,NA,NA,NA,NA,NA,NA,NA,1,NA,NA,NA,NA,NA,NA,NA,NA,3,NA,NA,NA,37,18,NA,NA,NA,NA,NA,NA,NA,NA,NA,NA,NA,NA,4,4,3,26,25,9,9,5,5,8,8,7,8,9,17,0,NA,NA,NA,control,Democrat,NA,NA,NA,NA,NA,NA,NA,NA,213,NA,9941,NA,NA,NA,NA,NA,NA,NA,NA,NA,NA,45,NA,NA,NA,NA,NA,NA,NA,NA,NA,2,Weak D,1,Democrat,0,Non-MAGA,Slightly liberal,0,2,Control D,0,0,Control,23,47,18,37,NA,NA,NA,NA,NA,NA,26,9,5,8,7,9,NA,NA,NA,NA,NA,NA,25,9,5,8,8,17,2.5,medium,1,2,0,0,0,0,0,0,0,1,0,47,37,23,18,-5,-10,5,-10,-5,-5,3.6666666666666665,10.666666666666666,12,12,NA,12,8,11.75,12.5,26,9,5,8,7,9,25,9,5,8,8,17
NA,NA,0,NA,100,590,1,NA,NA,NA,NA,NA,NA,36.1876,-86.6119,NA,NA,0.899999976158142,1,3,NA,1,2,NA,NA,NA,NA,0,NA,NA,NA,2,3,3,3,3,3,2,70,29,2,1,NA,NA,1,NA,NA,NA,NA,NA,5,NA,NA,5,NA,NA,NA,NA,NA,NA,NA,80,25,NA,NA,NA,NA,NA,NA,NA,NA,NA,NA,NA,NA,5,4,3,60,90,65,90,0,90,0,85,70,95,30,90,0,NA,NA,NA,treatment,Democrat,NA,NA,NA,NA,NA,NA,NA,NA,604,NA,18,NA,NA,NA,NA,NA,NA,NA,NA,NA,NA,48,NA,NA,NA,NA,NA,NA,NA,NA,NA,3,Lean D,0,Independent,0,Non-MAGA,Somewhat liberal,1,4,Treatment D,0,1,Mismatch,29,70,25,80,NA,NA,NA,NA,NA,NA,60,65,0,0,70,30,NA,NA,NA,NA,NA,NA,90,90,90,85,95,90,2.75,medium,1,2.6666666666666665,1,0,0,1,0,0,0,0,0,70,80,29,25,-4,10,-14,10,-4,14,12,37.5,90,90,NA,31.25,50,88.75,92.5,60,65,0,0,70,30,90,90,90,85,95,90
NA,NA,0,NA,100,189,1,NA,NA,NA,NA,NA,NA,34.1057,-118.3286,NA,NA,0.899999976158142,1,1,2,NA,1,NA,NA,NA,NA,0,NA,NA,NA,5,5,1,4,1,2,2,60,0,2,NA,NA,NA,NA,NA,NA,NA,NA,1,NA,NA,NA,NA,NA,NA,NA,NA,NA,NA,NA,60,0,NA,NA,NA,NA,NA,NA,NA,NA,NA,NA,NA,NA,5,5,1,100,50,0,0,0,0,0,0,0,5,0,8,0,NA,NA,NA,control,Democrat,NA,NA,NA,NA,NA,NA,NA,NA,196,NA,12208,NA,NA,NA,NA,NA,NA,NA,NA,NA,NA,36,NA,NA,NA,NA,NA,NA,NA,NA,NA,1,Strong D,1,Democrat,0,Non-MAGA,Very liberal,0,2,Control D,0,0,Control,0,60,0,60,NA,NA,NA,NA,NA,NA,100,0,0,0,0,0,NA,NA,NA,NA,NA,NA,50,0,0,0,5,8,3.75,strong,2,1.6666666666666667,0,0,0,0,0,0,0,0,1,60,60,0,0,0,0,0,0,0,0,3.6666666666666665,16.666666666666668,10.5,10.5,NA,25,0,12.5,6.5,100,0,0,0,0,0,50,0,0,0,5,8
NA,NA,0,NA,100,609,1,NA,NA,NA,NA,NA,NA,46.2109,-119.168,NA,NA,1,1,1,2,NA,1,NA,NA,NA,NA,0,NA,NA,NA,4,3,4,4,2,2,2,100,0,2,NA,NA,NA,NA,NA,1,NA,1,NA,NA,NA,NA,NA,NA,3,NA,4,NA,NA,NA,100,0,NA,NA,NA,NA,NA,NA,NA,NA,NA,NA,NA,NA,5,5,5,100,80,90,83,88,77,85,67,79,99,65,86,0,NA,NA,NA,control,Democrat,NA,NA,NA,NA,NA,NA,NA,NA,620,NA,621,NA,NA,NA,NA,NA,NA,NA,NA,NA,NA,25,NA,NA,NA,NA,NA,NA,NA,NA,NA,1,Strong D,1,Democrat,0,Non-MAGA,Very liberal,0,2,Control D,0,0,Control,0,100,0,100,NA,NA,NA,NA,NA,NA,100,90,88,85,79,65,NA,NA,NA,NA,NA,NA,80,83,77,67,99,86,3.75,strong,2,2,0,0,0,0,0,1,0,1,0,100,100,0,0,0,0,0,0,0,0,5,84.5,82,82,NA,90.75,72,76.75,92.5,100,90,88,85,79,65,80,83,77,67,99,86
NA,NA,0,NA,100,444,1,NA,NA,NA,NA,NA,NA,41.945,-87.7996,NA,NA,0.899999976158142,1,1,2,NA,2,NA,NA,NA,NA,0,NA,NA,NA,3,2,NA,3,2,2,2,55,0,2,NA,NA,NA,1,NA,NA,NA,NA,NA,NA,NA,NA,4,NA,NA,NA,NA,NA,NA,NA,55,0,NA,NA,NA,NA,NA,NA,NA,NA,NA,NA,NA,NA,4,1,1,100,100,50,50,0,40,0,35,30,70,0,70,0,NA,NA,NA,treatment,Democrat,NA,NA,NA,NA,NA,NA,NA,NA,458,NA,7279,NA,NA,NA,NA,NA,NA,NA,NA,NA,NA,54,NA,NA,NA,NA,NA,NA,NA,NA,NA,1,Strong D,1,Democrat,0,Non-MAGA,Somewhat liberal,1,4,Treatment D,0,1,Mismatch,0,55,0,55,NA,NA,NA,NA,NA,NA,100,50,0,0,30,0,NA,NA,NA,NA,NA,NA,100,50,40,35,70,70,NA,NA,NA,2,0,0,0,1,0,0,0,0,0,55,55,0,0,0,0,0,0,0,0,2,30,60.833333333333336,60.833333333333336,NA,37.5,15,56.25,70,100,50,0,0,30,0,100,50,40,35,70,70
NA,NA,0,NA,100,328,1,NA,NA,NA,NA,NA,NA,38.0052,-84.423,NA,NA,1,1,1,1,NA,4,NA,NA,NA,NA,0,NA,NA,NA,2,2,2,2,3,3,2,60,40,2,NA,NA,NA,NA,NA,NA,NA,NA,1,NA,NA,NA,NA,NA,NA,NA,NA,NA,NA,NA,60,40,NA,NA,NA,NA,NA,NA,NA,NA,NA,NA,NA,NA,4,3,1,40,40,30,30,0,0,10,10,0,0,0,20,0,NA,NA,NA,control,Democrat,NA,NA,NA,NA,NA,NA,NA,NA,335,NA,10406,NA,NA,NA,NA,NA,NA,NA,NA,NA,NA,47,NA,NA,NA,NA,NA,NA,NA,NA,NA,2,Weak D,1,Democrat,0,Non-MAGA,Moderate,0,2,Control D,0,0,Control,40,60,40,60,NA,NA,NA,NA,NA,NA,40,30,0,10,0,0,NA,NA,NA,NA,NA,NA,40,30,0,10,0,20,2,medium,1,2.6666666666666665,0,0,0,0,0,0,0,0,1,60,60,40,40,0,0,0,0,0,0,2.6666666666666665,13.333333333333334,16.666666666666668,16.666666666666668,NA,20,0,20,10,40,30,0,10,0,0,40,30,0,10,0,20
NA,NA,0,NA,100,284,1,NA,NA,NA,NA,NA,NA,41.3472,-75.9854,NA,NA,1,1,2,1,NA,5,3,3,2,2,0,4,4,4,NA,NA,NA,NA,NA,NA,NA,39,68,2,NA,NA,NA,1,NA,1,1,NA,NA,NA,NA,NA,3,NA,3,3,NA,4,3,1,40,67,50,43,0,80,0,19,0,14,0,11,0,10,NA,NA,NA,NA,NA,NA,NA,NA,NA,NA,NA,NA,NA,NA,NA,1,NA,NA,NA,treatment,Republican,NA,NA,NA,NA,NA,NA,NA,NA,294,NA,499,NA,NA,NA,NA,NA,NA,NA,NA,NA,NA,33,NA,NA,NA,NA,NA,NA,NA,NA,NA,6,Weak R,2,Republican,1,Non-MAGA,Slightly conservative,1,3,Treatment R,1,2,Match,68,39,67,40,50,0,0,0,0,0,NA,NA,NA,NA,NA,NA,43,80,19,14,11,10,NA,NA,NA,NA,NA,NA,2.5,medium,1,4,0,0,0,1,0,1,1,0,0,68,67,39,40,-1,1,-2,-1,1,-2,2.6666666666666665,8.333333333333334,29.5,NA,29.5,12.5,0,39,10.5,50,0,0,0,0,0,43,80,19,14,11,10
NA,NA,0,NA,100,568,1,NA,NA,NA,NA,NA,NA,34.777,-77.3769,NA,NA,0.899999976158142,1,1,2,NA,1,NA,NA,NA,NA,0,NA,NA,NA,5,4,4,5,1,1,4,58,0,2,NA,NA,1,NA,NA,NA,NA,NA,NA,NA,NA,1,NA,NA,NA,NA,NA,NA,NA,NA,50,0,NA,NA,NA,NA,NA,NA,NA,NA,NA,NA,NA,NA,5,5,5,96,99,13,0,0,0,6,0,56,0,100,0,0,NA,NA,NA,treatment,Democrat,NA,NA,NA,NA,NA,NA,NA,NA,578,NA,16210,NA,NA,NA,NA,NA,NA,NA,NA,NA,NA,31,NA,NA,NA,NA,NA,NA,NA,NA,NA,1,Strong D,1,Democrat,0,Non-MAGA,Very liberal,1,4,Treatment D,0,1,Mismatch,0,58,0,50,NA,NA,NA,NA,NA,NA,96,13,0,6,56,100,NA,NA,NA,NA,NA,NA,99,0,0,0,0,0,4.5,strong,2,2,0,0,1,0,0,0,0,0,0,58,50,0,0,0,-8,8,-8,0,-8,5,45.166666666666664,16.5,16.5,NA,28.75,78,24.75,0,96,13,0,6,56,100,99,0,0,0,0,0
NA,NA,0,NA,100,504,1,NA,NA,NA,NA,NA,NA,33.8468,-80.3501,NA,NA,0.899999976158142,1,1,2,NA,6,NA,NA,NA,NA,0,NA,NA,NA,4,4,4,4,4,4,4,95,67,2,NA,NA,NA,NA,NA,NA,NA,1,NA,NA,NA,NA,NA,NA,NA,NA,4,NA,NA,NA,85,69,NA,NA,NA,NA,NA,NA,NA,NA,NA,NA,NA,NA,3,2,2,72,35,8,28,12,11,0,9,0,23,3,3,0,NA,NA,NA,control,Democrat,NA,NA,NA,NA,NA,NA,NA,NA,524,NA,597,NA,NA,NA,NA,NA,NA,NA,NA,NA,NA,18,NA,NA,NA,NA,NA,NA,NA,NA,NA,1,Strong D,1,Democrat,0,Non-MAGA,Somewhat conservative,0,2,Control D,0,0,Control,67,95,69,85,NA,NA,NA,NA,NA,NA,72,8,12,0,0,3,NA,NA,NA,NA,NA,NA,35,28,11,9,23,3,4,strong,2,4,0,0,0,0,0,0,0,1,0,95,85,67,69,2,-10,12,-10,2,-12,2.3333333333333335,15.833333333333334,18.166666666666668,18.166666666666668,NA,23,1.5,20.75,13,72,8,12,0,0,3,35,28,11,9,23,3
NA,NA,0,NA,100,316,1,NA,NA,NA,NA,NA,NA,45.6435,-122.6247,NA,NA,1,1,3,NA,1,3,NA,NA,NA,NA,0,NA,NA,NA,1,2,1,2,3,3,2,50,50,2,NA,1,NA,1,NA,NA,1,NA,NA,NA,4,NA,5,NA,NA,4,NA,NA,NA,NA,35,30,NA,NA,NA,NA,NA,NA,NA,NA,NA,NA,NA,NA,4,4,1,50,50,50,50,0,0,0,0,0,0,0,0,0,NA,NA,NA,treatment,Democrat,NA,NA,NA,NA,NA,NA,NA,NA,415,NA,619,NA,NA,NA,NA,NA,NA,NA,NA,NA,NA,33,NA,NA,NA,NA,NA,NA,NA,NA,NA,3,Lean D,0,Independent,0,Non-MAGA,Slightly liberal,1,4,Treatment D,0,1,Mismatch,50,50,30,35,NA,NA,NA,NA,NA,NA,50,50,0,0,0,0,NA,NA,NA,NA,NA,NA,50,50,0,0,0,0,1.5,weak,1,2.6666666666666665,0,1,0,1,0,0,1,0,0,50,35,50,30,-20,-15,-5,-15,-20,5,9,16.666666666666668,16.666666666666668,16.666666666666668,NA,25,0,25,0,50,50,0,0,0,0,50,50,0,0,0,0
NA,NA,0,NA,100,311,1,NA,NA,NA,NA,NA,NA,35.2416,-81.2181,NA,NA,1,1,1,2,NA,1,NA,NA,NA,NA,0,NA,NA,NA,4,3,3,3,3,4,4,30,18,2,NA,NA,NA,1,NA,NA,NA,NA,NA,NA,NA,NA,4,NA,NA,NA,NA,NA,NA,NA,29,10,NA,NA,NA,NA,NA,NA,NA,NA,NA,NA,NA,NA,3,2,1,50,50,28,73,50,50,0,43,0,34,0,34,0,NA,NA,NA,treatment,Democrat,NA,NA,NA,NA,NA,NA,NA,NA,331,NA,9337,NA,NA,NA,NA,NA,NA,NA,NA,NA,NA,41,NA,NA,NA,NA,NA,NA,NA,NA,NA,1,Strong D,1,Democrat,0,Non-MAGA,Very liberal,1,4,Treatment D,0,1,Mismatch,18,30,10,29,NA,NA,NA,NA,NA,NA,50,28,50,0,0,0,NA,NA,NA,NA,NA,NA,50,73,50,43,34,34,3.25,strong,2,3.6666666666666665,0,0,0,1,0,0,0,0,0,30,29,18,10,-8,-1,-7,-1,-8,7,2,21.333333333333332,47.333333333333336,47.333333333333336,NA,32,0,54,34,50,28,50,0,0,0,50,73,50,43,34,34
NA,NA,0,NA,100,175,1,NA,NA,NA,NA,NA,NA,42.4509,-73.2495,NA,NA,1,1,2,2,NA,6,3,3,2,3,1,2,2,3,NA,NA,NA,NA,NA,NA,NA,0,80,2,NA,NA,NA,NA,NA,NA,NA,NA,1,NA,NA,NA,NA,NA,NA,NA,NA,4,4,3,0,80,55,55,20,45,0,10,10,15,0,10,0,10,NA,NA,NA,NA,NA,NA,NA,NA,NA,NA,NA,NA,NA,NA,NA,2,NA,NA,NA,control,Republican,NA,NA,NA,NA,NA,NA,NA,NA,181,NA,2282,NA,NA,NA,NA,NA,NA,NA,NA,NA,NA,29,NA,NA,NA,NA,NA,NA,NA,NA,NA,7,Strong R,2,Republican,1,MAGA,Somewhat conservative,0,1,Control R,0,0,Control,80,0,80,0,55,20,0,10,0,0,NA,NA,NA,NA,NA,NA,55,45,10,15,10,10,NA,NA,NA,NA,NA,NA,2.75,medium,1,2.3333333333333335,0,0,0,0,0,0,0,0,1,80,80,0,0,0,0,0,0,0,0,3.6666666666666665,14.166666666666666,24.166666666666668,NA,24.166666666666668,21.25,0,31.25,10,55,20,0,10,0,0,55,45,10,15,10,10
NA,NA,0,NA,100,630,1,NA,NA,NA,NA,NA,NA,33.675,-118.0027,NA,NA,1,1,1,2,NA,2,NA,NA,NA,NA,0,NA,NA,NA,4,3,3,4,2,2,2,81,20,2,1,NA,NA,1,NA,NA,NA,NA,NA,3,NA,NA,5,NA,NA,NA,NA,NA,NA,NA,75,18,NA,NA,NA,NA,NA,NA,NA,NA,NA,NA,NA,NA,4,2,2,60,85,46,16,0,86,0,86,0,85,0,91,0,NA,NA,NA,treatment,Democrat,NA,NA,NA,NA,NA,NA,NA,NA,642,NA,15,NA,NA,NA,NA,NA,NA,NA,NA,NA,NA,32,NA,NA,NA,NA,NA,NA,NA,NA,NA,1,Strong D,1,Democrat,0,Non-MAGA,Somewhat liberal,1,4,Treatment D,0,1,Mismatch,20,81,18,75,NA,NA,NA,NA,NA,NA,60,46,0,0,0,0,NA,NA,NA,NA,NA,NA,85,16,86,86,85,91,3.5,strong,2,2,1,0,0,1,0,0,0,0,0,81,75,20,18,-2,-6,4,-6,-2,-4,2.6666666666666665,17.666666666666668,74.83333333333333,74.83333333333333,NA,26.5,0,68.25,88,60,46,0,0,0,0,85,16,86,86,85,91
NA,NA,0,NA,100,292,1,NA,NA,NA,NA,NA,NA,29.8478,-95.6599,NA,NA,1,1,1,2,NA,1,NA,NA,NA,NA,0,NA,NA,NA,4,5,3,4,2,2,2,92,30,2,NA,NA,NA,NA,NA,NA,NA,NA,1,NA,NA,NA,NA,NA,NA,NA,NA,NA,NA,NA,92,19,NA,NA,NA,NA,NA,NA,NA,NA,NA,NA,NA,NA,5,4,2,29,30,61,39,9,9,8,8,0,0,0,0,0,NA,NA,NA,control,Democrat,NA,NA,NA,NA,NA,NA,NA,NA,300,NA,528,NA,NA,NA,NA,NA,NA,NA,NA,NA,NA,41,NA,NA,NA,NA,NA,NA,NA,NA,NA,1,Strong D,1,Democrat,0,Non-MAGA,Very liberal,0,2,Control D,0,0,Control,30,92,19,92,NA,NA,NA,NA,NA,NA,29,61,9,8,0,0,NA,NA,NA,NA,NA,NA,30,39,9,8,0,0,4,strong,2,2,0,0,0,0,0,0,0,0,1,92,92,30,19,-11,0,-11,0,-11,11,3.6666666666666665,17.833333333333332,14.333333333333334,14.333333333333334,NA,26.75,0,21.5,0,29,61,9,8,0,0,30,39,9,8,0,0
NA,NA,0,NA,100,546,1,NA,NA,NA,NA,NA,NA,38.5643,-78.507,NA,NA,1,1,1,2,NA,1,NA,NA,NA,NA,0,NA,NA,NA,4,4,4,4,2,3,2,90,5,2,1,NA,NA,1,NA,NA,NA,NA,NA,5,NA,NA,5,NA,NA,NA,NA,NA,NA,NA,91,5,NA,NA,NA,NA,NA,NA,NA,NA,NA,NA,NA,NA,5,5,4,90,94,49,61,25,40,10,60,65,85,47,95,0,NA,NA,NA,treatment,Democrat,NA,NA,NA,NA,NA,NA,NA,NA,555,NA,7395,NA,NA,NA,NA,NA,NA,NA,NA,NA,NA,48,NA,NA,NA,NA,NA,NA,NA,NA,NA,1,Strong D,1,Democrat,0,Non-MAGA,Very liberal,1,4,Treatment D,0,1,Mismatch,5,90,5,91,NA,NA,NA,NA,NA,NA,90,49,25,10,65,47,NA,NA,NA,NA,NA,NA,94,61,40,60,85,95,4,strong,2,2.3333333333333335,1,0,0,1,0,0,0,0,0,90,91,5,5,0,1,-1,1,0,1,4.666666666666667,47.666666666666664,72.5,72.5,NA,43.5,56,63.75,90,90,49,25,10,65,47,94,61,40,60,85,95
NA,NA,0,NA,100,480,1,NA,NA,NA,NA,NA,NA,41.5288,-87.2577,NA,NA,1,1,2,1,NA,7,3,3,4,4,0,3,3,1,NA,NA,NA,NA,NA,NA,NA,6,80,2,NA,NA,NA,NA,NA,NA,NA,NA,1,NA,NA,NA,NA,NA,NA,NA,NA,4,4,3,6,80,19,26,12,14,4,7,13,13,0,0,0,0,NA,NA,NA,NA,NA,NA,NA,NA,NA,NA,NA,NA,NA,NA,NA,1,NA,NA,NA,treatment,Republican,NA,NA,NA,NA,NA,NA,NA,NA,490,NA,1875,NA,NA,NA,NA,NA,NA,NA,NA,NA,NA,54,NA,NA,NA,NA,NA,NA,NA,NA,NA,6,Weak R,2,Republican,1,Non-MAGA,Very conservative,1,3,Treatment R,1,2,Match,80,6,80,6,19,12,4,13,0,0,NA,NA,NA,NA,NA,NA,26,14,7,13,0,0,NA,NA,NA,NA,NA,NA,3.5,strong,2,2.3333333333333335,0,0,0,0,0,0,0,0,1,80,80,6,6,0,0,0,0,0,0,3.6666666666666665,8,10,NA,10,12,0,15,0,19,12,4,13,0,0,26,14,7,13,0,0
NA,NA,0,NA,100,416,1,NA,NA,NA,NA,NA,NA,29.8627,-95.5846,NA,NA,1,1,2,2,NA,7,4,4,4,4,1,2,3,2,NA,NA,NA,NA,NA,NA,NA,30,80,2,NA,NA,NA,NA,NA,NA,NA,NA,1,NA,NA,NA,NA,NA,NA,NA,NA,5,4,4,30,80,10,10,5,5,0,0,0,0,0,0,0,0,NA,NA,NA,NA,NA,NA,NA,NA,NA,NA,NA,NA,NA,NA,NA,2,NA,NA,NA,control,Republican,NA,NA,NA,NA,NA,NA,NA,NA,425,NA,352,NA,NA,NA,NA,NA,NA,NA,NA,NA,NA,69,NA,NA,NA,NA,NA,NA,NA,NA,NA,7,Strong R,2,Republican,1,MAGA,Very conservative,0,1,Control R,0,0,Control,80,30,80,30,10,5,0,0,0,0,NA,NA,NA,NA,NA,NA,10,5,0,0,0,0,NA,NA,NA,NA,NA,NA,4,strong,2,2.3333333333333335,0,0,0,0,0,0,0,0,1,80,80,30,30,0,0,0,0,0,0,4.333333333333333,2.5,2.5,NA,2.5,3.75,0,3.75,0,10,5,0,0,0,0,10,5,0,0,0,0
NA,NA,0,NA,100,259,1,NA,NA,NA,NA,NA,NA,34.1332,-118.0325,NA,NA,0.899999976158142,1,1,2,NA,2,NA,NA,NA,NA,0,NA,NA,NA,4,4,2,3,4,4,3,80,50,2,NA,NA,NA,NA,NA,NA,NA,NA,1,NA,NA,NA,NA,NA,NA,NA,NA,NA,NA,NA,80,50,NA,NA,NA,NA,NA,NA,NA,NA,NA,NA,NA,NA,2,1,2,40,70,0,100,0,0,0,20,0,0,0,0,0,NA,NA,NA,treatment,Democrat,NA,NA,NA,NA,NA,NA,NA,NA,267,NA,5324,NA,NA,NA,NA,NA,NA,NA,NA,NA,NA,33,NA,NA,NA,NA,NA,NA,NA,NA,NA,1,Strong D,1,Democrat,0,Non-MAGA,Somewhat liberal,1,4,Treatment D,0,1,Mismatch,50,80,50,80,NA,NA,NA,NA,NA,NA,40,0,0,0,0,0,NA,NA,NA,NA,NA,NA,70,100,0,20,0,0,3.25,strong,2,3.6666666666666665,0,0,0,0,0,0,0,0,1,80,80,50,50,0,0,0,0,0,0,1.6666666666666667,6.666666666666667,31.666666666666668,31.666666666666668,NA,10,0,47.5,0,40,0,0,0,0,0,70,100,0,20,0,0
NA,NA,0,NA,100,788,1,NA,NA,NA,NA,NA,NA,42.2933,-121.8169,NA,NA,1,1,2,2,NA,6,2,4,4,4,0,3,4,2,NA,NA,NA,NA,NA,NA,NA,9,96,2,1,1,NA,NA,1,1,NA,NA,NA,3,3,NA,NA,2,4,NA,NA,5,4,3,9,95,50,13,11,10,0,0,0,0,0,0,0,0,NA,NA,NA,NA,NA,NA,NA,NA,NA,NA,NA,NA,NA,NA,NA,1,NA,NA,NA,treatment,Republican,NA,NA,NA,NA,NA,NA,NA,NA,797,NA,208,NA,NA,NA,NA,NA,NA,NA,NA,NA,NA,48,NA,NA,NA,NA,NA,NA,NA,NA,NA,7,Strong R,2,Republican,1,Non-MAGA,Somewhat conservative,1,3,Treatment R,1,2,Match,96,9,95,9,50,11,0,0,0,0,NA,NA,NA,NA,NA,NA,13,10,0,0,0,0,NA,NA,NA,NA,NA,NA,3.5,strong,2,3,1,1,0,0,1,1,0,0,0,96,95,9,9,-1,0,-1,-1,0,-1,4,10.166666666666666,3.8333333333333335,NA,3.8333333333333335,15.25,0,5.75,0,50,11,0,0,0,0,13,10,0,0,0,0
NA,NA,0,NA,100,298,1,NA,NA,NA,NA,NA,NA,32.4047,-111.2736,NA,NA,0.899999976158142,1,1,1,NA,1,NA,NA,NA,NA,0,NA,NA,NA,1,1,1,1,3,3,2,21,19,2,NA,NA,NA,NA,NA,1,NA,1,NA,NA,NA,NA,NA,NA,3,NA,2,NA,NA,NA,8,6,NA,NA,NA,NA,NA,NA,NA,NA,NA,NA,NA,NA,2,1,1,36,41,8,42,50,37,0,28,0,15,0,10,0,NA,NA,NA,control,Democrat,NA,NA,NA,NA,NA,NA,NA,NA,307,NA,6472,NA,NA,NA,NA,NA,NA,NA,NA,NA,NA,35,NA,NA,NA,NA,NA,NA,NA,NA,NA,2,Weak D,1,Democrat,0,Non-MAGA,Very liberal,0,2,Control D,0,0,Control,19,21,6,8,NA,NA,NA,NA,NA,NA,36,8,50,0,0,0,NA,NA,NA,NA,NA,NA,41,42,37,28,15,10,1,weak,0,2.6666666666666665,0,0,0,0,0,1,0,1,0,21,8,19,6,-13,-13,0,-13,-13,0,1.3333333333333333,15.666666666666666,28.833333333333332,28.833333333333332,NA,23.5,0,37,12.5,36,8,50,0,0,0,41,42,37,28,15,10
NA,NA,0,NA,100,392,1,NA,NA,NA,NA,NA,NA,38.6226,-121.3885,NA,NA,1,1,3,NA,1,3,NA,NA,NA,NA,0,NA,NA,NA,3,2,4,2,2,2,3,30,20,2,1,1,1,1,1,1,NA,NA,NA,3,5,3,4,4,5,NA,NA,NA,NA,NA,30,20,NA,NA,NA,NA,NA,NA,NA,NA,NA,NA,NA,NA,4,3,2,50,50,50,50,15,15,20,20,0,0,0,0,0,NA,NA,NA,control,Democrat,NA,NA,NA,NA,NA,NA,NA,NA,401,NA,1056,NA,NA,NA,NA,NA,NA,NA,NA,NA,NA,38,NA,NA,NA,NA,NA,NA,NA,NA,NA,3,Lean D,0,Independent,0,Non-MAGA,Slightly liberal,0,2,Control D,0,0,Control,20,30,20,30,NA,NA,NA,NA,NA,NA,50,50,15,20,0,0,NA,NA,NA,NA,NA,NA,50,50,15,20,0,0,2.75,medium,1,2.3333333333333335,1,1,1,1,1,1,0,0,0,30,30,20,20,0,0,0,0,0,0,9,22.5,22.5,22.5,NA,33.75,0,33.75,0,50,50,15,20,0,0,50,50,15,20,0,0
NA,NA,0,NA,100,633,1,NA,NA,NA,NA,NA,NA,30.2121,-95.5263,NA,NA,1,1,2,2,NA,6,4,4,3,4,0,3,4,3,NA,NA,NA,NA,NA,NA,NA,56,81,2,NA,NA,NA,NA,NA,NA,NA,1,1,NA,NA,NA,NA,NA,NA,NA,3,3,1,1,52,81,36,62,30,58,7,25,12,26,0,20,0,22,NA,NA,NA,NA,NA,NA,NA,NA,NA,NA,NA,NA,NA,NA,NA,1,NA,NA,NA,control,Republican,NA,NA,NA,NA,NA,NA,NA,NA,644,NA,7209,NA,NA,NA,NA,NA,NA,NA,NA,NA,NA,25,NA,NA,NA,NA,NA,NA,NA,NA,NA,7,Strong R,2,Republican,1,Non-MAGA,Somewhat conservative,0,1,Control R,0,0,Control,81,56,81,52,36,30,7,12,0,0,NA,NA,NA,NA,NA,NA,62,58,25,26,20,22,NA,NA,NA,NA,NA,NA,3.75,strong,2,3.3333333333333335,0,0,0,0,0,0,0,1,1,81,81,56,52,0,-4,4,0,-4,4,1.6666666666666667,14.166666666666666,35.5,NA,35.5,21.25,0,42.75,21,36,30,7,12,0,0,62,58,25,26,20,22
NA,NA,0,NA,100,373,1,NA,NA,NA,NA,NA,NA,25.7869,-80.2021,NA,NA,1,1,1,2,NA,1,NA,NA,NA,NA,0,NA,NA,NA,3,4,3,2,2,3,1,55,0,2,1,NA,NA,NA,NA,NA,NA,NA,NA,2,NA,NA,NA,NA,NA,NA,NA,NA,NA,NA,53,0,NA,NA,NA,NA,NA,NA,NA,NA,NA,NA,NA,NA,5,5,1,28,93,72,43,47,56,48,52,59,68,54,53,0,NA,NA,NA,treatment,Democrat,NA,NA,NA,NA,NA,NA,NA,NA,383,NA,1985,NA,NA,NA,NA,NA,NA,NA,NA,NA,NA,29,NA,NA,NA,NA,NA,NA,NA,NA,NA,1,Strong D,1,Democrat,0,Non-MAGA,Very liberal,1,4,Treatment D,0,1,Mismatch,0,55,0,53,NA,NA,NA,NA,NA,NA,28,72,47,48,59,54,NA,NA,NA,NA,NA,NA,93,43,56,52,68,53,3,strong,2,2,1,0,0,0,0,0,0,0,0,55,53,0,0,0,-2,2,-2,0,-2,3.6666666666666665,51.333333333333336,60.833333333333336,60.833333333333336,NA,48.75,56.5,61,60.5,28,72,47,48,59,54,93,43,56,52,68,53
NA,NA,0,NA,100,529,1,NA,NA,NA,NA,NA,NA,45.6435,-122.6247,NA,NA,1,1,1,2,NA,1,NA,NA,NA,NA,0,NA,NA,NA,3,5,1,3,1,3,3,85,0,2,1,NA,NA,1,NA,1,NA,NA,NA,4,NA,NA,5,NA,2,NA,NA,NA,NA,NA,85,0,NA,NA,NA,NA,NA,NA,NA,NA,NA,NA,NA,NA,5,5,4,10,90,0,80,0,50,0,80,0,80,0,90,0,NA,NA,NA,treatment,Democrat,NA,NA,NA,NA,NA,NA,NA,NA,543,NA,3130,NA,NA,NA,NA,NA,NA,NA,NA,NA,NA,58,NA,NA,NA,NA,NA,NA,NA,NA,NA,1,Strong D,1,Democrat,0,Non-MAGA,Very liberal,1,4,Treatment D,0,1,Mismatch,0,85,0,85,NA,NA,NA,NA,NA,NA,10,0,0,0,0,0,NA,NA,NA,NA,NA,NA,90,80,50,80,80,90,3,strong,2,2.3333333333333335,1,0,0,1,0,1,0,0,0,85,85,0,0,0,0,0,0,0,0,4.666666666666667,1.6666666666666667,78.33333333333333,78.33333333333333,NA,2.5,0,75,85,10,0,0,0,0,0,90,80,50,80,80,90
NA,NA,0,NA,100,610,1,NA,NA,NA,NA,NA,NA,34.7777,-86.5445,NA,NA,1,1,1,2,NA,2,NA,NA,NA,NA,0,NA,NA,NA,4,4,2,4,3,4,3,94,25,2,1,NA,NA,1,NA,1,NA,NA,NA,5,NA,NA,5,NA,3,NA,NA,NA,NA,NA,95,30,NA,NA,NA,NA,NA,NA,NA,NA,NA,NA,NA,NA,4,3,1,60,60,40,40,0,20,0,10,0,35,0,30,0,NA,NA,NA,treatment,Democrat,NA,NA,NA,NA,NA,NA,NA,NA,619,NA,1000,NA,NA,NA,NA,NA,NA,NA,NA,NA,NA,54,NA,NA,NA,NA,NA,NA,NA,NA,NA,1,Strong D,1,Democrat,0,Non-MAGA,Somewhat liberal,1,4,Treatment D,0,1,Mismatch,25,94,30,95,NA,NA,NA,NA,NA,NA,60,40,0,0,0,0,NA,NA,NA,NA,NA,NA,60,40,20,10,35,30,3.5,strong,2,3.3333333333333335,1,0,0,1,0,1,0,0,0,94,95,25,30,5,1,4,1,5,-4,2.6666666666666665,16.666666666666668,32.5,32.5,NA,25,0,32.5,32.5,60,40,0,0,0,0,60,40,20,10,35,30
NA,NA,0,NA,100,461,1,NA,NA,NA,NA,NA,NA,34.8966,-82.2689,NA,NA,1,1,1,1,NA,1,NA,NA,NA,NA,0,NA,NA,NA,1,1,2,3,2,2,4,62,37,2,NA,NA,NA,1,1,NA,NA,NA,NA,NA,NA,NA,5,2,NA,NA,NA,NA,NA,NA,61,41,NA,NA,NA,NA,NA,NA,NA,NA,NA,NA,NA,NA,5,4,1,63,60,35,55,30,60,20,34,19,10,10,0,0,NA,NA,NA,treatment,Democrat,NA,NA,NA,NA,NA,NA,NA,NA,468,NA,10,NA,NA,NA,NA,NA,NA,NA,NA,NA,NA,20,NA,NA,NA,NA,NA,NA,NA,NA,NA,2,Weak D,1,Democrat,0,Non-MAGA,Very liberal,1,4,Treatment D,0,1,Mismatch,37,62,41,61,NA,NA,NA,NA,NA,NA,63,35,30,20,19,10,NA,NA,NA,NA,NA,NA,60,55,60,34,10,0,1.75,medium,1,2.6666666666666665,0,0,0,1,1,0,0,0,0,62,61,37,41,4,-1,5,-1,4,-5,3.3333333333333335,29.5,36.5,36.5,NA,37,14.5,52.25,5,63,35,30,20,19,10,60,55,60,34,10,0
NA,NA,0,NA,100,745,1,NA,NA,NA,NA,NA,NA,44.7601,-93.2748,NA,NA,1,1,1,2,NA,2,NA,NA,NA,NA,0,NA,NA,NA,4,5,3,5,2,3,1,95,33,2,1,NA,NA,1,NA,NA,1,NA,NA,5,NA,NA,5,NA,NA,4,NA,NA,NA,NA,95,33,NA,NA,NA,NA,NA,NA,NA,NA,NA,NA,NA,NA,4,4,2,75,95,90,100,60,100,30,90,33,66,50,50,0,NA,NA,NA,treatment,Democrat,NA,NA,NA,NA,NA,NA,NA,NA,754,NA,8,NA,NA,NA,NA,NA,NA,NA,NA,NA,NA,49,NA,NA,NA,NA,NA,NA,NA,NA,NA,1,Strong D,1,Democrat,0,Non-MAGA,Somewhat liberal,1,4,Treatment D,0,1,Mismatch,33,95,33,95,NA,NA,NA,NA,NA,NA,75,90,60,30,33,50,NA,NA,NA,NA,NA,NA,95,100,100,90,66,50,4.25,strong,2,2,1,0,0,1,0,0,1,0,0,95,95,33,33,0,0,0,0,0,0,3.3333333333333335,56.333333333333336,83.5,83.5,NA,63.75,41.5,96.25,58,75,90,60,30,33,50,95,100,100,90,66,50
NA,NA,0,NA,100,262,1,NA,NA,NA,NA,NA,NA,35.1392,-97.3948,NA,NA,1,1,2,2,NA,7,4,4,4,4,1,3,3,2,NA,NA,NA,NA,NA,NA,NA,25,100,2,NA,NA,NA,NA,NA,NA,NA,1,NA,NA,NA,NA,NA,NA,NA,NA,4,5,2,1,25,100,5,20,0,5,0,0,0,0,0,0,0,0,NA,NA,NA,NA,NA,NA,NA,NA,NA,NA,NA,NA,NA,NA,NA,2,NA,NA,NA,control,Republican,NA,NA,NA,NA,NA,NA,NA,NA,274,NA,1135,NA,NA,NA,NA,NA,NA,NA,NA,NA,NA,49,NA,NA,NA,NA,NA,NA,NA,NA,NA,7,Strong R,2,Republican,1,MAGA,Very conservative,0,1,Control R,0,0,Control,100,25,100,25,5,0,0,0,0,0,NA,NA,NA,NA,NA,NA,20,5,0,0,0,0,NA,NA,NA,NA,NA,NA,4,strong,2,2.6666666666666665,0,0,0,0,0,0,0,1,0,100,100,25,25,0,0,0,0,0,0,2.6666666666666665,0.8333333333333334,4.166666666666667,NA,4.166666666666667,1.25,0,6.25,0,5,0,0,0,0,0,20,5,0,0,0,0
NA,NA,0,NA,100,437,1,NA,NA,NA,NA,NA,NA,38.5904,-90.3467,NA,NA,1,1,1,1,NA,2,NA,NA,NA,NA,0,NA,NA,NA,3,3,2,3,2,2,2,80,8,2,1,NA,NA,1,1,1,1,NA,NA,5,NA,NA,5,5,5,5,NA,NA,NA,NA,80,5,NA,NA,NA,NA,NA,NA,NA,NA,NA,NA,NA,NA,4,3,1,10,20,10,20,0,0,0,0,0,10,0,10,0,NA,NA,NA,treatment,Democrat,NA,NA,NA,NA,NA,NA,NA,NA,471,NA,5242,NA,NA,NA,NA,NA,NA,NA,NA,NA,NA,76,NA,NA,NA,NA,NA,NA,NA,NA,NA,2,Weak D,1,Democrat,0,Non-MAGA,Somewhat liberal,1,4,Treatment D,0,1,Mismatch,8,80,5,80,NA,NA,NA,NA,NA,NA,10,10,0,0,0,0,NA,NA,NA,NA,NA,NA,20,20,0,0,10,10,2.75,medium,1,2,1,0,0,1,1,1,1,0,0,80,80,8,5,-3,0,-3,0,-3,3,2.6666666666666665,3.3333333333333335,10,10,NA,5,0,10,10,10,10,0,0,0,0,20,20,0,0,10,10
NA,NA,0,NA,100,397,1,NA,NA,NA,NA,NA,NA,41.6358,-72.4668,NA,NA,1,1,3,NA,1,3,NA,NA,NA,NA,0,NA,NA,NA,1,2,1,2,4,4,4,88,88,2,NA,NA,NA,NA,NA,1,NA,NA,NA,NA,NA,NA,NA,NA,2,NA,NA,NA,NA,NA,90,88,NA,NA,NA,NA,NA,NA,NA,NA,NA,NA,NA,NA,2,2,2,40,40,35,61,0,22,0,18,0,15,0,18,0,NA,NA,NA,control,Democrat,NA,NA,NA,NA,NA,NA,NA,NA,413,NA,108,NA,NA,NA,NA,NA,NA,NA,NA,NA,NA,31,NA,NA,NA,NA,NA,NA,NA,NA,NA,3,Lean D,0,Independent,0,Non-MAGA,Slightly liberal,0,2,Control D,0,0,Control,88,88,88,90,NA,NA,NA,NA,NA,NA,40,35,0,0,0,0,NA,NA,NA,NA,NA,NA,40,61,22,18,15,18,1.5,weak,1,4,0,0,0,0,0,1,0,0,0,88,90,88,88,0,2,-2,2,0,2,6,12.5,29,29,NA,18.75,0,35.25,16.5,40,35,0,0,0,0,40,61,22,18,15,18
NA,NA,0,NA,100,400,1,NA,NA,NA,NA,NA,NA,46.2109,-119.168,NA,NA,1,1,1,1,NA,2,NA,NA,NA,NA,0,NA,NA,NA,3,4,2,3,2,3,2,79,41,2,1,NA,NA,1,NA,NA,NA,NA,NA,4,NA,NA,5,NA,NA,NA,NA,NA,NA,NA,77,21,NA,NA,NA,NA,NA,NA,NA,NA,NA,NA,NA,NA,4,3,4,40,83,18,46,0,18,25,58,15,44,11,57,0,NA,NA,NA,treatment,Democrat,NA,NA,NA,NA,NA,NA,NA,NA,414,NA,569,NA,NA,NA,NA,NA,NA,NA,NA,NA,NA,34,NA,NA,NA,NA,NA,NA,NA,NA,NA,2,Weak D,1,Democrat,0,Non-MAGA,Somewhat liberal,1,4,Treatment D,0,1,Mismatch,41,79,21,77,NA,NA,NA,NA,NA,NA,40,18,0,25,15,11,NA,NA,NA,NA,NA,NA,83,46,18,58,44,57,3,strong,2,2.3333333333333335,1,0,0,1,0,0,0,0,0,79,77,41,21,-20,-2,-18,-2,-20,18,3.6666666666666665,18.166666666666668,51,51,NA,20.75,13,51.25,50.5,40,18,0,25,15,11,83,46,18,58,44,57
NA,NA,0,NA,100,419,1,NA,NA,NA,NA,NA,NA,37.7759,-90.4071,NA,NA,1,1,1,1,NA,6,NA,NA,NA,NA,0,NA,NA,NA,4,4,4,4,2,2,4,100,20,2,NA,NA,NA,NA,NA,1,NA,NA,NA,NA,NA,NA,NA,NA,2,NA,NA,NA,NA,NA,100,20,NA,NA,NA,NA,NA,NA,NA,NA,NA,NA,NA,NA,5,5,4,20,80,0,82,0,0,0,10,20,80,0,20,0,NA,NA,NA,control,Democrat,NA,NA,NA,NA,NA,NA,NA,NA,430,NA,136,NA,NA,NA,NA,NA,NA,NA,NA,NA,NA,46,NA,NA,NA,NA,NA,NA,NA,NA,NA,2,Weak D,1,Democrat,0,Non-MAGA,Somewhat conservative,0,2,Control D,0,0,Control,20,100,20,100,NA,NA,NA,NA,NA,NA,20,0,0,0,20,0,NA,NA,NA,NA,NA,NA,80,82,0,10,80,20,4,strong,2,2.6666666666666665,0,0,0,0,0,1,0,0,0,100,100,20,20,0,0,0,0,0,0,4.666666666666667,6.666666666666667,45.333333333333336,45.333333333333336,NA,5,10,43,50,20,0,0,0,20,0,80,82,0,10,80,20
NA,NA,0,NA,100,632,1,NA,NA,NA,NA,NA,NA,38.0296,-121.346,NA,NA,1,1,2,2,NA,7,5,5,4,5,0,1,1,1,NA,NA,NA,NA,NA,NA,NA,2,98,2,1,1,NA,1,NA,1,1,NA,NA,5,4,NA,4,NA,5,5,NA,5,5,5,2,98,86,93,71,81,31,69,61,81,33,62,43,78,NA,NA,NA,NA,NA,NA,NA,NA,NA,NA,NA,NA,NA,NA,NA,1,NA,NA,NA,treatment,Republican,NA,NA,NA,NA,NA,NA,NA,NA,641,NA,4924,NA,NA,NA,NA,NA,NA,NA,NA,NA,NA,45,NA,NA,NA,NA,NA,NA,NA,NA,NA,7,Strong R,2,Republican,1,Non-MAGA,Very conservative,1,3,Treatment R,1,2,Match,98,2,98,2,86,71,31,61,33,43,NA,NA,NA,NA,NA,NA,93,81,69,81,62,78,NA,NA,NA,NA,NA,NA,4.75,strong,2,1,1,1,0,1,0,1,1,0,0,98,98,2,2,0,0,0,0,0,0,5,54.166666666666664,77.33333333333333,NA,77.33333333333333,62.25,38,81,70,86,71,31,61,33,43,93,81,69,81,62,78
NA,NA,0,NA,100,673,1,NA,NA,NA,NA,NA,NA,34.3807,-81.0865,NA,NA,1,1,2,1,NA,2,2,3,2,3,0,4,4,4,NA,NA,NA,NA,NA,NA,NA,100,100,2,NA,NA,NA,NA,NA,1,1,NA,NA,NA,NA,NA,NA,NA,5,5,NA,1,1,1,100,100,0,11,92,50,0,0,0,0,0,0,0,0,NA,NA,NA,NA,NA,NA,NA,NA,NA,NA,NA,NA,NA,NA,NA,1,NA,NA,NA,control,Republican,NA,NA,NA,NA,NA,NA,NA,NA,697,NA,110,NA,NA,NA,NA,NA,NA,NA,NA,NA,NA,32,NA,NA,NA,NA,NA,NA,NA,NA,NA,6,Weak R,2,Republican,1,Non-MAGA,Somewhat liberal,0,1,Control R,0,0,Control,100,100,100,100,0,92,0,0,0,0,NA,NA,NA,NA,NA,NA,11,50,0,0,0,0,NA,NA,NA,NA,NA,NA,2.5,medium,1,4,0,0,0,0,0,1,1,0,0,100,100,100,100,0,0,0,0,0,0,1,15.333333333333334,10.166666666666666,NA,10.166666666666666,23,0,15.25,0,0,92,0,0,0,0,11,50,0,0,0,0
NA,NA,0,NA,100,343,1,NA,NA,NA,NA,NA,NA,38.5376,-121.7402,NA,NA,1,1,1,2,NA,1,NA,NA,NA,NA,0,NA,NA,NA,3,3,2,3,1,2,2,75,0,2,1,NA,NA,1,NA,NA,NA,NA,NA,3,NA,NA,4,NA,NA,NA,NA,NA,NA,NA,75,0,NA,NA,NA,NA,NA,NA,NA,NA,NA,NA,NA,NA,5,4,1,40,0,0,0,0,0,0,0,0,0,0,0,0,NA,NA,NA,treatment,Democrat,NA,NA,NA,NA,NA,NA,NA,NA,353,NA,4126,NA,NA,NA,NA,NA,NA,NA,NA,NA,NA,53,NA,NA,NA,NA,NA,NA,NA,NA,NA,1,Strong D,1,Democrat,0,Non-MAGA,Very liberal,1,4,Treatment D,0,1,Mismatch,0,75,0,75,NA,NA,NA,NA,NA,NA,40,0,0,0,0,0,NA,NA,NA,NA,NA,NA,0,0,0,0,0,0,2.75,medium,1,1.6666666666666667,1,0,0,1,0,0,0,0,0,75,75,0,0,0,0,0,0,0,0,3.3333333333333335,6.666666666666667,0,0,NA,10,0,0,0,40,0,0,0,0,0,0,0,0,0,0,0
NA,NA,0,NA,100,252,1,NA,NA,NA,NA,NA,NA,32.4413,-81.7711,NA,NA,1,1,2,2,NA,6,3,4,4,5,1,4,4,4,NA,NA,NA,NA,NA,NA,NA,30,85,2,NA,NA,NA,NA,NA,NA,NA,NA,1,NA,NA,NA,NA,NA,NA,NA,NA,2,1,1,30,85,40,80,29,50,0,10,0,5,0,2,0,2,NA,NA,NA,NA,NA,NA,NA,NA,NA,NA,NA,NA,NA,NA,NA,2,NA,NA,NA,control,Republican,NA,NA,NA,NA,NA,NA,NA,NA,260,NA,287,NA,NA,NA,NA,NA,NA,NA,NA,NA,NA,69,NA,NA,NA,NA,NA,NA,NA,NA,NA,7,Strong R,2,Republican,1,MAGA,Somewhat conservative,0,1,Control R,0,0,Control,85,30,85,30,40,29,0,0,0,0,NA,NA,NA,NA,NA,NA,80,50,10,5,2,2,NA,NA,NA,NA,NA,NA,4,strong,2,4,0,0,0,0,0,0,0,0,1,85,85,30,30,0,0,0,0,0,0,1.3333333333333333,11.5,24.833333333333332,NA,24.833333333333332,17.25,0,36.25,2,40,29,0,0,0,0,80,50,10,5,2,2
NA,NA,0,NA,100,250,1,NA,NA,NA,NA,NA,NA,39.4895,-104.8447,NA,NA,1,1,1,1,NA,3,NA,NA,NA,NA,0,NA,NA,NA,3,3,4,4,3,3,3,70,10,2,NA,NA,NA,NA,NA,NA,NA,1,NA,NA,NA,NA,NA,NA,NA,NA,3,NA,NA,NA,70,10,NA,NA,NA,NA,NA,NA,NA,NA,NA,NA,NA,NA,2,2,1,20,30,5,40,0,10,0,20,0,30,0,35,0,NA,NA,NA,control,Democrat,NA,NA,NA,NA,NA,NA,NA,NA,258,NA,2751,NA,NA,NA,NA,NA,NA,NA,NA,NA,NA,49,NA,NA,NA,NA,NA,NA,NA,NA,NA,2,Weak D,1,Democrat,0,Non-MAGA,Slightly liberal,0,2,Control D,0,0,Control,10,70,10,70,NA,NA,NA,NA,NA,NA,20,5,0,0,0,0,NA,NA,NA,NA,NA,NA,30,40,10,20,30,35,3.5,strong,2,3,0,0,0,0,0,0,0,1,0,70,70,10,10,0,0,0,0,0,0,1.6666666666666667,4.166666666666667,27.5,27.5,NA,6.25,0,25,32.5,20,5,0,0,0,0,30,40,10,20,30,35
NA,NA,0,NA,100,800,1,NA,NA,NA,NA,NA,NA,45.4887,-122.5091,NA,NA,1,1,2,2,NA,6,3,3,2,2,0,4,4,4,NA,NA,NA,NA,NA,NA,NA,85,90,2,NA,NA,NA,NA,NA,NA,NA,NA,1,NA,NA,NA,NA,NA,NA,NA,NA,2,1,1,85,95,20,60,0,10,0,0,0,0,0,10,0,10,NA,NA,NA,NA,NA,NA,NA,NA,NA,NA,NA,NA,NA,NA,NA,1,NA,NA,NA,control,Republican,NA,NA,NA,NA,NA,NA,NA,NA,811,NA,6549,NA,NA,NA,NA,NA,NA,NA,NA,NA,NA,46,NA,NA,NA,NA,NA,NA,NA,NA,NA,7,Strong R,2,Republican,1,Non-MAGA,Somewhat conservative,0,1,Control R,0,0,Control,90,85,95,85,20,0,0,0,0,0,NA,NA,NA,NA,NA,NA,60,10,0,0,10,10,NA,NA,NA,NA,NA,NA,2.5,medium,1,4,0,0,0,0,0,0,0,0,1,90,95,85,85,5,0,5,5,0,5,1.3333333333333333,3.3333333333333335,15,NA,15,5,0,17.5,10,20,0,0,0,0,0,60,10,0,0,10,10
NA,NA,0,NA,100,404,1,NA,NA,NA,NA,NA,NA,40.8548,-74.0284,NA,NA,1,1,2,1,NA,6,2,3,4,3,0,3,4,4,NA,NA,NA,NA,NA,NA,NA,25,58,2,1,NA,NA,1,NA,NA,1,NA,NA,3,NA,NA,4,NA,NA,3,NA,2,1,1,29,57,5,15,0,8,0,2,0,3,0,4,0,6,NA,NA,NA,NA,NA,NA,NA,NA,NA,NA,NA,NA,NA,NA,NA,1,NA,NA,NA,treatment,Republican,NA,NA,NA,NA,NA,NA,NA,NA,412,NA,9765,NA,NA,NA,NA,NA,NA,NA,NA,NA,NA,50,NA,NA,NA,NA,NA,NA,NA,NA,NA,6,Weak R,2,Republican,1,Non-MAGA,Somewhat conservative,1,3,Treatment R,1,2,Match,58,25,57,29,5,0,0,0,0,0,NA,NA,NA,NA,NA,NA,15,8,2,3,4,6,NA,NA,NA,NA,NA,NA,3,strong,2,3.6666666666666665,1,0,0,1,0,0,1,0,0,58,57,25,29,-1,4,-5,-1,4,-5,1.3333333333333333,0.8333333333333334,6.333333333333333,NA,6.333333333333333,1.25,0,7,5,5,0,0,0,0,0,15,8,2,3,4,6
NA,NA,0,NA,100,450,1,NA,NA,NA,NA,NA,NA,40.0558,-75.0773,NA,NA,1,1,1,1,NA,3,NA,NA,NA,NA,0,NA,NA,NA,2,3,1,2,4,3,3,74,40,2,NA,NA,NA,NA,NA,NA,NA,1,NA,NA,NA,NA,NA,NA,NA,NA,3,NA,NA,NA,71,40,NA,NA,NA,NA,NA,NA,NA,NA,NA,NA,NA,NA,4,3,1,0,58,0,29,0,4,0,4,0,2,0,3,0,NA,NA,NA,control,Democrat,NA,NA,NA,NA,NA,NA,NA,NA,457,NA,1049,NA,NA,NA,NA,NA,NA,NA,NA,NA,NA,70,NA,NA,NA,NA,NA,NA,NA,NA,NA,2,Weak D,1,Democrat,0,Non-MAGA,Slightly liberal,0,2,Control D,0,0,Control,40,74,40,71,NA,NA,NA,NA,NA,NA,0,0,0,0,0,0,NA,NA,NA,NA,NA,NA,58,29,4,4,2,3,2,medium,1,3.3333333333333335,0,0,0,0,0,0,0,1,0,74,71,40,40,0,-3,3,-3,0,-3,2.6666666666666665,0,16.666666666666668,16.666666666666668,NA,0,0,23.75,2.5,0,0,0,0,0,0,58,29,4,4,2,3
NA,NA,0,NA,100,212,1,NA,NA,NA,NA,NA,NA,32.926,-96.9666,NA,NA,0.899999976158142,1,1,2,NA,2,NA,NA,NA,NA,0,NA,NA,NA,1,3,1,1,3,3,3,87,13,2,NA,NA,NA,NA,NA,NA,NA,NA,1,NA,NA,NA,NA,NA,NA,NA,NA,NA,NA,NA,89,13,NA,NA,NA,NA,NA,NA,NA,NA,NA,NA,NA,NA,5,5,5,50,50,29,30,0,0,0,0,0,0,0,0,0,NA,NA,NA,control,Democrat,NA,NA,NA,NA,NA,NA,NA,NA,225,NA,132,NA,NA,NA,NA,NA,NA,NA,NA,NA,NA,28,NA,NA,NA,NA,NA,NA,NA,NA,NA,1,Strong D,1,Democrat,0,Non-MAGA,Somewhat liberal,0,2,Control D,0,0,Control,13,87,13,89,NA,NA,NA,NA,NA,NA,50,29,0,0,0,0,NA,NA,NA,NA,NA,NA,50,30,0,0,0,0,1.5,weak,1,3,0,0,0,0,0,0,0,0,1,87,89,13,13,0,2,-2,2,0,2,5,13.166666666666666,13.333333333333334,13.333333333333334,NA,19.75,0,20,0,50,29,0,0,0,0,50,30,0,0,0,0
NA,NA,0,NA,100,689,1,NA,NA,NA,NA,NA,NA,32.9304,-95.575,NA,NA,0.699999988079071,1,3,NA,1,1,NA,NA,NA,NA,0,NA,NA,NA,1,2,3,3,1,1,1,60,0,2,1,1,NA,1,NA,1,NA,NA,NA,4,5,NA,5,NA,3,NA,NA,NA,NA,NA,60,0,NA,NA,NA,NA,NA,NA,NA,NA,NA,NA,NA,NA,5,5,5,90,80,40,91,60,90,20,40,70,90,20,70,0,NA,NA,NA,treatment,Democrat,NA,NA,NA,NA,NA,NA,NA,NA,698,NA,1085,NA,NA,NA,NA,NA,NA,NA,NA,NA,NA,34,NA,NA,NA,NA,NA,NA,NA,NA,NA,3,Lean D,0,Independent,0,Non-MAGA,Very liberal,1,4,Treatment D,0,1,Mismatch,0,60,0,60,NA,NA,NA,NA,NA,NA,90,40,60,20,70,20,NA,NA,NA,NA,NA,NA,80,91,90,40,90,70,2.25,medium,1,1,1,1,0,1,0,1,0,0,0,60,60,0,0,0,0,0,0,0,0,15,50,76.83333333333333,76.83333333333333,NA,52.5,45,75.25,80,90,40,60,20,70,20,80,91,90,40,90,70
NA,NA,0,NA,100,473,1,NA,NA,NA,NA,NA,NA,44.833,-91.5125,NA,NA,1,1,1,2,NA,2,NA,NA,NA,NA,0,NA,NA,NA,3,4,2,4,3,3,3,75,40,2,NA,NA,NA,NA,NA,NA,NA,NA,1,NA,NA,NA,NA,NA,NA,NA,NA,NA,NA,NA,75,40,NA,NA,NA,NA,NA,NA,NA,NA,NA,NA,NA,NA,3,2,1,100,100,0,65,0,5,0,5,0,10,0,7,0,NA,NA,NA,control,Democrat,NA,NA,NA,NA,NA,NA,NA,NA,484,NA,186,NA,NA,NA,NA,NA,NA,NA,NA,NA,NA,40,NA,NA,NA,NA,NA,NA,NA,NA,NA,1,Strong D,1,Democrat,0,Non-MAGA,Somewhat liberal,0,2,Control D,0,0,Control,40,75,40,75,NA,NA,NA,NA,NA,NA,100,0,0,0,0,0,NA,NA,NA,NA,NA,NA,100,65,5,5,10,7,3.25,strong,2,3,0,0,0,0,0,0,0,0,1,75,75,40,40,0,0,0,0,0,0,2,16.666666666666668,32,32,NA,25,0,43.75,8.5,100,0,0,0,0,0,100,65,5,5,10,7
NA,NA,0,NA,100,621,1,NA,NA,NA,NA,NA,NA,34.7448,-92.2883,NA,NA,0.800000011920929,1,3,NA,1,5,NA,NA,NA,NA,0,NA,NA,NA,1,2,1,1,2,2,3,20,4,2,1,NA,NA,1,NA,NA,NA,NA,NA,4,NA,NA,5,NA,NA,NA,NA,NA,NA,NA,20,4,NA,NA,NA,NA,NA,NA,NA,NA,NA,NA,NA,NA,5,4,1,10,93,0,85,0,100,0,100,0,100,0,100,0,NA,NA,NA,treatment,Democrat,NA,NA,NA,NA,NA,NA,NA,NA,630,NA,749,NA,NA,NA,NA,NA,NA,NA,NA,NA,NA,56,NA,NA,NA,NA,NA,NA,NA,NA,NA,3,Lean D,0,Independent,0,Non-MAGA,Slightly conservative,1,4,Treatment D,0,1,Mismatch,4,20,4,20,NA,NA,NA,NA,NA,NA,10,0,0,0,0,0,NA,NA,NA,NA,NA,NA,93,85,100,100,100,100,1.25,weak,NA,2.3333333333333335,1,0,0,1,0,0,0,0,0,20,20,4,4,0,0,0,0,0,0,10,1.6666666666666667,96.33333333333333,96.33333333333333,NA,2.5,0,94.5,100,10,0,0,0,0,0,93,85,100,100,100,100
NA,NA,0,NA,100,356,1,NA,NA,NA,NA,NA,NA,47.3066,-122.2619,NA,NA,1,1,1,2,NA,2,NA,NA,NA,NA,0,NA,NA,NA,4,4,1,4,4,4,3,73,11,2,NA,NA,NA,NA,NA,NA,1,NA,NA,NA,NA,NA,NA,NA,NA,3,NA,NA,NA,NA,72,18,NA,NA,NA,NA,NA,NA,NA,NA,NA,NA,NA,NA,3,3,2,93,100,1,57,0,23,0,19,0,4,0,5,0,NA,NA,NA,control,Democrat,NA,NA,NA,NA,NA,NA,NA,NA,375,NA,9191,NA,NA,NA,NA,NA,NA,NA,NA,NA,NA,58,NA,NA,NA,NA,NA,NA,NA,NA,NA,1,Strong D,1,Democrat,0,Non-MAGA,Somewhat liberal,0,2,Control D,0,0,Control,11,73,18,72,NA,NA,NA,NA,NA,NA,93,1,0,0,0,0,NA,NA,NA,NA,NA,NA,100,57,23,19,4,5,3.25,strong,2,3.6666666666666665,0,0,0,0,0,0,1,0,0,73,72,11,18,7,-1,8,-1,7,-8,2.6666666666666665,15.666666666666666,34.666666666666664,34.666666666666664,NA,23.5,0,49.75,4.5,93,1,0,0,0,0,100,57,23,19,4,5
NA,NA,0,NA,100,323,1,NA,NA,NA,NA,NA,NA,44.9534,-93.3842,NA,NA,1,1,1,2,NA,1,NA,NA,NA,NA,0,NA,NA,NA,3,4,3,3,1,1,4,77,11,2,1,NA,NA,1,1,1,NA,NA,NA,4,NA,NA,4,3,4,NA,NA,NA,NA,NA,87,5,NA,NA,NA,NA,NA,NA,NA,NA,NA,NA,NA,NA,4,4,3,73,25,77,28,21,15,25,16,23,11,17,14,0,NA,NA,NA,treatment,Democrat,NA,NA,NA,NA,NA,NA,NA,NA,333,NA,1734,NA,NA,NA,NA,NA,NA,NA,NA,NA,NA,34,NA,NA,NA,NA,NA,NA,NA,NA,NA,1,Strong D,1,Democrat,0,Non-MAGA,Very liberal,1,4,Treatment D,0,1,Mismatch,11,77,5,87,NA,NA,NA,NA,NA,NA,73,77,21,25,23,17,NA,NA,NA,NA,NA,NA,25,28,15,16,11,14,3.25,strong,2,2,1,0,0,1,1,1,0,0,0,77,87,11,5,-6,10,-16,10,-6,16,3.6666666666666665,39.333333333333336,18.166666666666668,18.166666666666668,NA,49,20,21,12.5,73,77,21,25,23,17,25,28,15,16,11,14
NA,NA,0,NA,100,636,1,NA,NA,NA,NA,NA,NA,40.7961,-73.9513,NA,NA,1,1,1,2,NA,1,NA,NA,NA,NA,0,NA,NA,NA,5,5,2,4,2,4,2,80,0,2,NA,NA,NA,1,NA,NA,1,NA,NA,NA,NA,NA,4,NA,NA,4,NA,NA,NA,NA,0,NA,NA,NA,NA,NA,NA,NA,NA,NA,NA,NA,NA,NA,5,3,2,0,60,0,70,0,50,0,50,0,10,0,10,0,NA,NA,NA,treatment,Democrat,NA,NA,NA,NA,NA,NA,NA,NA,655,NA,6283,NA,NA,NA,NA,NA,NA,NA,NA,NA,NA,75,NA,NA,NA,NA,NA,NA,NA,NA,NA,1,Strong D,1,Democrat,0,Non-MAGA,Very liberal,1,4,Treatment D,0,1,Mismatch,0,80,NA,0,NA,NA,NA,NA,NA,NA,0,0,0,0,0,0,NA,NA,NA,NA,NA,NA,60,70,50,50,10,10,4,strong,2,2.6666666666666665,0,0,0,1,0,0,1,0,0,80,0,0,NA,NA,-80,NA,-80,NA,NA,3.3333333333333335,0,41.666666666666664,41.666666666666664,NA,0,0,57.5,10,0,0,0,0,0,0,60,70,50,50,10,10
NA,NA,0,NA,100,686,1,NA,NA,NA,NA,NA,NA,26.1185,-80.145,NA,NA,1,1,1,2,NA,4,NA,NA,NA,NA,0,NA,NA,NA,5,5,5,5,4,3,3,90,0,2,1,1,NA,1,1,1,NA,NA,NA,5,4,NA,5,4,4,NA,NA,NA,NA,NA,95,0,NA,NA,NA,NA,NA,NA,NA,NA,NA,NA,NA,NA,5,5,4,0,100,0,95,0,90,0,100,0,90,0,100,0,NA,NA,NA,treatment,Democrat,NA,NA,NA,NA,NA,NA,NA,NA,696,NA,1426,NA,NA,NA,NA,NA,NA,NA,NA,NA,NA,71,NA,NA,NA,NA,NA,NA,NA,NA,NA,1,Strong D,1,Democrat,0,Non-MAGA,Moderate,1,4,Treatment D,0,1,Mismatch,0,90,0,95,NA,NA,NA,NA,NA,NA,0,0,0,0,0,0,NA,NA,NA,NA,NA,NA,100,95,90,100,90,100,5,strong,2,3.3333333333333335,1,1,0,1,1,1,0,0,0,90,95,0,0,0,5,-5,5,0,5,4.666666666666667,0,95.83333333333333,95.83333333333333,NA,0,0,96.25,95,0,0,0,0,0,0,100,95,90,100,90,100
NA,NA,0,NA,100,546,1,NA,NA,NA,NA,NA,NA,44.6722,-88.2426,NA,NA,1,1,1,2,NA,1,NA,NA,NA,NA,0,NA,NA,NA,4,4,2,4,2,3,3,70,20,2,NA,NA,NA,1,NA,NA,1,NA,NA,NA,NA,NA,2,NA,NA,3,NA,NA,NA,NA,70,20,NA,NA,NA,NA,NA,NA,NA,NA,NA,NA,NA,NA,2,1,1,80,60,10,20,0,10,0,5,0,5,0,5,0,NA,NA,NA,treatment,Democrat,NA,NA,NA,NA,NA,NA,NA,NA,556,NA,3937,NA,NA,NA,NA,NA,NA,NA,NA,NA,NA,33,NA,NA,NA,NA,NA,NA,NA,NA,NA,1,Strong D,1,Democrat,0,Non-MAGA,Very liberal,1,4,Treatment D,0,1,Mismatch,20,70,20,70,NA,NA,NA,NA,NA,NA,80,10,0,0,0,0,NA,NA,NA,NA,NA,NA,60,20,10,5,5,5,3.5,strong,2,2.6666666666666665,0,0,0,1,0,0,1,0,0,70,70,20,20,0,0,0,0,0,0,1.3333333333333333,15,17.5,17.5,NA,22.5,0,23.75,5,80,10,0,0,0,0,60,20,10,5,5,5
NA,NA,0,NA,100,311,1,NA,NA,NA,NA,NA,NA,31.1241,-97.9031,NA,NA,1,1,2,1,NA,6,3,2,3,3,1,3,3,2,NA,NA,NA,NA,NA,NA,NA,10,50,2,NA,NA,NA,NA,NA,NA,NA,1,NA,NA,NA,NA,NA,NA,NA,NA,4,5,3,2,10,50,0,50,1,50,0,0,0,0,0,0,0,0,NA,NA,NA,NA,NA,NA,NA,NA,NA,NA,NA,NA,NA,NA,NA,2,NA,NA,NA,control,Republican,NA,NA,NA,NA,NA,NA,NA,NA,322,NA,11485,NA,NA,NA,NA,NA,NA,NA,NA,NA,NA,68,NA,NA,NA,NA,NA,NA,NA,NA,NA,6,Weak R,2,Republican,1,MAGA,Somewhat conservative,0,1,Control R,0,0,Control,50,10,50,10,0,1,0,0,0,0,NA,NA,NA,NA,NA,NA,50,50,0,0,0,0,NA,NA,NA,NA,NA,NA,2.75,medium,1,2.6666666666666665,0,0,0,0,0,0,0,1,0,50,50,10,10,0,0,0,0,0,0,3.3333333333333335,0.16666666666666666,16.666666666666668,NA,16.666666666666668,0.25,0,25,0,0,1,0,0,0,0,50,50,0,0,0,0
NA,NA,0,NA,100,712,1,NA,NA,NA,NA,NA,NA,38.5347,-121.4442,NA,NA,0.899999976158142,1,1,2,NA,2,NA,NA,NA,NA,0,NA,NA,NA,4,4,2,4,1,2,1,76,3,2,1,NA,NA,1,NA,NA,1,NA,NA,5,NA,NA,5,NA,NA,3,NA,NA,NA,NA,76,5,NA,NA,NA,NA,NA,NA,NA,NA,NA,NA,NA,NA,5,5,3,92,89,71,63,6,31,16,25,41,60,42,60,0,NA,NA,NA,treatment,Democrat,NA,NA,NA,NA,NA,NA,NA,NA,727,NA,5105,NA,NA,NA,NA,NA,NA,NA,NA,NA,NA,37,NA,NA,NA,NA,NA,NA,NA,NA,NA,1,Strong D,1,Democrat,0,Non-MAGA,Somewhat liberal,1,4,Treatment D,0,1,Mismatch,3,76,5,76,NA,NA,NA,NA,NA,NA,92,71,6,16,41,42,NA,NA,NA,NA,NA,NA,89,63,31,25,60,60,3.5,strong,2,1.3333333333333333,1,0,0,1,0,0,1,0,0,76,76,3,5,2,0,2,0,2,-2,4.333333333333333,44.666666666666664,54.666666666666664,54.666666666666664,NA,46.25,41.5,52,60,92,71,6,16,41,42,89,63,31,25,60,60
NA,NA,0,NA,100,484,1,NA,NA,NA,NA,NA,NA,32.9321,-97.2834,NA,NA,1,1,2,2,NA,6,3,4,3,4,0,2,3,2,NA,NA,NA,NA,NA,NA,NA,25,100,2,NA,NA,NA,NA,NA,1,NA,NA,NA,NA,NA,NA,NA,NA,3,NA,NA,4,1,1,30,100,20,70,0,55,0,20,0,60,0,35,0,60,NA,NA,NA,NA,NA,NA,NA,NA,NA,NA,NA,NA,NA,NA,NA,1,NA,NA,NA,control,Republican,NA,NA,NA,NA,NA,NA,NA,NA,493,NA,124,NA,NA,NA,NA,NA,NA,NA,NA,NA,NA,54,NA,NA,NA,NA,NA,NA,NA,NA,NA,7,Strong R,2,Republican,1,Non-MAGA,Somewhat conservative,0,1,Control R,0,0,Control,100,25,100,30,20,0,0,0,0,0,NA,NA,NA,NA,NA,NA,70,55,20,60,35,60,NA,NA,NA,NA,NA,NA,3.5,strong,2,2.3333333333333335,0,0,0,0,0,1,0,0,0,100,100,25,30,0,5,-5,0,5,-5,2,3.3333333333333335,50,NA,50,5,0,51.25,47.5,20,0,0,0,0,0,70,55,20,60,35,60
NA,NA,0,NA,100,393,1,NA,NA,NA,NA,NA,NA,32.041,-84.2162,NA,NA,1,1,2,1,NA,6,3,3,2,2,0,4,4,4,NA,NA,NA,NA,NA,NA,NA,75,90,2,1,NA,NA,1,NA,1,NA,NA,NA,3,NA,NA,4,NA,2,NA,NA,2,1,1,50,50,40,60,30,55,10,40,10,35,5,35,5,35,NA,NA,NA,NA,NA,NA,NA,NA,NA,NA,NA,NA,NA,NA,NA,1,NA,NA,NA,treatment,Republican,NA,NA,NA,NA,NA,NA,NA,NA,400,NA,345,NA,NA,NA,NA,NA,NA,NA,NA,NA,NA,19,NA,NA,NA,NA,NA,NA,NA,NA,NA,6,Weak R,2,Republican,1,Non-MAGA,Somewhat conservative,1,3,Treatment R,1,2,Match,90,75,50,50,40,30,10,10,5,5,NA,NA,NA,NA,NA,NA,60,55,40,35,35,35,NA,NA,NA,NA,NA,NA,2.5,medium,1,4,1,0,0,1,0,1,0,0,0,90,50,75,50,-40,-25,-15,-40,-25,-15,1.3333333333333333,16.666666666666668,43.333333333333336,NA,43.333333333333336,22.5,5,47.5,35,40,30,10,10,5,5,60,55,40,35,35,35
NA,NA,0,NA,100,985,1,NA,NA,NA,NA,NA,NA,38.7059,-90.3078,NA,NA,1,1,2,1,NA,5,3,3,2,2,0,4,4,4,NA,NA,NA,NA,NA,NA,NA,90,85,2,1,NA,NA,1,NA,NA,1,NA,NA,4,NA,NA,4,NA,NA,4,NA,1,1,1,80,70,0,0,0,0,0,0,0,0,0,0,0,0,NA,NA,NA,NA,NA,NA,NA,NA,NA,NA,NA,NA,NA,NA,NA,1,NA,NA,NA,treatment,Republican,NA,NA,NA,NA,NA,NA,NA,NA,994,NA,169,NA,NA,NA,NA,NA,NA,NA,NA,NA,NA,70,NA,NA,NA,NA,NA,NA,NA,NA,NA,6,Weak R,2,Republican,1,Non-MAGA,Slightly conservative,1,3,Treatment R,1,2,Match,85,90,70,80,0,0,0,0,0,0,NA,NA,NA,NA,NA,NA,0,0,0,0,0,0,NA,NA,NA,NA,NA,NA,2.5,medium,1,4,1,0,0,1,0,0,1,0,0,85,70,90,80,-15,-10,-5,-15,-10,-5,1,0,0,NA,0,0,0,0,0,0,0,0,0,0,0,0,0,0,0,0,0
NA,NA,0,NA,100,287,1,NA,NA,NA,NA,NA,NA,29.9317,-90.1026,NA,NA,1,1,2,1,NA,4,3,3,4,3,0,3,4,4,NA,NA,NA,NA,NA,NA,NA,2,100,2,NA,NA,NA,NA,NA,NA,NA,1,NA,NA,NA,NA,NA,NA,NA,NA,5,5,5,5,9,96,100,93,52,53,35,25,32,38,5,7,9,16,NA,NA,NA,NA,NA,NA,NA,NA,NA,NA,NA,NA,NA,NA,NA,1,NA,NA,NA,control,Republican,NA,NA,NA,NA,NA,NA,NA,NA,302,NA,821,NA,NA,NA,NA,NA,NA,NA,NA,NA,NA,52,NA,NA,NA,NA,NA,NA,NA,NA,NA,6,Weak R,2,Republican,1,Non-MAGA,Moderate,0,1,Control R,0,0,Control,100,2,96,9,100,52,35,32,5,9,NA,NA,NA,NA,NA,NA,93,53,25,38,7,16,NA,NA,NA,NA,NA,NA,3.25,strong,2,3.6666666666666665,0,0,0,0,0,0,0,1,0,100,96,2,9,-4,7,-11,-4,7,-11,5,38.833333333333336,38.666666666666664,NA,38.666666666666664,54.75,7,52.25,11.5,100,52,35,32,5,9,93,53,25,38,7,16
NA,NA,0,NA,100,662,1,NA,NA,NA,NA,NA,NA,40.4295,-80.0152,NA,NA,1,1,2,2,NA,4,4,3,4,4,1,2,3,3,NA,NA,NA,NA,NA,NA,NA,27,80,2,NA,NA,NA,NA,NA,1,NA,1,NA,NA,NA,NA,NA,NA,3,NA,4,3,3,3,40,74,80,71,78,78,66,62,74,72,68,36,29,24,NA,NA,NA,NA,NA,NA,NA,NA,NA,NA,NA,NA,NA,NA,NA,2,NA,NA,NA,control,Republican,NA,NA,NA,NA,NA,NA,NA,NA,672,NA,668,NA,NA,NA,NA,NA,NA,NA,NA,NA,NA,43,NA,NA,NA,NA,NA,NA,NA,NA,NA,7,Strong R,2,Republican,1,MAGA,Moderate,0,1,Control R,0,0,Control,80,27,74,40,80,78,66,74,68,29,NA,NA,NA,NA,NA,NA,71,78,62,72,36,24,NA,NA,NA,NA,NA,NA,3.75,strong,2,2.6666666666666665,0,0,0,0,0,1,0,1,0,80,74,27,40,-6,13,-19,-6,13,-19,3,65.83333333333333,57.166666666666664,NA,57.166666666666664,74.5,48.5,70.75,30,80,78,66,74,68,29,71,78,62,72,36,24
NA,NA,0,NA,100,223,1,NA,NA,NA,NA,NA,NA,32.7685,-96.6809,NA,NA,1,1,2,2,NA,7,3,3,2,3,1,2,2,4,NA,NA,NA,NA,NA,NA,NA,14,35,2,NA,NA,NA,NA,NA,NA,NA,NA,1,NA,NA,NA,NA,NA,NA,NA,NA,2,2,1,19,42,58,45,46,46,27,42,36,34,41,39,42,27,NA,NA,NA,NA,NA,NA,NA,NA,NA,NA,NA,NA,NA,NA,NA,2,NA,NA,NA,treatment,Republican,NA,NA,NA,NA,NA,NA,NA,NA,234,NA,1694,NA,NA,NA,NA,NA,NA,NA,NA,NA,NA,34,NA,NA,NA,NA,NA,NA,NA,NA,NA,7,Strong R,2,Republican,1,MAGA,Very conservative,1,3,Treatment R,1,2,Match,35,14,42,19,58,46,27,36,41,42,NA,NA,NA,NA,NA,NA,45,46,42,34,39,27,NA,NA,NA,NA,NA,NA,2.75,medium,1,2.6666666666666665,0,0,0,0,0,0,0,0,1,35,42,14,19,7,5,2,7,5,2,1.6666666666666667,41.666666666666664,38.833333333333336,NA,38.833333333333336,41.75,41.5,41.75,33,58,46,27,36,41,42,45,46,42,34,39,27
NA,NA,0,NA,100,1352,1,NA,NA,NA,NA,NA,NA,39.4057,-87.4026,NA,NA,1,1,1,2,NA,2,NA,NA,NA,NA,0,NA,NA,NA,4,4,4,4,2,2,3,97,7,2,NA,NA,NA,NA,NA,NA,NA,1,NA,NA,NA,NA,NA,NA,NA,NA,2,NA,NA,NA,83,18,NA,NA,NA,NA,NA,NA,NA,NA,NA,NA,NA,NA,5,5,5,78,20,90,17,85,15,84,15,88,14,31,10,0,NA,NA,NA,control,Democrat,NA,NA,NA,NA,NA,NA,NA,NA,1364,NA,9785,NA,NA,NA,NA,NA,NA,NA,NA,NA,NA,43,NA,NA,NA,NA,NA,NA,NA,NA,NA,1,Strong D,1,Democrat,0,Non-MAGA,Somewhat liberal,0,2,Control D,0,0,Control,7,97,18,83,NA,NA,NA,NA,NA,NA,78,90,85,84,88,31,NA,NA,NA,NA,NA,NA,20,17,15,15,14,10,4,strong,2,2.3333333333333335,0,0,0,0,0,0,0,1,0,97,83,7,18,11,-14,25,-14,11,-25,5,76,15.166666666666666,15.166666666666666,NA,84.25,59.5,16.75,12,78,90,85,84,88,31,20,17,15,15,14,10
NA,NA,0,NA,100,201,1,NA,NA,NA,NA,NA,NA,29.3521,-98.6108,NA,NA,1,1,2,1,NA,5,3,3,3,3,0,4,4,4,NA,NA,NA,NA,NA,NA,NA,100,100,2,NA,NA,NA,NA,NA,NA,NA,1,NA,NA,NA,NA,NA,NA,NA,NA,5,1,1,1,100,100,70,70,20,20,0,0,0,0,0,0,0,0,NA,NA,NA,NA,NA,NA,NA,NA,NA,NA,NA,NA,NA,NA,NA,1,NA,NA,NA,control,Republican,NA,NA,NA,NA,NA,NA,NA,NA,210,NA,102,NA,NA,NA,NA,NA,NA,NA,NA,NA,NA,37,NA,NA,NA,NA,NA,NA,NA,NA,NA,6,Weak R,2,Republican,1,Non-MAGA,Slightly conservative,0,1,Control R,0,0,Control,100,100,100,100,70,20,0,0,0,0,NA,NA,NA,NA,NA,NA,70,20,0,0,0,0,NA,NA,NA,NA,NA,NA,3,strong,2,4,0,0,0,0,0,0,0,1,0,100,100,100,100,0,0,0,0,0,0,1,15,15,NA,15,22.5,0,22.5,0,70,20,0,0,0,0,70,20,0,0,0,0
NA,NA,0,NA,100,570,1,NA,NA,NA,NA,NA,NA,43.1767,-89.7948,NA,NA,1,1,1,2,NA,1,NA,NA,NA,NA,0,NA,NA,NA,4,4,2,4,1,2,1,90,5,2,NA,NA,NA,NA,NA,NA,NA,NA,1,NA,NA,NA,NA,NA,NA,NA,NA,NA,NA,NA,90,5,NA,NA,NA,NA,NA,NA,NA,NA,NA,NA,NA,NA,5,4,1,30,30,0,10,0,5,0,5,0,5,0,5,0,NA,NA,NA,treatment,Democrat,NA,NA,NA,NA,NA,NA,NA,NA,580,NA,9283,NA,NA,NA,NA,NA,NA,NA,NA,NA,NA,56,NA,NA,NA,NA,NA,NA,NA,NA,NA,1,Strong D,1,Democrat,0,Non-MAGA,Very liberal,1,4,Treatment D,0,1,Mismatch,5,90,5,90,NA,NA,NA,NA,NA,NA,30,0,0,0,0,0,NA,NA,NA,NA,NA,NA,30,10,5,5,5,5,3.5,strong,2,1.3333333333333333,0,0,0,0,0,0,0,0,1,90,90,5,5,0,0,0,0,0,0,3.3333333333333335,5,10,10,NA,7.5,0,12.5,5,30,0,0,0,0,0,30,10,5,5,5,5
NA,NA,0,NA,100,792,1,NA,NA,NA,NA,NA,NA,34.11,-118.2607,NA,NA,1,1,1,2,NA,3,NA,NA,NA,NA,0,NA,NA,NA,4,4,1,4,3,3,3,85,4,2,1,NA,NA,NA,NA,NA,NA,NA,NA,4,NA,NA,NA,NA,NA,NA,NA,NA,NA,NA,85,3,NA,NA,NA,NA,NA,NA,NA,NA,NA,NA,NA,NA,3,2,1,32,68,4,39,0,4,0,3,0,4,0,8,0,NA,NA,NA,treatment,Democrat,NA,NA,NA,NA,NA,NA,NA,NA,802,NA,3539,NA,NA,NA,NA,NA,NA,NA,NA,NA,NA,54,NA,NA,NA,NA,NA,NA,NA,NA,NA,1,Strong D,1,Democrat,0,Non-MAGA,Slightly liberal,1,4,Treatment D,0,1,Mismatch,4,85,3,85,NA,NA,NA,NA,NA,NA,32,4,0,0,0,0,NA,NA,NA,NA,NA,NA,68,39,4,3,4,8,3.25,strong,2,3,1,0,0,0,0,0,0,0,0,85,85,4,3,-1,0,-1,0,-1,1,2,6,21,21,NA,9,0,28.5,6,32,4,0,0,0,0,68,39,4,3,4,8
NA,NA,0,NA,100,1417,1,NA,NA,NA,NA,NA,NA,37.8117,-80.4434,NA,NA,1,1,2,2,NA,7,5,5,4,5,1,4,2,3,NA,NA,NA,NA,NA,NA,NA,0,100,2,NA,NA,NA,NA,NA,NA,NA,1,NA,NA,NA,NA,NA,NA,NA,NA,4,5,5,4,0,100,100,100,81,83,100,100,100,100,93,75,19,20,NA,NA,NA,NA,NA,NA,NA,NA,NA,NA,NA,NA,NA,NA,NA,2,NA,NA,NA,treatment,Republican,NA,NA,NA,NA,NA,NA,NA,NA,1441,NA,6660,NA,NA,NA,NA,NA,NA,NA,NA,NA,NA,24,NA,NA,NA,NA,NA,NA,NA,NA,NA,7,Strong R,2,Republican,1,MAGA,Very conservative,1,3,Treatment R,1,2,Match,100,0,100,0,100,81,100,100,93,19,NA,NA,NA,NA,NA,NA,100,83,100,100,75,20,NA,NA,NA,NA,NA,NA,4.75,strong,2,3,0,0,0,0,0,0,0,1,0,100,100,0,0,0,0,0,0,0,0,4.666666666666667,82.16666666666667,79.66666666666667,NA,79.66666666666667,95.25,56,95.75,47.5,100,81,100,100,93,19,100,83,100,100,75,20
NA,NA,0,NA,100,455,1,NA,NA,NA,NA,NA,NA,34.1794,-118.4313,NA,NA,0.899999976158142,1,3,NA,1,4,NA,NA,NA,NA,0,NA,NA,NA,3,3,4,4,3,4,3,81,19,2,NA,NA,NA,1,NA,NA,NA,NA,NA,NA,NA,NA,4,NA,NA,NA,NA,NA,NA,NA,81,20,NA,NA,NA,NA,NA,NA,NA,NA,NA,NA,NA,NA,4,4,1,61,81,19,82,0,35,0,61,0,62,0,30,0,NA,NA,NA,treatment,Democrat,NA,NA,NA,NA,NA,NA,NA,NA,465,NA,159,NA,NA,NA,NA,NA,NA,NA,NA,NA,NA,58,NA,NA,NA,NA,NA,NA,NA,NA,NA,3,Lean D,0,Independent,0,Non-MAGA,Moderate,1,4,Treatment D,0,1,Mismatch,19,81,20,81,NA,NA,NA,NA,NA,NA,61,19,0,0,0,0,NA,NA,NA,NA,NA,NA,81,82,35,61,62,30,3.5,strong,2,3.3333333333333335,0,0,0,1,0,0,0,0,0,81,81,19,20,1,0,1,0,1,-1,9,13.333333333333334,58.5,58.5,NA,20,0,64.75,46,61,19,0,0,0,0,81,82,35,61,62,30
NA,NA,0,NA,100,649,1,NA,NA,NA,NA,NA,NA,47.6137,-122.3104,NA,NA,1,1,1,2,NA,3,NA,NA,NA,NA,0,NA,NA,NA,3,3,2,2,1,3,3,97,12,2,NA,NA,1,1,1,1,1,NA,NA,NA,NA,4,4,4,4,4,NA,NA,NA,NA,87,12,NA,NA,NA,NA,NA,NA,NA,NA,NA,NA,NA,NA,5,3,3,61,35,21,10,29,93,3,30,4,13,12,8,0,NA,NA,NA,treatment,Democrat,NA,NA,NA,NA,NA,NA,NA,NA,661,NA,146,NA,NA,NA,NA,NA,NA,NA,NA,NA,NA,50,NA,NA,NA,NA,NA,NA,NA,NA,NA,1,Strong D,1,Democrat,0,Non-MAGA,Slightly liberal,1,4,Treatment D,0,1,Mismatch,12,97,12,87,NA,NA,NA,NA,NA,NA,61,21,29,3,4,12,NA,NA,NA,NA,NA,NA,35,10,93,30,13,8,2.5,medium,1,2.3333333333333335,0,0,1,1,1,1,1,0,0,97,87,12,12,0,-10,10,-10,0,-10,3.6666666666666665,21.666666666666668,31.5,31.5,NA,28.5,8,42,10.5,61,21,29,3,4,12,35,10,93,30,13,8
NA,NA,0,NA,100,449,1,NA,NA,NA,NA,NA,NA,26.6371,-80.0841,NA,NA,1,1,1,2,NA,2,NA,NA,NA,NA,0,NA,NA,NA,4,4,3,4,2,2,2,80,2,2,NA,NA,NA,NA,NA,NA,NA,NA,1,NA,NA,NA,NA,NA,NA,NA,NA,NA,NA,NA,80,2,NA,NA,NA,NA,NA,NA,NA,NA,NA,NA,NA,NA,5,4,1,50,65,50,70,0,25,0,30,10,40,10,60,0,NA,NA,NA,control,Democrat,NA,NA,NA,NA,NA,NA,NA,NA,458,NA,5257,NA,NA,NA,NA,NA,NA,NA,NA,NA,NA,71,NA,NA,NA,NA,NA,NA,NA,NA,NA,1,Strong D,1,Democrat,0,Non-MAGA,Somewhat liberal,0,2,Control D,0,0,Control,2,80,2,80,NA,NA,NA,NA,NA,NA,50,50,0,0,10,10,NA,NA,NA,NA,NA,NA,65,70,25,30,40,60,3.75,strong,2,2,0,0,0,0,0,0,0,0,1,80,80,2,2,0,0,0,0,0,0,3.3333333333333335,20,48.333333333333336,48.333333333333336,NA,25,10,47.5,50,50,50,0,0,10,10,65,70,25,30,40,60
NA,NA,0,NA,100,300,1,NA,NA,NA,NA,NA,NA,39.5995,-78.8461,NA,NA,1,1,1,2,NA,1,NA,NA,NA,NA,0,NA,NA,NA,3,2,3,3,1,1,1,50,0,2,NA,NA,NA,1,1,1,NA,NA,NA,NA,NA,NA,2,3,4,NA,NA,NA,NA,NA,61,0,NA,NA,NA,NA,NA,NA,NA,NA,NA,NA,NA,NA,5,5,5,34,0,0,0,0,0,31,0,0,25,0,0,0,NA,NA,NA,treatment,Democrat,NA,NA,NA,NA,NA,NA,NA,NA,308,NA,12889,NA,NA,NA,NA,NA,NA,NA,NA,NA,NA,37,NA,NA,NA,NA,NA,NA,NA,NA,NA,1,Strong D,1,Democrat,0,Non-MAGA,Very liberal,1,4,Treatment D,0,1,Mismatch,0,50,0,61,NA,NA,NA,NA,NA,NA,34,0,0,31,0,0,NA,NA,NA,NA,NA,NA,0,0,0,0,25,0,2.75,medium,1,1,0,0,0,1,1,1,0,0,0,50,61,0,0,0,11,-11,11,0,11,5,10.833333333333334,4.166666666666667,4.166666666666667,NA,16.25,0,0,12.5,34,0,0,31,0,0,0,0,0,0,25,0
NA,NA,0,NA,100,578,1,NA,NA,NA,NA,NA,NA,30.3478,-81.6493,NA,NA,1,1,2,2,NA,7,5,5,5,5,1,2,2,2,NA,NA,NA,NA,NA,NA,NA,10,90,2,NA,NA,NA,NA,NA,NA,NA,1,NA,NA,NA,NA,NA,NA,NA,NA,5,5,5,5,10,90,40,60,100,99,73,51,0,10,0,10,0,10,NA,NA,NA,NA,NA,NA,NA,NA,NA,NA,NA,NA,NA,NA,NA,2,NA,NA,NA,control,Republican,NA,NA,NA,NA,NA,NA,NA,NA,726,NA,5794,NA,NA,NA,NA,NA,NA,NA,NA,NA,NA,60,NA,NA,NA,NA,NA,NA,NA,NA,NA,7,Strong R,2,Republican,1,MAGA,Very conservative,0,1,Control R,0,0,Control,90,10,90,10,40,100,73,0,0,0,NA,NA,NA,NA,NA,NA,60,99,51,10,10,10,NA,NA,NA,NA,NA,NA,5,strong,2,2,0,0,0,0,0,0,0,1,0,90,90,10,10,0,0,0,0,0,0,5,35.5,40,NA,40,53.25,0,55,10,40,100,73,0,0,0,60,99,51,10,10,10
NA,NA,0,NA,100,429,1,NA,NA,NA,NA,NA,NA,41.0457,-95.7354,NA,NA,1,1,1,2,NA,2,NA,NA,NA,NA,0,NA,NA,NA,4,4,2,3,3,3,3,82,21,2,NA,NA,NA,1,NA,NA,NA,NA,NA,NA,NA,NA,4,NA,NA,NA,NA,NA,NA,NA,82,20,NA,NA,NA,NA,NA,NA,NA,NA,NA,NA,NA,NA,4,4,2,12,12,9,9,30,30,0,0,20,79,30,92,0,NA,NA,NA,treatment,Democrat,NA,NA,NA,NA,NA,NA,NA,NA,469,NA,5347,NA,NA,NA,NA,NA,NA,NA,NA,NA,NA,65,NA,NA,NA,NA,NA,NA,NA,NA,NA,1,Strong D,1,Democrat,0,Non-MAGA,Somewhat liberal,1,4,Treatment D,0,1,Mismatch,21,82,20,82,NA,NA,NA,NA,NA,NA,12,9,30,0,20,30,NA,NA,NA,NA,NA,NA,12,9,30,0,79,92,3.25,strong,2,3,0,0,0,1,0,0,0,0,0,82,82,21,20,-1,0,-1,0,-1,1,3.3333333333333335,16.833333333333332,37,37,NA,12.75,25,12.75,85.5,12,9,30,0,20,30,12,9,30,0,79,92
NA,NA,0,NA,100,227,1,NA,NA,NA,NA,NA,NA,37.2602,-121.7709,NA,NA,1,1,1,1,NA,3,NA,NA,NA,NA,0,NA,NA,NA,2,1,1,2,1,1,1,49,0,2,1,NA,NA,1,NA,NA,NA,NA,NA,5,NA,NA,5,NA,NA,NA,NA,NA,NA,NA,51,0,NA,NA,NA,NA,NA,NA,NA,NA,NA,NA,NA,NA,5,5,5,50,83,44,81,21,65,20,74,100,0,100,78,0,NA,NA,NA,treatment,Democrat,NA,NA,NA,NA,NA,NA,NA,NA,240,NA,2748,NA,NA,NA,NA,NA,NA,NA,NA,NA,NA,31,NA,NA,NA,NA,NA,NA,NA,NA,NA,2,Weak D,1,Democrat,0,Non-MAGA,Slightly liberal,1,4,Treatment D,0,1,Mismatch,0,49,0,51,NA,NA,NA,NA,NA,NA,50,44,21,20,100,100,NA,NA,NA,NA,NA,NA,83,81,65,74,0,78,1.5,weak,1,1,1,0,0,1,0,0,0,0,0,49,51,0,0,0,2,-2,2,0,2,5,55.833333333333336,63.5,63.5,NA,33.75,100,75.75,39,50,44,21,20,100,100,83,81,65,74,0,78
NA,NA,0,NA,100,1003,1,NA,NA,NA,NA,NA,NA,39.0469,-77.4903,NA,NA,1,1,2,2,NA,6,4,4,4,5,0,4,4,4,NA,NA,NA,NA,NA,NA,NA,40,85,2,NA,NA,NA,NA,NA,1,NA,NA,NA,NA,NA,NA,NA,NA,3,NA,NA,4,1,1,35,85,30,65,0,20,0,10,0,5,0,15,0,20,NA,NA,NA,NA,NA,NA,NA,NA,NA,NA,NA,NA,NA,NA,NA,1,NA,NA,NA,treatment,Republican,NA,NA,NA,NA,NA,NA,NA,NA,1062,NA,4250,NA,NA,NA,NA,NA,NA,NA,NA,NA,NA,27,NA,NA,NA,NA,NA,NA,NA,NA,NA,7,Strong R,2,Republican,1,Non-MAGA,Somewhat conservative,1,3,Treatment R,1,2,Match,85,40,85,35,30,0,0,0,0,0,NA,NA,NA,NA,NA,NA,65,20,10,5,15,20,NA,NA,NA,NA,NA,NA,4.25,strong,2,4,0,0,0,0,0,1,0,0,0,85,85,40,35,0,-5,5,0,-5,5,2,5,22.5,NA,22.5,7.5,0,25,17.5,30,0,0,0,0,0,65,20,10,5,15,20
NA,NA,0,NA,100,441,1,NA,NA,NA,NA,NA,NA,33.6988,-78.916,NA,NA,0.899999976158142,1,1,1,NA,3,NA,NA,NA,NA,0,NA,NA,NA,3,3,3,3,2,2,3,84,19,2,NA,NA,NA,NA,NA,NA,NA,NA,1,NA,NA,NA,NA,NA,NA,NA,NA,NA,NA,NA,82,20,NA,NA,NA,NA,NA,NA,NA,NA,NA,NA,NA,NA,2,2,2,81,76,71,70,75,29,78,29,80,29,27,65,0,NA,NA,NA,control,Democrat,NA,NA,NA,NA,NA,NA,NA,NA,464,NA,5719,NA,NA,NA,NA,NA,NA,NA,NA,NA,NA,21,NA,NA,NA,NA,NA,NA,NA,NA,NA,2,Weak D,1,Democrat,0,Non-MAGA,Slightly liberal,0,2,Control D,0,0,Control,19,84,20,82,NA,NA,NA,NA,NA,NA,81,71,75,78,80,27,NA,NA,NA,NA,NA,NA,76,70,29,29,29,65,3,strong,2,2.3333333333333335,0,0,0,0,0,0,0,0,1,84,82,19,20,1,-2,3,-2,1,-3,2,68.66666666666667,49.666666666666664,49.666666666666664,NA,76.25,53.5,51,47,81,71,75,78,80,27,76,70,29,29,29,65
NA,NA,0,NA,100,438,1,NA,NA,NA,NA,NA,NA,35.697,-82.5607,NA,NA,1,1,2,1,NA,6,4,3,3,3,0,3,3,3,NA,NA,NA,NA,NA,NA,NA,59,79,2,NA,NA,NA,NA,NA,NA,NA,NA,1,NA,NA,NA,NA,NA,NA,NA,NA,2,2,2,59,74,80,80,71,71,69,68,67,67,72,67,64,64,NA,NA,NA,NA,NA,NA,NA,NA,NA,NA,NA,NA,NA,NA,NA,1,NA,NA,NA,control,Republican,NA,NA,NA,NA,NA,NA,NA,NA,452,NA,186,NA,NA,NA,NA,NA,NA,NA,NA,NA,NA,22,NA,NA,NA,NA,NA,NA,NA,NA,NA,6,Weak R,2,Republican,1,Non-MAGA,Somewhat conservative,0,1,Control R,0,0,Control,79,59,74,59,80,71,69,67,72,64,NA,NA,NA,NA,NA,NA,80,71,68,67,67,64,NA,NA,NA,NA,NA,NA,3.25,strong,2,3,0,0,0,0,0,0,0,0,1,79,74,59,59,-5,0,-5,-5,0,-5,2,70.5,69.5,NA,69.5,71.75,68,71.5,65.5,80,71,69,67,72,64,80,71,68,67,67,64
NA,NA,0,NA,100,366,1,NA,NA,NA,NA,NA,NA,41.892,-87.6416,NA,NA,1,1,1,2,NA,1,NA,NA,NA,NA,0,NA,NA,NA,5,5,5,5,2,2,2,100,3,2,NA,NA,NA,NA,NA,NA,NA,1,NA,NA,NA,NA,NA,NA,NA,NA,5,NA,NA,NA,100,0,NA,NA,NA,NA,NA,NA,NA,NA,NA,NA,NA,NA,5,5,5,19,72,14,67,0,64,0,45,0,35,0,41,0,NA,NA,NA,control,Democrat,NA,NA,NA,NA,NA,NA,NA,NA,374,NA,11186,NA,NA,NA,NA,NA,NA,NA,NA,NA,NA,29,NA,NA,NA,NA,NA,NA,NA,NA,NA,1,Strong D,1,Democrat,0,Non-MAGA,Very liberal,0,2,Control D,0,0,Control,3,100,0,100,NA,NA,NA,NA,NA,NA,19,14,0,0,0,0,NA,NA,NA,NA,NA,NA,72,67,64,45,35,41,5,strong,2,2,0,0,0,0,0,0,0,1,0,100,100,3,0,-3,0,-3,0,-3,3,5,5.5,54,54,NA,8.25,0,62,38,19,14,0,0,0,0,72,67,64,45,35,41
NA,NA,0,NA,100,329,1,NA,NA,NA,NA,NA,NA,33.7596,-84.7463,NA,NA,1,1,2,1,NA,4,3,3,3,3,0,3,3,2,NA,NA,NA,NA,NA,NA,NA,59,59,2,NA,NA,NA,NA,NA,NA,NA,1,NA,NA,NA,NA,NA,NA,NA,NA,3,2,2,2,62,59,50,60,62,57,58,58,50,50,60,60,60,62,NA,NA,NA,NA,NA,NA,NA,NA,NA,NA,NA,NA,NA,NA,NA,1,NA,NA,NA,treatment,Republican,NA,NA,NA,NA,NA,NA,NA,NA,380,NA,1956,NA,NA,NA,NA,NA,NA,NA,NA,NA,NA,43,NA,NA,NA,NA,NA,NA,NA,NA,NA,6,Weak R,2,Republican,1,Non-MAGA,Moderate,1,3,Treatment R,1,2,Match,59,59,59,62,50,62,58,50,60,60,NA,NA,NA,NA,NA,NA,60,57,58,50,60,62,NA,NA,NA,NA,NA,NA,3,strong,2,2.6666666666666665,0,0,0,0,0,0,0,1,0,59,59,59,62,0,3,-3,0,3,-3,2,56.666666666666664,57.833333333333336,NA,57.833333333333336,55,60,56.25,61,50,62,58,50,60,60,60,57,58,50,60,62
NA,NA,0,NA,100,415,1,NA,NA,NA,NA,NA,NA,40.4131,-74.2372,NA,NA,1,1,1,2,NA,2,NA,NA,NA,NA,0,NA,NA,NA,4,4,3,4,3,4,3,91,9,2,NA,NA,NA,NA,NA,1,NA,1,NA,NA,NA,NA,NA,NA,4,NA,3,NA,NA,NA,91,19,NA,NA,NA,NA,NA,NA,NA,NA,NA,NA,NA,NA,5,4,5,70,100,7,100,0,60,0,81,9,91,9,72,0,NA,NA,NA,control,Democrat,NA,NA,NA,NA,NA,NA,NA,NA,423,NA,780,NA,NA,NA,NA,NA,NA,NA,NA,NA,NA,42,NA,NA,NA,NA,NA,NA,NA,NA,NA,1,Strong D,1,Democrat,0,Non-MAGA,Somewhat liberal,0,2,Control D,0,0,Control,9,91,19,91,NA,NA,NA,NA,NA,NA,70,7,0,0,9,9,NA,NA,NA,NA,NA,NA,100,100,60,81,91,72,3.75,strong,2,3.3333333333333335,0,0,0,0,0,1,0,1,0,91,91,9,19,10,0,10,0,10,-10,4.666666666666667,15.833333333333334,84,84,NA,19.25,9,85.25,81.5,70,7,0,0,9,9,100,100,60,81,91,72
NA,NA,0,NA,100,453,1,NA,NA,NA,NA,NA,NA,38.9512,-76.4944,NA,NA,1,1,1,2,NA,2,NA,NA,NA,NA,0,NA,NA,NA,4,4,4,4,3,3,3,80,19,2,1,NA,NA,1,NA,NA,NA,NA,NA,4,NA,NA,5,NA,NA,NA,NA,NA,NA,NA,82,7,NA,NA,NA,NA,NA,NA,NA,NA,NA,NA,NA,NA,5,2,2,30,77,43,73,7,23,6,30,11,25,13,34,0,NA,NA,NA,treatment,Democrat,NA,NA,NA,NA,NA,NA,NA,NA,463,NA,486,NA,NA,NA,NA,NA,NA,NA,NA,NA,NA,45,NA,NA,NA,NA,NA,NA,NA,NA,NA,1,Strong D,1,Democrat,0,Non-MAGA,Somewhat liberal,1,4,Treatment D,0,1,Mismatch,19,80,7,82,NA,NA,NA,NA,NA,NA,30,43,7,6,11,13,NA,NA,NA,NA,NA,NA,77,73,23,30,25,34,4,strong,2,3,1,0,0,1,0,0,0,0,0,80,82,19,7,-12,2,-14,2,-12,14,3,18.333333333333332,43.666666666666664,43.666666666666664,NA,21.5,12,50.75,29.5,30,43,7,6,11,13,77,73,23,30,25,34
NA,NA,0,NA,100,267,1,NA,NA,NA,NA,NA,NA,40.6713,-73.8943,NA,NA,1,1,2,2,NA,7,5,5,4,5,0,2,1,2,NA,NA,NA,NA,NA,NA,NA,31,93,2,NA,NA,NA,NA,NA,1,NA,1,NA,NA,NA,NA,NA,NA,2,NA,4,2,5,4,10,96,71,62,74,62,71,77,55,59,80,67,67,62,NA,NA,NA,NA,NA,NA,NA,NA,NA,NA,NA,NA,NA,NA,NA,1,NA,NA,NA,control,Republican,NA,NA,NA,NA,NA,NA,NA,NA,284,NA,150,NA,NA,NA,NA,NA,NA,NA,NA,NA,NA,20,NA,NA,NA,NA,NA,NA,NA,NA,NA,7,Strong R,2,Republican,1,Non-MAGA,Very conservative,0,1,Control R,0,0,Control,93,31,96,10,71,74,71,55,80,67,NA,NA,NA,NA,NA,NA,62,62,77,59,67,62,NA,NA,NA,NA,NA,NA,4.75,strong,2,1.6666666666666667,0,0,0,0,0,1,0,1,0,93,96,31,10,3,-21,24,3,-21,24,3.6666666666666665,69.66666666666667,64.83333333333333,NA,64.83333333333333,67.75,73.5,65,64.5,71,74,71,55,80,67,62,62,77,59,67,62
NA,NA,0,NA,100,386,1,NA,NA,NA,NA,NA,NA,35.0221,-80.5318,NA,NA,1,1,1,2,NA,2,NA,NA,NA,NA,0,NA,NA,NA,3,4,3,4,3,4,3,75,35,2,NA,NA,NA,NA,NA,NA,NA,1,NA,NA,NA,NA,NA,NA,NA,NA,2,NA,NA,NA,75,35,NA,NA,NA,NA,NA,NA,NA,NA,NA,NA,NA,NA,4,2,1,55,70,25,65,5,60,5,60,10,55,10,60,0,NA,NA,NA,control,Democrat,NA,NA,NA,NA,NA,NA,NA,NA,403,NA,17165,NA,NA,NA,NA,NA,NA,NA,NA,NA,NA,32,NA,NA,NA,NA,NA,NA,NA,NA,NA,1,Strong D,1,Democrat,0,Non-MAGA,Somewhat liberal,0,2,Control D,0,0,Control,35,75,35,75,NA,NA,NA,NA,NA,NA,55,25,5,5,10,10,NA,NA,NA,NA,NA,NA,70,65,60,60,55,60,3.5,strong,2,3.3333333333333335,0,0,0,0,0,0,0,1,0,75,75,35,35,0,0,0,0,0,0,2.3333333333333335,18.333333333333332,61.666666666666664,61.666666666666664,NA,22.5,10,63.75,57.5,55,25,5,5,10,10,70,65,60,60,55,60
NA,NA,0,NA,100,441,1,NA,NA,NA,NA,NA,NA,47.2109,-122.4147,NA,NA,0.899999976158142,1,1,1,NA,2,NA,NA,NA,NA,0,NA,NA,NA,4,4,3,4,2,2,3,100,26,2,NA,NA,NA,NA,NA,NA,NA,1,NA,NA,NA,NA,NA,NA,NA,NA,4,NA,NA,NA,99,29,NA,NA,NA,NA,NA,NA,NA,NA,NA,NA,NA,NA,3,2,1,93,35,60,17,29,3,41,2,35,63,59,24,0,NA,NA,NA,control,Democrat,NA,NA,NA,NA,NA,NA,NA,NA,460,NA,672,NA,NA,NA,NA,NA,NA,NA,NA,NA,NA,28,NA,NA,NA,NA,NA,NA,NA,NA,NA,2,Weak D,1,Democrat,0,Non-MAGA,Somewhat liberal,0,2,Control D,0,0,Control,26,100,29,99,NA,NA,NA,NA,NA,NA,93,60,29,41,35,59,NA,NA,NA,NA,NA,NA,35,17,3,2,63,24,3.75,strong,2,2.3333333333333335,0,0,0,0,0,0,0,1,0,100,99,26,29,3,-1,4,-1,3,-4,2,52.833333333333336,24,24,NA,55.75,47,14.25,43.5,93,60,29,41,35,59,35,17,3,2,63,24
NA,NA,0,NA,100,331,1,NA,NA,NA,NA,NA,NA,30.2755,-81.5815,NA,NA,1,1,1,1,NA,3,NA,NA,NA,NA,0,NA,NA,NA,3,3,3,3,3,3,3,95,84,2,NA,NA,NA,NA,1,1,1,NA,NA,NA,NA,NA,NA,3,3,4,NA,NA,NA,NA,95,76,NA,NA,NA,NA,NA,NA,NA,NA,NA,NA,NA,NA,3,2,2,53,58,51,60,19,36,13,28,17,27,13,23,0,NA,NA,NA,treatment,Democrat,NA,NA,NA,NA,NA,NA,NA,NA,343,NA,584,NA,NA,NA,NA,NA,NA,NA,NA,NA,NA,32,NA,NA,NA,NA,NA,NA,NA,NA,NA,2,Weak D,1,Democrat,0,Non-MAGA,Slightly liberal,1,4,Treatment D,0,1,Mismatch,84,95,76,95,NA,NA,NA,NA,NA,NA,53,51,19,13,17,13,NA,NA,NA,NA,NA,NA,58,60,36,28,27,23,3,strong,2,3,0,0,0,0,1,1,1,0,0,95,95,84,76,-8,0,-8,0,-8,8,2.3333333333333335,27.666666666666668,38.666666666666664,38.666666666666664,NA,34,15,45.5,25,53,51,19,13,17,13,58,60,36,28,27,23
NA,NA,0,NA,100,375,1,NA,NA,NA,NA,NA,NA,32.2503,-110.945,NA,NA,1,1,3,NA,1,2,NA,NA,NA,NA,0,NA,NA,NA,1,2,1,1,4,4,4,50,50,2,NA,NA,NA,NA,NA,NA,NA,NA,1,NA,NA,NA,NA,NA,NA,NA,NA,NA,NA,NA,50,50,NA,NA,NA,NA,NA,NA,NA,NA,NA,NA,NA,NA,3,3,1,8,40,0,0,0,0,0,0,0,0,0,0,0,NA,NA,NA,treatment,Democrat,NA,NA,NA,NA,NA,NA,NA,NA,388,NA,1438,NA,NA,NA,NA,NA,NA,NA,NA,NA,NA,49,NA,NA,NA,NA,NA,NA,NA,NA,NA,3,Lean D,0,Independent,0,Non-MAGA,Somewhat liberal,1,4,Treatment D,0,1,Mismatch,50,50,50,50,NA,NA,NA,NA,NA,NA,8,0,0,0,0,0,NA,NA,NA,NA,NA,NA,40,0,0,0,0,0,1.25,weak,NA,4,0,0,0,0,0,0,0,0,1,50,50,50,50,0,0,0,0,0,0,7,1.3333333333333333,6.666666666666667,6.666666666666667,NA,2,0,10,0,8,0,0,0,0,0,40,0,0,0,0,0
NA,NA,0,NA,100,350,1,NA,NA,NA,NA,NA,NA,40.6994,-73.813,NA,NA,1,1,2,1,NA,5,2,3,2,2,0,3,3,2,NA,NA,NA,NA,NA,NA,NA,36,64,2,NA,NA,NA,NA,NA,NA,NA,1,NA,NA,NA,NA,NA,NA,NA,NA,4,4,2,1,29,62,69,72,0,0,0,6,0,10,0,5,0,7,NA,NA,NA,NA,NA,NA,NA,NA,NA,NA,NA,NA,NA,NA,NA,1,NA,NA,NA,control,Republican,NA,NA,NA,NA,NA,NA,NA,NA,361,NA,23106,NA,NA,NA,NA,NA,NA,NA,NA,NA,NA,40,NA,NA,NA,NA,NA,NA,NA,NA,NA,6,Weak R,2,Republican,1,Non-MAGA,Slightly conservative,0,1,Control R,0,0,Control,64,36,62,29,69,0,0,0,0,0,NA,NA,NA,NA,NA,NA,72,0,6,10,5,7,NA,NA,NA,NA,NA,NA,2.25,medium,1,2.6666666666666665,0,0,0,0,0,0,0,1,0,64,62,36,29,-2,-7,5,-2,-7,5,2.3333333333333335,11.5,16.666666666666668,NA,16.666666666666668,17.25,0,22,6,69,0,0,0,0,0,72,0,6,10,5,7
NA,NA,0,NA,100,481,1,NA,NA,NA,NA,NA,NA,36.0471,-114.9839,NA,NA,0.899999976158142,1,3,NA,1,3,NA,NA,NA,NA,0,NA,NA,NA,2,2,1,2,4,4,3,50,20,2,1,1,NA,1,NA,NA,NA,NA,NA,4,5,NA,5,NA,NA,NA,NA,NA,NA,NA,45,20,NA,NA,NA,NA,NA,NA,NA,NA,NA,NA,NA,NA,4,4,3,75,80,NA,70,0,25,0,25,0,0,0,0,0,NA,NA,NA,treatment,Democrat,NA,NA,NA,NA,NA,NA,NA,NA,490,NA,86,NA,NA,NA,NA,NA,NA,NA,NA,NA,NA,41,NA,NA,NA,NA,NA,NA,NA,NA,NA,3,Lean D,0,Independent,0,Non-MAGA,Slightly liberal,1,4,Treatment D,0,1,Mismatch,20,50,20,45,NA,NA,NA,NA,NA,NA,75,NA,0,0,0,0,NA,NA,NA,NA,NA,NA,80,70,25,25,0,0,1.75,medium,1,3.6666666666666665,1,1,0,1,0,0,0,0,0,50,45,20,20,0,-5,5,-5,0,-5,11,NA,33.333333333333336,33.333333333333336,NA,NA,0,50,0,75,NA,0,0,0,0,80,70,25,25,0,0
NA,NA,0,NA,100,324,1,NA,NA,NA,NA,NA,NA,35.9825,-78.5376,NA,NA,1,1,3,NA,1,3,NA,NA,NA,NA,0,NA,NA,NA,1,1,1,1,3,3,2,45,28,2,NA,NA,NA,NA,NA,NA,NA,NA,1,NA,NA,NA,NA,NA,NA,NA,NA,NA,NA,NA,44,34,NA,NA,NA,NA,NA,NA,NA,NA,NA,NA,NA,NA,3,2,1,48,95,8,70,0,15,0,10,24,45,18,67,0,NA,NA,NA,control,Democrat,NA,NA,NA,NA,NA,NA,NA,NA,335,NA,8577,NA,NA,NA,NA,NA,NA,NA,NA,NA,NA,51,NA,NA,NA,NA,NA,NA,NA,NA,NA,3,Lean D,0,Independent,0,Non-MAGA,Slightly liberal,0,2,Control D,0,0,Control,28,45,34,44,NA,NA,NA,NA,NA,NA,48,8,0,0,24,18,NA,NA,NA,NA,NA,NA,95,70,15,10,45,67,1,weak,0,2.6666666666666665,0,0,0,0,0,0,0,0,1,45,44,28,34,6,-1,7,-1,6,-7,6,16.333333333333332,50.333333333333336,50.333333333333336,NA,14,21,47.5,56,48,8,0,0,24,18,95,70,15,10,45,67
NA,NA,0,NA,100,351,1,NA,NA,NA,NA,NA,NA,39.8616,-88.9355,NA,NA,1,1,1,2,NA,2,NA,NA,NA,NA,0,NA,NA,NA,4,4,3,3,1,3,2,60,30,2,1,NA,NA,1,1,NA,NA,NA,NA,3,NA,NA,4,2,NA,NA,NA,NA,NA,NA,60,30,NA,NA,NA,NA,NA,NA,NA,NA,NA,NA,NA,NA,5,2,1,30,60,0,25,0,10,0,1,0,4,0,5,0,NA,NA,NA,treatment,Democrat,NA,NA,NA,NA,NA,NA,NA,NA,358,NA,14196,NA,NA,NA,NA,NA,NA,NA,NA,NA,NA,44,NA,NA,NA,NA,NA,NA,NA,NA,NA,1,Strong D,1,Democrat,0,Non-MAGA,Somewhat liberal,1,4,Treatment D,0,1,Mismatch,30,60,30,60,NA,NA,NA,NA,NA,NA,30,0,0,0,0,0,NA,NA,NA,NA,NA,NA,60,25,10,1,4,5,3.5,strong,2,2,1,0,0,1,1,0,0,0,0,60,60,30,30,0,0,0,0,0,0,2.6666666666666665,5,17.5,17.5,NA,7.5,0,24,4.5,30,0,0,0,0,0,60,25,10,1,4,5
NA,NA,0,NA,100,557,1,NA,NA,NA,NA,NA,NA,26.165,-97.9892,NA,NA,1,1,1,2,NA,2,NA,NA,NA,NA,0,NA,NA,NA,4,3,4,4,3,4,2,81,10,2,NA,NA,NA,NA,NA,NA,NA,1,NA,NA,NA,NA,NA,NA,NA,NA,3,NA,NA,NA,89,10,NA,NA,NA,NA,NA,NA,NA,NA,NA,NA,NA,NA,5,5,5,94,0,61,17,100,0,100,0,50,0,30,0,0,NA,NA,NA,treatment,Democrat,NA,NA,NA,NA,NA,NA,NA,NA,566,NA,217,NA,NA,NA,NA,NA,NA,NA,NA,NA,NA,19,NA,NA,NA,NA,NA,NA,NA,NA,NA,1,Strong D,1,Democrat,0,Non-MAGA,Somewhat liberal,1,4,Treatment D,0,1,Mismatch,10,81,10,89,NA,NA,NA,NA,NA,NA,94,61,100,100,50,30,NA,NA,NA,NA,NA,NA,0,17,0,0,0,0,3.75,strong,2,3,0,0,0,0,0,0,0,1,0,81,89,10,10,0,8,-8,8,0,8,5,72.5,2.8333333333333335,2.8333333333333335,NA,88.75,40,4.25,0,94,61,100,100,50,30,0,17,0,0,0,0
NA,NA,0,NA,100,384,1,NA,NA,NA,NA,NA,NA,32.7097,-117.1228,NA,NA,1,1,2,2,NA,7,5,5,5,5,1,1,1,4,NA,NA,NA,NA,NA,NA,NA,0,100,2,NA,NA,NA,NA,NA,NA,NA,1,NA,NA,NA,NA,NA,NA,NA,NA,5,1,1,1,0,100,0,50,0,0,0,0,0,0,0,0,0,0,NA,NA,NA,NA,NA,NA,NA,NA,NA,NA,NA,NA,NA,NA,NA,2,NA,NA,NA,control,Republican,NA,NA,NA,NA,NA,NA,NA,NA,404,NA,4960,NA,NA,NA,NA,NA,NA,NA,NA,NA,NA,36,NA,NA,NA,NA,NA,NA,NA,NA,NA,7,Strong R,2,Republican,1,MAGA,Very conservative,0,1,Control R,0,0,Control,100,0,100,0,0,0,0,0,0,0,NA,NA,NA,NA,NA,NA,50,0,0,0,0,0,NA,NA,NA,NA,NA,NA,5,strong,2,2,0,0,0,0,0,0,0,1,0,100,100,0,0,0,0,0,0,0,0,1,0,8.333333333333334,NA,8.333333333333334,0,0,12.5,0,0,0,0,0,0,0,50,0,0,0,0,0
NA,NA,0,NA,100,179,1,NA,NA,NA,NA,NA,NA,40.8677,-74.1737,NA,NA,1,1,1,2,NA,1,NA,NA,NA,NA,0,NA,NA,NA,4,3,2,2,1,2,1,50,0,2,NA,NA,NA,NA,NA,NA,NA,NA,1,NA,NA,NA,NA,NA,NA,NA,NA,NA,NA,NA,50,0,NA,NA,NA,NA,NA,NA,NA,NA,NA,NA,NA,NA,5,5,2,78,78,0,100,50,100,50,100,8,72,0,60,0,NA,NA,NA,control,Democrat,NA,NA,NA,NA,NA,NA,NA,NA,185,NA,700,NA,NA,NA,NA,NA,NA,NA,NA,NA,NA,30,NA,NA,NA,NA,NA,NA,NA,NA,NA,1,Strong D,1,Democrat,0,Non-MAGA,Very liberal,0,2,Control D,0,0,Control,0,50,0,50,NA,NA,NA,NA,NA,NA,78,0,50,50,8,0,NA,NA,NA,NA,NA,NA,78,100,100,100,72,60,2.75,medium,1,1.3333333333333333,0,0,0,0,0,0,0,0,1,50,50,0,0,0,0,0,0,0,0,4,31,85,85,NA,44.5,4,94.5,66,78,0,50,50,8,0,78,100,100,100,72,60
NA,NA,0,NA,100,431,1,NA,NA,NA,NA,NA,NA,39.6796,-104.9626,NA,NA,0.899999976158142,1,3,NA,1,1,NA,NA,NA,NA,0,NA,NA,NA,1,1,1,1,3,3,3,25,0,2,1,NA,NA,1,NA,NA,NA,NA,NA,2,NA,NA,3,NA,NA,NA,NA,NA,NA,NA,25,0,NA,NA,NA,NA,NA,NA,NA,NA,NA,NA,NA,NA,5,5,5,50,50,0,0,0,0,0,0,0,0,0,0,0,NA,NA,NA,treatment,Democrat,NA,NA,NA,NA,NA,NA,NA,NA,438,NA,5063,NA,NA,NA,NA,NA,NA,NA,NA,NA,NA,37,NA,NA,NA,NA,NA,NA,NA,NA,NA,3,Lean D,0,Independent,0,Non-MAGA,Very liberal,1,4,Treatment D,0,1,Mismatch,0,25,0,25,NA,NA,NA,NA,NA,NA,50,0,0,0,0,0,NA,NA,NA,NA,NA,NA,50,0,0,0,0,0,1,weak,0,3,1,0,0,1,0,0,0,0,0,25,25,0,0,0,0,0,0,0,0,15,8.333333333333334,8.333333333333334,8.333333333333334,NA,12.5,0,12.5,0,50,0,0,0,0,0,50,0,0,0,0,0
NA,NA,0,NA,100,482,1,NA,NA,NA,NA,NA,NA,39.1638,-84.4517,NA,NA,1,1,1,2,NA,2,NA,NA,NA,NA,0,NA,NA,NA,3,3,3,3,2,2,2,75,14,2,NA,NA,NA,NA,NA,NA,NA,NA,1,NA,NA,NA,NA,NA,NA,NA,NA,NA,NA,NA,73,14,NA,NA,NA,NA,NA,NA,NA,NA,NA,NA,NA,NA,4,2,1,45,48,48,49,0,25,0,19,15,58,0,20,0,NA,NA,NA,control,Democrat,NA,NA,NA,NA,NA,NA,NA,NA,491,NA,188,NA,NA,NA,NA,NA,NA,NA,NA,NA,NA,45,NA,NA,NA,NA,NA,NA,NA,NA,NA,1,Strong D,1,Democrat,0,Non-MAGA,Somewhat liberal,0,2,Control D,0,0,Control,14,75,14,73,NA,NA,NA,NA,NA,NA,45,48,0,0,15,0,NA,NA,NA,NA,NA,NA,48,49,25,19,58,20,3,strong,2,2,0,0,0,0,0,0,0,0,1,75,73,14,14,0,-2,2,-2,0,-2,2.3333333333333335,18,36.5,36.5,NA,23.25,7.5,35.25,39,45,48,0,0,15,0,48,49,25,19,58,20
NA,NA,0,NA,100,329,1,NA,NA,NA,NA,NA,NA,37.751,-97.822,NA,NA,1,1,1,1,NA,2,NA,NA,NA,NA,0,NA,NA,NA,4,4,4,4,3,3,3,80,74,2,NA,1,NA,1,NA,NA,1,NA,NA,NA,4,NA,4,NA,NA,4,NA,NA,NA,NA,61,86,NA,NA,NA,NA,NA,NA,NA,NA,NA,NA,NA,NA,2,2,2,57,44,24,21,43,36,33,38,55,46,16,28,0,NA,NA,NA,treatment,Democrat,NA,NA,NA,NA,NA,NA,NA,NA,345,NA,3489,NA,NA,NA,NA,NA,NA,NA,NA,NA,NA,70,NA,NA,NA,NA,NA,NA,NA,NA,NA,2,Weak D,1,Democrat,0,Non-MAGA,Somewhat liberal,1,4,Treatment D,0,1,Mismatch,74,80,86,61,NA,NA,NA,NA,NA,NA,57,24,43,33,55,16,NA,NA,NA,NA,NA,NA,44,21,36,38,46,28,4,strong,2,3,0,1,0,1,0,0,1,0,0,80,61,74,86,12,-19,31,-19,12,-31,2,38,35.5,35.5,NA,39.25,35.5,34.75,37,57,24,43,33,55,16,44,21,36,38,46,28
NA,NA,0,NA,100,387,1,NA,NA,NA,NA,NA,NA,39.6293,-75.6583,NA,NA,1,1,3,NA,1,4,NA,NA,NA,NA,0,NA,NA,NA,2,2,2,2,3,3,3,65,26,2,NA,NA,NA,NA,NA,NA,NA,1,NA,NA,NA,NA,NA,NA,NA,NA,3,NA,NA,NA,61,21,NA,NA,NA,NA,NA,NA,NA,NA,NA,NA,NA,NA,4,4,4,0,0,0,0,0,0,0,0,0,0,0,0,0,NA,NA,NA,control,Democrat,NA,NA,NA,NA,NA,NA,NA,NA,396,NA,6159,NA,NA,NA,NA,NA,NA,NA,NA,NA,NA,63,NA,NA,NA,NA,NA,NA,NA,NA,NA,3,Lean D,0,Independent,0,Non-MAGA,Moderate,0,2,Control D,0,0,Control,26,65,21,61,NA,NA,NA,NA,NA,NA,0,0,0,0,0,0,NA,NA,NA,NA,NA,NA,0,0,0,0,0,0,2,medium,1,3,0,0,0,0,0,0,0,1,0,65,61,26,21,-5,-4,-1,-4,-5,1,12,0,0,0,NA,0,0,0,0,0,0,0,0,0,0,0,0,0,0,0,0
NA,NA,0,NA,100,382,1,NA,NA,NA,NA,NA,NA,37.751,-97.822,NA,NA,1,1,2,2,NA,6,4,3,4,3,0,2,2,4,NA,NA,NA,NA,NA,NA,NA,50,81,2,NA,NA,NA,NA,NA,NA,NA,NA,1,NA,NA,NA,NA,NA,NA,NA,NA,3,2,3,45,71,50,50,50,81,77,70,54,50,50,71,36,32,NA,NA,NA,NA,NA,NA,NA,NA,NA,NA,NA,NA,NA,NA,NA,1,NA,NA,NA,control,Republican,NA,NA,NA,NA,NA,NA,NA,NA,414,NA,2066,NA,NA,NA,NA,NA,NA,NA,NA,NA,NA,30,NA,NA,NA,NA,NA,NA,NA,NA,NA,7,Strong R,2,Republican,1,Non-MAGA,Somewhat conservative,0,1,Control R,0,0,Control,81,50,71,45,50,50,77,54,50,36,NA,NA,NA,NA,NA,NA,50,81,70,50,71,32,NA,NA,NA,NA,NA,NA,3.5,strong,2,2.6666666666666665,0,0,0,0,0,0,0,0,1,81,71,50,45,-10,-5,-5,-10,-5,-5,2.6666666666666665,52.833333333333336,59,NA,59,57.75,43,62.75,51.5,50,50,77,54,50,36,50,81,70,50,71,32
NA,NA,0,NA,100,126,1,NA,NA,NA,NA,NA,NA,40.9286,-98.3873,NA,NA,1,1,1,1,NA,3,NA,NA,NA,NA,0,NA,NA,NA,4,4,4,4,3,3,2,54,49,2,NA,NA,NA,NA,NA,NA,NA,NA,1,NA,NA,NA,NA,NA,NA,NA,NA,NA,NA,NA,66,42,NA,NA,NA,NA,NA,NA,NA,NA,NA,NA,NA,NA,4,4,3,50,50,50,50,50,50,50,50,50,50,50,50,0,NA,NA,NA,treatment,Democrat,NA,NA,NA,NA,NA,NA,NA,NA,138,NA,24,NA,NA,NA,NA,NA,NA,NA,NA,NA,NA,18,NA,NA,NA,NA,NA,NA,NA,NA,NA,2,Weak D,1,Democrat,0,Non-MAGA,Slightly liberal,1,4,Treatment D,0,1,Mismatch,49,54,42,66,NA,NA,NA,NA,NA,NA,50,50,50,50,50,50,NA,NA,NA,NA,NA,NA,50,50,50,50,50,50,4,strong,2,2.6666666666666665,0,0,0,0,0,0,0,0,1,54,66,49,42,-7,12,-19,12,-7,19,3.6666666666666665,50,50,50,NA,50,50,50,50,50,50,50,50,50,50,50,50,50,50,50,50
NA,NA,0,NA,100,476,1,NA,NA,NA,NA,NA,NA,47.6137,-122.3104,NA,NA,1,1,1,2,NA,2,NA,NA,NA,NA,0,NA,NA,NA,4,4,2,4,1,1,4,83,25,2,1,NA,NA,1,1,NA,NA,NA,NA,4,NA,NA,3,3,NA,NA,NA,NA,NA,NA,65,10,NA,NA,NA,NA,NA,NA,NA,NA,NA,NA,NA,NA,5,4,5,68,25,50,37,69,24,80,13,50,25,90,20,0,NA,NA,NA,treatment,Democrat,NA,NA,NA,NA,NA,NA,NA,NA,484,NA,6459,NA,NA,NA,NA,NA,NA,NA,NA,NA,NA,38,NA,NA,NA,NA,NA,NA,NA,NA,NA,1,Strong D,1,Democrat,0,Non-MAGA,Somewhat liberal,1,4,Treatment D,0,1,Mismatch,25,83,10,65,NA,NA,NA,NA,NA,NA,68,50,69,80,50,90,NA,NA,NA,NA,NA,NA,25,37,24,13,25,20,3.5,strong,2,2,1,0,0,1,1,0,0,0,0,83,65,25,10,-15,-18,3,-18,-15,-3,4.666666666666667,67.83333333333333,24,24,NA,66.75,70,24.75,22.5,68,50,69,80,50,90,25,37,24,13,25,20
NA,NA,0,NA,100,180,1,NA,NA,NA,NA,NA,NA,40.8,-73.9763,NA,NA,1,1,1,2,NA,2,NA,NA,NA,NA,0,NA,NA,NA,5,5,2,5,2,2,1,100,0,2,NA,NA,NA,NA,NA,NA,NA,1,NA,NA,NA,NA,NA,NA,NA,NA,4,NA,NA,NA,100,0,NA,NA,NA,NA,NA,NA,NA,NA,NA,NA,NA,NA,5,5,4,0,0,0,0,0,0,0,0,0,0,0,100,0,NA,NA,NA,control,Democrat,NA,NA,NA,NA,NA,NA,NA,NA,193,NA,5675,NA,NA,NA,NA,NA,NA,NA,NA,NA,NA,70,NA,NA,NA,NA,NA,NA,NA,NA,NA,1,Strong D,1,Democrat,0,Non-MAGA,Somewhat liberal,0,2,Control D,0,0,Control,0,100,0,100,NA,NA,NA,NA,NA,NA,0,0,0,0,0,0,NA,NA,NA,NA,NA,NA,0,0,0,0,0,100,4.25,strong,2,1.6666666666666667,0,0,0,0,0,0,0,1,0,100,100,0,0,0,0,0,0,0,0,4.666666666666667,0,16.666666666666668,16.666666666666668,NA,0,0,0,50,0,0,0,0,0,0,0,0,0,0,0,100
NA,NA,0,NA,100,654,1,NA,NA,NA,NA,NA,NA,36.218,-115.1709,NA,NA,0.899999976158142,1,1,1,NA,2,NA,NA,NA,NA,0,NA,NA,NA,3,4,2,4,1,1,1,90,5,2,NA,NA,NA,NA,NA,NA,NA,NA,1,NA,NA,NA,NA,NA,NA,NA,NA,NA,NA,NA,90,5,NA,NA,NA,NA,NA,NA,NA,NA,NA,NA,NA,NA,3,2,2,50,100,30,100,0,80,0,60,0,50,0,50,0,NA,NA,NA,control,Democrat,NA,NA,NA,NA,NA,NA,NA,NA,667,NA,26,NA,NA,NA,NA,NA,NA,NA,NA,NA,NA,48,NA,NA,NA,NA,NA,NA,NA,NA,NA,2,Weak D,1,Democrat,0,Non-MAGA,Somewhat liberal,0,2,Control D,0,0,Control,5,90,5,90,NA,NA,NA,NA,NA,NA,50,30,0,0,0,0,NA,NA,NA,NA,NA,NA,100,100,80,60,50,50,3.25,strong,2,1,0,0,0,0,0,0,0,0,1,90,90,5,5,0,0,0,0,0,0,2.3333333333333335,13.333333333333334,73.33333333333333,73.33333333333333,NA,20,0,85,50,50,30,0,0,0,0,100,100,80,60,50,50
NA,NA,0,NA,100,3140,1,NA,NA,NA,NA,NA,NA,28.0206,-82.4574,NA,NA,1,1,1,2,NA,1,NA,NA,NA,NA,0,NA,NA,NA,4,3,4,3,2,2,1,74,13,2,1,NA,NA,1,NA,NA,NA,NA,NA,3,NA,NA,5,NA,NA,NA,NA,NA,NA,NA,91,11,NA,NA,NA,NA,NA,NA,NA,NA,NA,NA,NA,NA,5,4,3,73,50,67,34,37,18,50,29,40,76,50,83,0,NA,NA,NA,treatment,Democrat,NA,NA,NA,NA,NA,NA,NA,NA,3175,NA,2841,NA,NA,NA,NA,NA,NA,NA,NA,NA,NA,22,NA,NA,NA,NA,NA,NA,NA,NA,NA,1,Strong D,1,Democrat,0,Non-MAGA,Very liberal,1,4,Treatment D,0,1,Mismatch,13,74,11,91,NA,NA,NA,NA,NA,NA,73,67,37,50,40,50,NA,NA,NA,NA,NA,NA,50,34,18,29,76,83,3.5,strong,2,1.6666666666666667,1,0,0,1,0,0,0,0,0,74,91,13,11,-2,17,-19,17,-2,19,4,52.833333333333336,48.333333333333336,48.333333333333336,NA,56.75,45,32.75,79.5,73,67,37,50,40,50,50,34,18,29,76,83
NA,NA,0,NA,100,515,1,NA,NA,NA,NA,NA,NA,45.5033,-122.7744,NA,NA,1,1,1,2,NA,1,NA,NA,NA,NA,0,NA,NA,NA,3,3,2,4,2,3,1,77,14,2,1,NA,NA,1,1,1,1,NA,NA,4,NA,NA,4,3,4,4,NA,NA,NA,NA,78,12,NA,NA,NA,NA,NA,NA,NA,NA,NA,NA,NA,NA,2,2,1,52,85,64,80,24,62,43,62,27,47,4,37,0,NA,NA,NA,treatment,Democrat,NA,NA,NA,NA,NA,NA,NA,NA,532,NA,2712,NA,NA,NA,NA,NA,NA,NA,NA,NA,NA,35,NA,NA,NA,NA,NA,NA,NA,NA,NA,1,Strong D,1,Democrat,0,Non-MAGA,Very liberal,1,4,Treatment D,0,1,Mismatch,14,77,12,78,NA,NA,NA,NA,NA,NA,52,64,24,43,27,4,NA,NA,NA,NA,NA,NA,85,80,62,62,47,37,3,strong,2,2,1,0,0,1,1,1,1,0,0,77,78,14,12,-2,1,-3,1,-2,3,1.6666666666666667,35.666666666666664,62.166666666666664,62.166666666666664,NA,45.75,15.5,72.25,42,52,64,24,43,27,4,85,80,62,62,47,37
NA,NA,0,NA,100,406,1,NA,NA,NA,NA,NA,NA,47.6109,-122.3303,NA,NA,1,1,2,2,NA,7,5,5,4,5,1,3,3,3,NA,NA,NA,NA,NA,NA,NA,3,97,2,NA,NA,NA,NA,NA,1,NA,1,NA,NA,NA,NA,NA,NA,2,NA,4,4,4,4,3,97,30,30,10,15,0,10,10,15,0,5,0,0,NA,NA,NA,NA,NA,NA,NA,NA,NA,NA,NA,NA,NA,NA,NA,2,NA,NA,NA,control,Republican,NA,NA,NA,NA,NA,NA,NA,NA,421,NA,315,NA,NA,NA,NA,NA,NA,NA,NA,NA,NA,43,NA,NA,NA,NA,NA,NA,NA,NA,NA,7,Strong R,2,Republican,1,MAGA,Very conservative,0,1,Control R,0,0,Control,97,3,97,3,30,10,0,10,0,0,NA,NA,NA,NA,NA,NA,30,15,10,15,5,0,NA,NA,NA,NA,NA,NA,4.75,strong,2,3,0,0,0,0,0,1,0,1,0,97,97,3,3,0,0,0,0,0,0,4,8.333333333333334,12.5,NA,12.5,12.5,0,17.5,2.5,30,10,0,10,0,0,30,15,10,15,5,0
NA,NA,0,NA,100,612,1,NA,NA,NA,NA,NA,NA,27.7152,-82.3513,NA,NA,0.800000011920929,1,1,2,NA,1,NA,NA,NA,NA,0,NA,NA,NA,3,3,2,3,1,4,1,66,5,2,1,NA,NA,NA,NA,1,NA,1,NA,2,NA,NA,NA,NA,2,NA,3,NA,NA,NA,66,5,NA,NA,NA,NA,NA,NA,NA,NA,NA,NA,NA,NA,5,4,1,90,90,50,71,0,29,0,29,0,30,0,30,0,NA,NA,NA,control,Democrat,NA,NA,NA,NA,NA,NA,NA,NA,623,NA,40,NA,NA,NA,NA,NA,NA,NA,NA,NA,NA,28,NA,NA,NA,NA,NA,NA,NA,NA,NA,1,Strong D,1,Democrat,0,Non-MAGA,Very liberal,0,2,Control D,0,0,Control,5,66,5,66,NA,NA,NA,NA,NA,NA,90,50,0,0,0,0,NA,NA,NA,NA,NA,NA,90,71,29,29,30,30,2.75,medium,1,2,1,0,0,0,0,1,0,1,0,66,66,5,5,0,0,0,0,0,0,3.3333333333333335,23.333333333333332,46.5,46.5,NA,35,0,54.75,30,90,50,0,0,0,0,90,71,29,29,30,30
NA,NA,0,NA,100,276,1,NA,NA,NA,NA,NA,NA,38.9064,-77.1278,NA,NA,1,1,1,2,NA,2,NA,NA,NA,NA,0,NA,NA,NA,2,3,4,2,3,2,2,26,9,2,NA,NA,NA,NA,NA,1,NA,NA,NA,NA,NA,NA,NA,NA,3,NA,NA,NA,NA,NA,25,9,NA,NA,NA,NA,NA,NA,NA,NA,NA,NA,NA,NA,5,4,1,70,60,100,50,0,68,0,65,78,87,50,87,0,NA,NA,NA,control,Democrat,NA,NA,NA,NA,NA,NA,NA,NA,283,NA,28,NA,NA,NA,NA,NA,NA,NA,NA,NA,NA,52,NA,NA,NA,NA,NA,NA,NA,NA,NA,1,Strong D,1,Democrat,0,Non-MAGA,Somewhat liberal,0,2,Control D,0,0,Control,9,26,9,25,NA,NA,NA,NA,NA,NA,70,100,0,0,78,50,NA,NA,NA,NA,NA,NA,60,50,68,65,87,87,2.75,medium,1,2.3333333333333335,0,0,0,0,0,1,0,0,0,26,25,9,9,0,-1,1,-1,0,-1,3.3333333333333335,49.666666666666664,69.5,69.5,NA,42.5,64,60.75,87,70,100,0,0,78,50,60,50,68,65,87,87
NA,NA,0,NA,100,348,1,NA,NA,NA,NA,NA,NA,29.934,-95.613,NA,NA,1,1,2,1,NA,5,2,1,2,2,0,4,4,1,NA,NA,NA,NA,NA,NA,NA,45,55,2,NA,NA,NA,NA,NA,NA,NA,NA,1,NA,NA,NA,NA,NA,NA,NA,NA,3,1,1,45,55,0,50,0,50,0,50,0,50,0,25,0,25,NA,NA,NA,NA,NA,NA,NA,NA,NA,NA,NA,NA,NA,NA,NA,1,NA,NA,NA,treatment,Republican,NA,NA,NA,NA,NA,NA,NA,NA,357,NA,221,NA,NA,NA,NA,NA,NA,NA,NA,NA,NA,26,NA,NA,NA,NA,NA,NA,NA,NA,NA,6,Weak R,2,Republican,1,Non-MAGA,Slightly conservative,1,3,Treatment R,1,2,Match,55,45,55,45,0,0,0,0,0,0,NA,NA,NA,NA,NA,NA,50,50,50,50,25,25,NA,NA,NA,NA,NA,NA,1.75,medium,1,3,0,0,0,0,0,0,0,0,1,55,55,45,45,0,0,0,0,0,0,1.6666666666666667,0,41.666666666666664,NA,41.666666666666664,0,0,50,25,0,0,0,0,0,0,50,50,50,50,25,25
NA,NA,0,NA,100,621,1,NA,NA,NA,NA,NA,NA,40.8271,-73.9359,NA,NA,0.899999976158142,1,1,2,NA,1,NA,NA,NA,NA,0,NA,NA,NA,5,5,4,5,2,3,2,80,10,2,1,NA,NA,1,NA,1,1,NA,NA,4,NA,NA,4,NA,4,4,NA,NA,NA,NA,82,0,NA,NA,NA,NA,NA,NA,NA,NA,NA,NA,NA,NA,5,4,3,99,72,91,73,0,0,1,4,0,0,0,5,0,NA,NA,NA,treatment,Democrat,NA,NA,NA,NA,NA,NA,NA,NA,628,NA,3556,NA,NA,NA,NA,NA,NA,NA,NA,NA,NA,53,NA,NA,NA,NA,NA,NA,NA,NA,NA,1,Strong D,1,Democrat,0,Non-MAGA,Very liberal,1,4,Treatment D,0,1,Mismatch,10,80,0,82,NA,NA,NA,NA,NA,NA,99,91,0,1,0,0,NA,NA,NA,NA,NA,NA,72,73,0,4,0,5,4.75,strong,2,2.3333333333333335,1,0,0,1,0,1,1,0,0,80,82,10,0,-10,2,-12,2,-10,12,4,31.833333333333332,25.666666666666668,25.666666666666668,NA,47.75,0,37.25,2.5,99,91,0,1,0,0,72,73,0,4,0,5
NA,NA,0,NA,100,206,1,NA,NA,NA,NA,NA,NA,41.5,-81.6938,NA,NA,1,1,1,1,NA,2,NA,NA,NA,NA,0,NA,NA,NA,3,4,4,4,3,3,3,83,40,2,NA,NA,NA,NA,NA,NA,NA,NA,1,NA,NA,NA,NA,NA,NA,NA,NA,NA,NA,NA,84,40,NA,NA,NA,NA,NA,NA,NA,NA,NA,NA,NA,NA,2,2,2,24,21,8,8,2,0,7,7,0,22,0,25,0,NA,NA,NA,control,Democrat,NA,NA,NA,NA,NA,NA,NA,NA,216,NA,7163,NA,NA,NA,NA,NA,NA,NA,NA,NA,NA,62,NA,NA,NA,NA,NA,NA,NA,NA,NA,2,Weak D,1,Democrat,0,Non-MAGA,Somewhat liberal,0,2,Control D,0,0,Control,40,83,40,84,NA,NA,NA,NA,NA,NA,24,8,2,7,0,0,NA,NA,NA,NA,NA,NA,21,8,0,7,22,25,3.75,strong,2,3,0,0,0,0,0,0,0,0,1,83,84,40,40,0,1,-1,1,0,1,2,6.833333333333333,13.833333333333334,13.833333333333334,NA,10.25,0,9,23.5,24,8,2,7,0,0,21,8,0,7,22,25
NA,NA,0,NA,100,433,1,NA,NA,NA,NA,NA,NA,35.4165,-78.7384,NA,NA,1,1,1,2,NA,2,NA,NA,NA,NA,0,NA,NA,NA,4,4,4,4,2,3,2,70,30,2,NA,NA,NA,1,NA,NA,1,NA,NA,NA,NA,NA,5,NA,NA,3,NA,NA,NA,NA,70,30,NA,NA,NA,NA,NA,NA,NA,NA,NA,NA,NA,NA,5,4,2,30,100,61,100,20,71,0,81,60,92,30,92,0,NA,NA,NA,treatment,Democrat,NA,NA,NA,NA,NA,NA,NA,NA,NA,NA,150,NA,NA,NA,NA,NA,NA,NA,NA,NA,NA,NA,NA,NA,NA,NA,NA,NA,NA,NA,NA,1,Strong D,1,Democrat,0,Non-MAGA,Somewhat liberal,1,4,Treatment D,0,1,Mismatch,30,70,30,70,NA,NA,NA,NA,NA,NA,30,61,20,0,60,30,NA,NA,NA,NA,NA,NA,100,100,71,81,92,92,4,strong,2,2.3333333333333335,0,0,0,1,0,0,1,0,0,70,70,30,30,0,0,0,0,0,0,3.6666666666666665,33.5,89.33333333333333,89.33333333333333,NA,27.75,45,88,92,30,61,20,0,60,30,100,100,71,81,92,92
NA,NA,0,NA,100,284,1,NA,NA,NA,NA,NA,NA,33.8775,-84.5017,NA,NA,1,1,1,1,NA,1,NA,NA,NA,NA,0,NA,NA,NA,3,3,2,3,1,1,4,60,0,2,1,1,NA,1,NA,NA,1,NA,NA,5,3,NA,5,NA,NA,4,NA,NA,NA,NA,60,0,NA,NA,NA,NA,NA,NA,NA,NA,NA,NA,NA,NA,5,5,5,100,100,100,100,50,75,0,55,60,84,100,85,0,NA,NA,NA,treatment,Democrat,NA,NA,NA,NA,NA,NA,NA,NA,292,NA,18265,NA,NA,NA,NA,NA,NA,NA,NA,NA,NA,31,NA,NA,NA,NA,NA,NA,NA,NA,NA,2,Weak D,1,Democrat,0,Non-MAGA,Very liberal,1,4,Treatment D,0,1,Mismatch,0,60,0,60,NA,NA,NA,NA,NA,NA,100,100,50,0,60,100,NA,NA,NA,NA,NA,NA,100,100,75,55,84,85,2.75,medium,1,2,1,1,0,1,0,0,1,0,0,60,60,0,0,0,0,0,0,0,0,5,68.33333333333333,83.16666666666667,83.16666666666667,NA,62.5,80,82.5,84.5,100,100,50,0,60,100,100,100,75,55,84,85
NA,NA,0,NA,100,295,1,NA,NA,NA,NA,NA,NA,39.3667,-75.0308,NA,NA,0.899999976158142,1,1,2,NA,2,NA,NA,NA,NA,0,NA,NA,NA,4,4,1,4,2,2,1,82,0,2,1,NA,NA,1,1,NA,NA,NA,NA,5,NA,NA,5,5,NA,NA,NA,NA,NA,NA,100,1,NA,NA,NA,NA,NA,NA,NA,NA,NA,NA,NA,NA,5,5,5,18,96,0,100,0,100,0,85,0,100,100,0,0,NA,NA,NA,treatment,Democrat,NA,NA,NA,NA,NA,NA,NA,NA,306,NA,748,NA,NA,NA,NA,NA,NA,NA,NA,NA,NA,30,NA,NA,NA,NA,NA,NA,NA,NA,NA,1,Strong D,1,Democrat,0,Non-MAGA,Somewhat liberal,1,4,Treatment D,0,1,Mismatch,0,82,1,100,NA,NA,NA,NA,NA,NA,18,0,0,0,0,100,NA,NA,NA,NA,NA,NA,96,100,100,85,100,0,3.25,strong,2,1.6666666666666667,1,0,0,1,1,0,0,0,0,82,100,0,1,1,18,-17,18,1,17,5,19.666666666666668,80.16666666666667,80.16666666666667,NA,4.5,50,95.25,50,18,0,0,0,0,100,96,100,100,85,100,0
NA,NA,0,NA,100,278,1,NA,NA,NA,NA,NA,NA,38.9816,-77.0044,NA,NA,1,1,1,2,NA,2,NA,NA,NA,NA,0,NA,NA,NA,4,4,3,4,1,1,1,95,0,2,NA,NA,NA,1,NA,1,NA,NA,NA,NA,NA,NA,3,NA,3,NA,NA,NA,NA,NA,95,0,NA,NA,NA,NA,NA,NA,NA,NA,NA,NA,NA,NA,5,5,3,0,60,0,75,0,75,0,35,0,30,0,85,0,NA,NA,NA,control,Democrat,NA,NA,NA,NA,NA,NA,NA,NA,293,NA,4858,NA,NA,NA,NA,NA,NA,NA,NA,NA,NA,69,NA,NA,NA,NA,NA,NA,NA,NA,NA,1,Strong D,1,Democrat,0,Non-MAGA,Somewhat liberal,0,2,Control D,0,0,Control,0,95,0,95,NA,NA,NA,NA,NA,NA,0,0,0,0,0,0,NA,NA,NA,NA,NA,NA,60,75,75,35,30,85,3.75,strong,2,1,0,0,0,1,0,1,0,0,0,95,95,0,0,0,0,0,0,0,0,4.333333333333333,0,60,60,NA,0,0,61.25,57.5,0,0,0,0,0,0,60,75,75,35,30,85
NA,NA,0,NA,100,234,1,NA,NA,NA,NA,NA,NA,33.7256,-117.9119,NA,NA,0.899999976158142,1,1,1,NA,1,NA,NA,NA,NA,0,NA,NA,NA,3,3,3,3,1,1,1,71,0,2,NA,NA,NA,NA,NA,NA,NA,1,NA,NA,NA,NA,NA,NA,NA,NA,3,NA,NA,NA,77,0,NA,NA,NA,NA,NA,NA,NA,NA,NA,NA,NA,NA,5,5,4,0,0,0,0,0,0,0,0,0,70,0,66,0,NA,NA,NA,control,Democrat,NA,NA,NA,NA,NA,NA,NA,NA,250,NA,5094,NA,NA,NA,NA,NA,NA,NA,NA,NA,NA,37,NA,NA,NA,NA,NA,NA,NA,NA,NA,2,Weak D,1,Democrat,0,Non-MAGA,Very liberal,0,2,Control D,0,0,Control,0,71,0,77,NA,NA,NA,NA,NA,NA,0,0,0,0,0,0,NA,NA,NA,NA,NA,NA,0,0,0,0,70,66,3,strong,2,1,0,0,0,0,0,0,0,1,0,71,77,0,0,0,6,-6,6,0,6,4.666666666666667,0,22.666666666666668,22.666666666666668,NA,0,0,0,68,0,0,0,0,0,0,0,0,0,0,70,66
NA,NA,0,NA,100,291,1,NA,NA,NA,NA,NA,NA,28.5978,-81.3024,NA,NA,1,1,1,2,NA,2,NA,NA,NA,NA,0,NA,NA,NA,4,4,4,5,2,2,3,96,10,2,NA,NA,NA,NA,NA,NA,NA,NA,1,NA,NA,NA,NA,NA,NA,NA,NA,NA,NA,NA,94,7,NA,NA,NA,NA,NA,NA,NA,NA,NA,NA,NA,NA,4,4,3,72,50,0,0,0,0,0,0,0,0,0,0,0,NA,NA,NA,control,Democrat,NA,NA,NA,NA,NA,NA,NA,NA,300,NA,1463,NA,NA,NA,NA,NA,NA,NA,NA,NA,NA,64,NA,NA,NA,NA,NA,NA,NA,NA,NA,1,Strong D,1,Democrat,0,Non-MAGA,Somewhat liberal,0,2,Control D,0,0,Control,10,96,7,94,NA,NA,NA,NA,NA,NA,72,0,0,0,0,0,NA,NA,NA,NA,NA,NA,50,0,0,0,0,0,4.25,strong,2,2.3333333333333335,0,0,0,0,0,0,0,0,1,96,94,10,7,-3,-2,-1,-2,-3,1,3.6666666666666665,12,8.333333333333334,8.333333333333334,NA,18,0,12.5,0,72,0,0,0,0,0,50,0,0,0,0,0
NA,NA,0,NA,100,1188,1,NA,NA,NA,NA,NA,NA,37.4612,-77.395,NA,NA,1,1,1,2,NA,2,NA,NA,NA,NA,0,NA,NA,NA,3,3,4,5,2,1,2,91,4,2,NA,NA,NA,1,NA,1,1,NA,NA,NA,NA,NA,5,NA,4,5,NA,NA,NA,NA,93,3,NA,NA,NA,NA,NA,NA,NA,NA,NA,NA,NA,NA,5,4,5,90,10,65,76,0,79,0,100,0,93,0,92,0,NA,NA,NA,treatment,Democrat,NA,NA,NA,NA,NA,NA,NA,NA,1198,NA,2064,NA,NA,NA,NA,NA,NA,NA,NA,NA,NA,31,NA,NA,NA,NA,NA,NA,NA,NA,NA,1,Strong D,1,Democrat,0,Non-MAGA,Somewhat liberal,1,4,Treatment D,0,1,Mismatch,4,91,3,93,NA,NA,NA,NA,NA,NA,90,65,0,0,0,0,NA,NA,NA,NA,NA,NA,10,76,79,100,93,92,3.75,strong,2,1.6666666666666667,0,0,0,1,0,1,1,0,0,91,93,4,3,-1,2,-3,2,-1,3,4.666666666666667,25.833333333333332,75,75,NA,38.75,0,66.25,92.5,90,65,0,0,0,0,10,76,79,100,93,92
NA,NA,0,NA,100,834,1,NA,NA,NA,NA,NA,NA,37.7201,-122.4414,NA,NA,0.400000005960464,1,1,1,NA,3,NA,NA,NA,NA,0,NA,NA,NA,3,3,3,3,3,3,2,60,50,2,1,NA,NA,NA,1,1,NA,NA,NA,3,NA,NA,NA,3,3,NA,NA,NA,NA,NA,60,50,NA,NA,NA,NA,NA,NA,NA,NA,NA,NA,NA,NA,4,4,4,50,50,50,50,50,50,50,50,50,50,50,50,0,NA,NA,NA,treatment,Democrat,NA,NA,NA,NA,NA,NA,NA,NA,843,NA,7973,NA,NA,NA,NA,NA,NA,NA,NA,NA,NA,32,NA,NA,NA,NA,NA,NA,NA,NA,NA,2,Weak D,1,Democrat,0,Non-MAGA,Slightly liberal,1,4,Treatment D,0,1,Mismatch,50,60,50,60,NA,NA,NA,NA,NA,NA,50,50,50,50,50,50,NA,NA,NA,NA,NA,NA,50,50,50,50,50,50,3,strong,2,2.6666666666666665,1,0,0,0,1,1,0,0,0,60,60,50,50,0,0,0,0,0,0,4,50,50,50,NA,50,50,50,50,50,50,50,50,50,50,50,50,50,50,50,50
NA,NA,0,NA,100,423,1,NA,NA,NA,NA,NA,NA,41.1523,-96.0371,NA,NA,1,1,2,1,NA,6,3,4,4,3,0,4,4,3,NA,NA,NA,NA,NA,NA,NA,16,81,2,NA,NA,NA,NA,NA,1,NA,NA,NA,NA,NA,NA,NA,NA,3,NA,NA,4,2,1,15,84,45,76,0,42,0,5,0,9,0,10,0,15,NA,NA,NA,NA,NA,NA,NA,NA,NA,NA,NA,NA,NA,NA,NA,1,NA,NA,NA,control,Republican,NA,NA,NA,NA,NA,NA,NA,NA,431,NA,149,NA,NA,NA,NA,NA,NA,NA,NA,NA,NA,46,NA,NA,NA,NA,NA,NA,NA,NA,NA,6,Weak R,2,Republican,1,Non-MAGA,Somewhat conservative,0,1,Control R,0,0,Control,81,16,84,15,45,0,0,0,0,0,NA,NA,NA,NA,NA,NA,76,42,5,9,10,15,NA,NA,NA,NA,NA,NA,3.5,strong,2,3.6666666666666665,0,0,0,0,0,1,0,0,0,81,84,16,15,3,-1,4,3,-1,4,2.3333333333333335,7.5,26.166666666666668,NA,26.166666666666668,11.25,0,33,12.5,45,0,0,0,0,0,76,42,5,9,10,15
NA,NA,0,NA,100,307,1,NA,NA,NA,NA,NA,NA,29.4843,-81.2042,NA,NA,1,1,1,2,NA,3,NA,NA,NA,NA,0,NA,NA,NA,1,3,2,2,2,3,3,58,36,2,NA,NA,NA,1,NA,NA,NA,NA,NA,NA,NA,NA,4,NA,NA,NA,NA,NA,NA,NA,64,39,NA,NA,NA,NA,NA,NA,NA,NA,NA,NA,NA,NA,4,4,2,50,50,24,21,30,30,21,21,2,2,1,1,0,NA,NA,NA,treatment,Democrat,NA,NA,NA,NA,NA,NA,NA,NA,318,NA,3571,NA,NA,NA,NA,NA,NA,NA,NA,NA,NA,66,NA,NA,NA,NA,NA,NA,NA,NA,NA,1,Strong D,1,Democrat,0,Non-MAGA,Slightly liberal,1,4,Treatment D,0,1,Mismatch,36,58,39,64,NA,NA,NA,NA,NA,NA,50,24,30,21,2,1,NA,NA,NA,NA,NA,NA,50,21,30,21,2,1,2,medium,1,2.6666666666666665,0,0,0,1,0,0,0,0,0,58,64,36,39,3,6,-3,6,3,3,3.3333333333333335,21.333333333333332,20.833333333333332,20.833333333333332,NA,31.25,1.5,30.5,1.5,50,24,30,21,2,1,50,21,30,21,2,1
NA,NA,0,NA,100,315,1,NA,NA,NA,NA,NA,NA,33.4683,-112.0549,NA,NA,1,1,1,2,NA,1,NA,NA,NA,NA,0,NA,NA,NA,5,5,1,5,3,3,2,90,10,2,NA,NA,NA,NA,NA,NA,NA,NA,1,NA,NA,NA,NA,NA,NA,NA,NA,NA,NA,NA,90,10,NA,NA,NA,NA,NA,NA,NA,NA,NA,NA,NA,NA,5,4,2,100,100,0,30,0,10,0,10,0,50,0,40,0,NA,NA,NA,control,Democrat,NA,NA,NA,NA,NA,NA,NA,NA,328,NA,310,NA,NA,NA,NA,NA,NA,NA,NA,NA,NA,31,NA,NA,NA,NA,NA,NA,NA,NA,NA,1,Strong D,1,Democrat,0,Non-MAGA,Very liberal,0,2,Control D,0,0,Control,10,90,10,90,NA,NA,NA,NA,NA,NA,100,0,0,0,0,0,NA,NA,NA,NA,NA,NA,100,30,10,10,50,40,4,strong,2,2.6666666666666665,0,0,0,0,0,0,0,0,1,90,90,10,10,0,0,0,0,0,0,3.6666666666666665,16.666666666666668,40,40,NA,25,0,37.5,45,100,0,0,0,0,0,100,30,10,10,50,40
NA,NA,0,NA,100,560,1,NA,NA,NA,NA,NA,NA,45.5282,-122.6355,NA,NA,1,1,1,2,NA,2,NA,NA,NA,NA,0,NA,NA,NA,4,4,4,4,2,1,3,89,14,2,1,1,NA,1,1,1,1,NA,NA,4,4,NA,5,5,4,5,NA,NA,NA,NA,90,9,NA,NA,NA,NA,NA,NA,NA,NA,NA,NA,NA,NA,4,4,2,84,0,21,100,60,82,10,91,10,90,10,87,0,NA,NA,NA,treatment,Democrat,NA,NA,NA,NA,NA,NA,NA,NA,572,NA,107,NA,NA,NA,NA,NA,NA,NA,NA,NA,NA,29,NA,NA,NA,NA,NA,NA,NA,NA,NA,1,Strong D,1,Democrat,0,Non-MAGA,Somewhat liberal,1,4,Treatment D,0,1,Mismatch,14,89,9,90,NA,NA,NA,NA,NA,NA,84,21,60,10,10,10,NA,NA,NA,NA,NA,NA,0,100,82,91,90,87,4,strong,2,2,1,1,0,1,1,1,1,0,0,89,90,14,9,-5,1,-6,1,-5,6,3.3333333333333335,32.5,75,75,NA,43.75,10,68.25,88.5,84,21,60,10,10,10,0,100,82,91,90,87
NA,NA,0,NA,100,256,1,NA,NA,NA,NA,NA,NA,39.0809,-108.4925,NA,NA,1,1,3,NA,3,5,2,2,3,3,1,2,3,3,NA,NA,NA,NA,NA,NA,NA,10,65,2,NA,NA,NA,NA,NA,NA,NA,NA,1,NA,NA,NA,NA,NA,NA,NA,NA,4,3,3,10,65,70,95,20,50,0,40,0,5,0,30,0,15,NA,NA,NA,NA,NA,NA,NA,NA,NA,NA,NA,NA,NA,NA,NA,2,NA,NA,NA,control,Republican,NA,NA,NA,NA,NA,NA,NA,NA,264,NA,6566,NA,NA,NA,NA,NA,NA,NA,NA,NA,NA,41,NA,NA,NA,NA,NA,NA,NA,NA,NA,5,Lean R,0,Independent,1,MAGA,Slightly conservative,0,1,Control R,0,0,Control,65,10,65,10,70,20,0,0,0,0,NA,NA,NA,NA,NA,NA,95,50,40,5,30,15,NA,NA,NA,NA,NA,NA,2.5,medium,1,2.6666666666666665,0,0,0,0,0,0,0,0,1,65,65,10,10,0,0,0,0,0,0,3.3333333333333335,15,39.166666666666664,NA,39.166666666666664,22.5,0,47.5,22.5,70,20,0,0,0,0,95,50,40,5,30,15
NA,NA,0,NA,100,708,1,NA,NA,NA,NA,NA,NA,35.2842,-80.8719,NA,NA,1,1,1,1,NA,4,NA,NA,NA,NA,0,NA,NA,NA,2,2,2,1,2,2,4,51,51,2,NA,NA,NA,NA,NA,NA,NA,1,NA,NA,NA,NA,NA,NA,NA,NA,5,NA,NA,NA,50,50,NA,NA,NA,NA,NA,NA,NA,NA,NA,NA,NA,NA,3,3,4,50,50,50,49,54,49,49,48,50,49,47,49,0,NA,NA,NA,control,Democrat,NA,NA,NA,NA,NA,NA,NA,NA,725,NA,3933,NA,NA,NA,NA,NA,NA,NA,NA,NA,NA,46,NA,NA,NA,NA,NA,NA,NA,NA,NA,2,Weak D,1,Democrat,0,Non-MAGA,Moderate,0,2,Control D,0,0,Control,51,51,50,50,NA,NA,NA,NA,NA,NA,50,50,54,49,50,47,NA,NA,NA,NA,NA,NA,50,49,49,48,49,49,1.75,medium,1,2.6666666666666665,0,0,0,0,0,0,0,1,0,51,50,51,50,-1,-1,0,-1,-1,0,3.3333333333333335,50,49,49,NA,50.75,48.5,49,49,50,50,54,49,50,47,50,49,49,48,49,49
NA,NA,0,NA,100,142,1,NA,NA,NA,NA,NA,NA,33.5104,-117.6591,NA,NA,1,1,1,2,NA,1,NA,NA,NA,NA,0,NA,NA,NA,4,3,4,4,2,2,2,71,0,2,NA,NA,NA,NA,NA,1,NA,NA,NA,NA,NA,NA,NA,NA,3,NA,NA,NA,NA,NA,84,0,NA,NA,NA,NA,NA,NA,NA,NA,NA,NA,NA,NA,5,4,2,46,20,73,57,31,31,50,33,54,32,64,35,0,NA,NA,NA,control,Democrat,NA,NA,NA,NA,NA,NA,NA,NA,149,NA,176,NA,NA,NA,NA,NA,NA,NA,NA,NA,NA,31,NA,NA,NA,NA,NA,NA,NA,NA,NA,1,Strong D,1,Democrat,0,Non-MAGA,Very liberal,0,2,Control D,0,0,Control,0,71,0,84,NA,NA,NA,NA,NA,NA,46,73,31,50,54,64,NA,NA,NA,NA,NA,NA,20,57,31,33,32,35,3.75,strong,2,2,0,0,0,0,0,1,0,0,0,71,84,0,0,0,13,-13,13,0,13,3.6666666666666665,53,34.666666666666664,34.666666666666664,NA,50,59,35.25,33.5,46,73,31,50,54,64,20,57,31,33,32,35
NA,NA,0,NA,100,252,1,NA,NA,NA,NA,NA,NA,41.0274,-76.0036,NA,NA,1,1,1,1,NA,2,NA,NA,NA,NA,0,NA,NA,NA,5,4,4,4,1,1,1,90,0,2,NA,NA,NA,NA,NA,NA,NA,NA,1,NA,NA,NA,NA,NA,NA,NA,NA,NA,NA,NA,90,0,NA,NA,NA,NA,NA,NA,NA,NA,NA,NA,NA,NA,5,5,5,100,100,0,100,0,100,0,100,0,100,50,100,0,NA,NA,NA,control,Democrat,NA,NA,NA,NA,NA,NA,NA,NA,262,NA,8314,NA,NA,NA,NA,NA,NA,NA,NA,NA,NA,31,NA,NA,NA,NA,NA,NA,NA,NA,NA,2,Weak D,1,Democrat,0,Non-MAGA,Somewhat liberal,0,2,Control D,0,0,Control,0,90,0,90,NA,NA,NA,NA,NA,NA,100,0,0,0,0,50,NA,NA,NA,NA,NA,NA,100,100,100,100,100,100,4.25,strong,2,1,0,0,0,0,0,0,0,0,1,90,90,0,0,0,0,0,0,0,0,5,25,100,100,NA,25,25,100,100,100,0,0,0,0,50,100,100,100,100,100,100
NA,NA,0,NA,100,634,1,NA,NA,NA,NA,NA,NA,36.013,-84.2624,NA,NA,1,1,1,1,NA,2,NA,NA,NA,NA,0,NA,NA,NA,2,3,1,3,3,3,3,65,45,2,NA,NA,NA,NA,NA,NA,NA,NA,1,NA,NA,NA,NA,NA,NA,NA,NA,NA,NA,NA,50,65,NA,NA,NA,NA,NA,NA,NA,NA,NA,NA,NA,NA,4,3,2,50,90,50,80,50,70,50,60,50,60,50,70,0,NA,NA,NA,treatment,Democrat,NA,NA,NA,NA,NA,NA,NA,NA,651,NA,6146,NA,NA,NA,NA,NA,NA,NA,NA,NA,NA,31,NA,NA,NA,NA,NA,NA,NA,NA,NA,2,Weak D,1,Democrat,0,Non-MAGA,Somewhat liberal,1,4,Treatment D,0,1,Mismatch,45,65,65,50,NA,NA,NA,NA,NA,NA,50,50,50,50,50,50,NA,NA,NA,NA,NA,NA,90,80,70,60,60,70,2.25,medium,1,3,0,0,0,0,0,0,0,0,1,65,50,45,65,20,-15,35,-15,20,-35,3,50,71.66666666666667,71.66666666666667,NA,50,50,75,65,50,50,50,50,50,50,90,80,70,60,60,70
NA,NA,0,NA,100,349,1,NA,NA,NA,NA,NA,NA,30.4941,-90.4751,NA,NA,1,1,1,2,NA,2,NA,NA,NA,NA,0,NA,NA,NA,3,3,3,4,2,2,2,73,27,2,1,NA,NA,1,NA,1,NA,NA,NA,4,NA,NA,4,NA,3,NA,NA,NA,NA,NA,74,24,NA,NA,NA,NA,NA,NA,NA,NA,NA,NA,NA,NA,4,2,2,38,62,40,67,22,43,9,20,21,40,17,43,0,NA,NA,NA,treatment,Democrat,NA,NA,NA,NA,NA,NA,NA,NA,358,NA,1218,NA,NA,NA,NA,NA,NA,NA,NA,NA,NA,22,NA,NA,NA,NA,NA,NA,NA,NA,NA,1,Strong D,1,Democrat,0,Non-MAGA,Somewhat liberal,1,4,Treatment D,0,1,Mismatch,27,73,24,74,NA,NA,NA,NA,NA,NA,38,40,22,9,21,17,NA,NA,NA,NA,NA,NA,62,67,43,20,40,43,3.25,strong,2,2,1,0,0,1,0,1,0,0,0,73,74,27,24,-3,1,-4,1,-3,4,2.6666666666666665,24.5,45.833333333333336,45.833333333333336,NA,27.25,19,48,41.5,38,40,22,9,21,17,62,67,43,20,40,43
NA,NA,0,NA,100,400,1,NA,NA,NA,NA,NA,NA,37.3587,-88.4924,NA,NA,1,1,3,NA,1,3,NA,NA,NA,NA,0,NA,NA,NA,2,2,2,2,3,3,3,65,20,2,NA,NA,NA,NA,NA,NA,NA,1,NA,NA,NA,NA,NA,NA,NA,NA,2,NA,NA,NA,63,20,NA,NA,NA,NA,NA,NA,NA,NA,NA,NA,NA,NA,4,2,1,15,15,0,0,0,40,0,80,0,75,0,70,0,NA,NA,NA,control,Democrat,NA,NA,NA,NA,NA,NA,NA,NA,408,NA,213,NA,NA,NA,NA,NA,NA,NA,NA,NA,NA,45,NA,NA,NA,NA,NA,NA,NA,NA,NA,3,Lean D,0,Independent,0,Non-MAGA,Slightly liberal,0,2,Control D,0,0,Control,20,65,20,63,NA,NA,NA,NA,NA,NA,15,0,0,0,0,0,NA,NA,NA,NA,NA,NA,15,0,40,80,75,70,2,medium,1,3,0,0,0,0,0,0,0,1,0,65,63,20,20,0,-2,2,-2,0,-2,7,2.5,46.666666666666664,46.666666666666664,NA,3.75,0,33.75,72.5,15,0,0,0,0,0,15,0,40,80,75,70
NA,NA,0,NA,100,515,1,NA,NA,NA,NA,NA,NA,40.0746,-88.1691,NA,NA,1,1,1,2,NA,2,NA,NA,NA,NA,0,NA,NA,NA,5,5,5,5,4,4,3,100,30,2,1,1,NA,1,1,1,1,NA,NA,5,5,NA,5,4,4,5,NA,NA,NA,NA,100,30,NA,NA,NA,NA,NA,NA,NA,NA,NA,NA,NA,NA,5,4,4,50,50,80,40,0,0,20,20,0,0,0,0,0,NA,NA,NA,treatment,Democrat,NA,NA,NA,NA,NA,NA,NA,NA,524,NA,550,NA,NA,NA,NA,NA,NA,NA,NA,NA,NA,69,NA,NA,NA,NA,NA,NA,NA,NA,NA,1,Strong D,1,Democrat,0,Non-MAGA,Somewhat liberal,1,4,Treatment D,0,1,Mismatch,30,100,30,100,NA,NA,NA,NA,NA,NA,50,80,0,20,0,0,NA,NA,NA,NA,NA,NA,50,40,0,20,0,0,5,strong,2,3.6666666666666665,1,1,0,1,1,1,1,0,0,100,100,30,30,0,0,0,0,0,0,4.333333333333333,25,18.333333333333332,18.333333333333332,NA,37.5,0,27.5,0,50,80,0,20,0,0,50,40,0,20,0,0
NA,NA,0,NA,100,483,1,NA,NA,NA,NA,NA,NA,33.1165,-117.1846,NA,NA,1,1,1,1,NA,3,NA,NA,NA,NA,0,NA,NA,NA,3,3,2,3,2,3,3,75,20,2,1,NA,NA,1,NA,1,NA,NA,NA,4,NA,NA,5,NA,4,NA,NA,NA,NA,NA,80,20,NA,NA,NA,NA,NA,NA,NA,NA,NA,NA,NA,NA,3,3,1,80,100,10,90,0,50,0,60,0,60,0,85,0,NA,NA,NA,treatment,Democrat,NA,NA,NA,NA,NA,NA,NA,NA,494,NA,2934,NA,NA,NA,NA,NA,NA,NA,NA,NA,NA,50,NA,NA,NA,NA,NA,NA,NA,NA,NA,2,Weak D,1,Democrat,0,Non-MAGA,Slightly liberal,1,4,Treatment D,0,1,Mismatch,20,75,20,80,NA,NA,NA,NA,NA,NA,80,10,0,0,0,0,NA,NA,NA,NA,NA,NA,100,90,50,60,60,85,2.75,medium,1,2.6666666666666665,1,0,0,1,0,1,0,0,0,75,80,20,20,0,5,-5,5,0,5,2.3333333333333335,15,74.16666666666667,74.16666666666667,NA,22.5,0,75,72.5,80,10,0,0,0,0,100,90,50,60,60,85
NA,NA,0,NA,100,1261,1,NA,NA,NA,NA,NA,NA,40.4295,-80.0152,NA,NA,1,1,2,1,NA,7,3,4,4,4,1,3,2,4,NA,NA,NA,NA,NA,NA,NA,10,80,2,NA,NA,NA,NA,NA,NA,NA,1,NA,NA,NA,NA,NA,NA,NA,NA,3,5,4,4,9,88,14,28,0,7,0,0,0,10,6,18,0,17,NA,NA,NA,NA,NA,NA,NA,NA,NA,NA,NA,NA,NA,NA,NA,2,NA,NA,NA,treatment,Republican,NA,NA,NA,NA,NA,NA,NA,NA,1274,NA,12649,NA,NA,NA,NA,NA,NA,NA,NA,NA,NA,45,NA,NA,NA,NA,NA,NA,NA,NA,NA,6,Weak R,2,Republican,1,MAGA,Very conservative,1,3,Treatment R,1,2,Match,80,10,88,9,14,0,0,0,6,0,NA,NA,NA,NA,NA,NA,28,7,0,10,18,17,NA,NA,NA,NA,NA,NA,3.75,strong,2,3,0,0,0,0,0,0,0,1,0,80,88,10,9,8,-1,9,8,-1,9,4.333333333333333,3.3333333333333335,13.333333333333334,NA,13.333333333333334,3.5,3,11.25,17.5,14,0,0,0,6,0,28,7,0,10,18,17
NA,NA,0,NA,100,314,1,NA,NA,NA,NA,NA,NA,26.3441,-80.084,NA,NA,1,1,1,1,NA,3,NA,NA,NA,NA,0,NA,NA,NA,1,3,1,3,4,4,3,60,40,2,NA,NA,NA,NA,NA,NA,NA,NA,1,NA,NA,NA,NA,NA,NA,NA,NA,NA,NA,NA,60,40,NA,NA,NA,NA,NA,NA,NA,NA,NA,NA,NA,NA,4,5,1,50,50,60,100,20,40,0,60,30,50,0,50,0,NA,NA,NA,treatment,Democrat,NA,NA,NA,NA,NA,NA,NA,NA,321,NA,4941,NA,NA,NA,NA,NA,NA,NA,NA,NA,NA,27,NA,NA,NA,NA,NA,NA,NA,NA,NA,2,Weak D,1,Democrat,0,Non-MAGA,Slightly liberal,1,4,Treatment D,0,1,Mismatch,40,60,40,60,NA,NA,NA,NA,NA,NA,50,60,20,0,30,0,NA,NA,NA,NA,NA,NA,50,100,40,60,50,50,2,medium,1,3.6666666666666665,0,0,0,0,0,0,0,0,1,60,60,40,40,0,0,0,0,0,0,3.3333333333333335,26.666666666666668,58.333333333333336,58.333333333333336,NA,32.5,15,62.5,50,50,60,20,0,30,0,50,100,40,60,50,50
NA,NA,0,NA,100,350,1,NA,NA,NA,NA,NA,NA,44.8872,-87.8645,NA,NA,1,1,1,2,NA,2,NA,NA,NA,NA,0,NA,NA,NA,3,4,4,4,2,2,2,66,17,2,NA,NA,NA,NA,NA,NA,NA,NA,1,NA,NA,NA,NA,NA,NA,NA,NA,NA,NA,NA,66,17,NA,NA,NA,NA,NA,NA,NA,NA,NA,NA,NA,NA,4,4,3,33,33,40,59,0,65,0,54,30,59,9,56,0,NA,NA,NA,control,Democrat,NA,NA,NA,NA,NA,NA,NA,NA,360,NA,162,NA,NA,NA,NA,NA,NA,NA,NA,NA,NA,36,NA,NA,NA,NA,NA,NA,NA,NA,NA,1,Strong D,1,Democrat,0,Non-MAGA,Somewhat liberal,0,2,Control D,0,0,Control,17,66,17,66,NA,NA,NA,NA,NA,NA,33,40,0,0,30,9,NA,NA,NA,NA,NA,NA,33,59,65,54,59,56,3.75,strong,2,2,0,0,0,0,0,0,0,0,1,66,66,17,17,0,0,0,0,0,0,3.6666666666666665,18.666666666666668,54.333333333333336,54.333333333333336,NA,18.25,19.5,52.75,57.5,33,40,0,0,30,9,33,59,65,54,59,56
NA,NA,0,NA,100,453,1,NA,NA,NA,NA,NA,NA,41.9053,-83.476,NA,NA,1,1,1,2,NA,2,NA,NA,NA,NA,0,NA,NA,NA,5,4,5,5,2,2,2,70,10,2,1,1,1,NA,1,1,1,NA,NA,4,4,5,NA,4,4,5,NA,NA,NA,NA,70,10,NA,NA,NA,NA,NA,NA,NA,NA,NA,NA,NA,NA,5,4,3,0,100,0,81,0,86,0,80,0,0,0,100,0,NA,NA,NA,control,Democrat,NA,NA,NA,NA,NA,NA,NA,NA,463,NA,10,NA,NA,NA,NA,NA,NA,NA,NA,NA,NA,42,NA,NA,NA,NA,NA,NA,NA,NA,NA,1,Strong D,1,Democrat,0,Non-MAGA,Somewhat liberal,0,2,Control D,0,0,Control,10,70,10,70,NA,NA,NA,NA,NA,NA,0,0,0,0,0,0,NA,NA,NA,NA,NA,NA,100,81,86,80,0,100,4.75,strong,2,2,1,1,1,0,1,1,1,0,0,70,70,10,10,0,0,0,0,0,0,4,0,74.5,74.5,NA,0,0,86.75,50,0,0,0,0,0,0,100,81,86,80,0,100
NA,NA,0,NA,100,1036,1,NA,NA,NA,NA,NA,NA,34.4179,-117.3064,NA,NA,1,1,1,2,NA,2,NA,NA,NA,NA,0,NA,NA,NA,4,4,3,4,2,3,4,80,15,2,NA,1,NA,NA,NA,1,NA,NA,NA,NA,2,NA,NA,NA,3,NA,NA,NA,NA,NA,85,15,NA,NA,NA,NA,NA,NA,NA,NA,NA,NA,NA,NA,5,4,3,100,100,25,55,50,75,0,20,0,0,0,50,0,NA,NA,NA,control,Democrat,NA,NA,NA,NA,NA,NA,NA,NA,1043,NA,1792,NA,NA,NA,NA,NA,NA,NA,NA,NA,NA,32,NA,NA,NA,NA,NA,NA,NA,NA,NA,1,Strong D,1,Democrat,0,Non-MAGA,Somewhat liberal,0,2,Control D,0,0,Control,15,80,15,85,NA,NA,NA,NA,NA,NA,100,25,50,0,0,0,NA,NA,NA,NA,NA,NA,100,55,75,20,0,50,3.75,strong,2,3,0,1,0,0,0,1,0,0,0,80,85,15,15,0,5,-5,5,0,5,4,29.166666666666668,50,50,NA,43.75,0,62.5,25,100,25,50,0,0,0,100,55,75,20,0,50
NA,NA,0,NA,100,638,1,NA,NA,NA,NA,NA,NA,35.2233,-82.7455,NA,NA,1,1,1,1,NA,2,NA,NA,NA,NA,0,NA,NA,NA,2,2,1,2,1,3,2,70,10,2,1,NA,NA,1,NA,1,1,NA,NA,4,NA,NA,5,NA,4,3,NA,NA,NA,NA,70,20,NA,NA,NA,NA,NA,NA,NA,NA,NA,NA,NA,NA,5,4,4,70,90,50,90,0,65,0,60,0,60,0,70,0,NA,NA,NA,treatment,Democrat,NA,NA,NA,NA,NA,NA,NA,NA,648,NA,103,NA,NA,NA,NA,NA,NA,NA,NA,NA,NA,68,NA,NA,NA,NA,NA,NA,NA,NA,NA,2,Weak D,1,Democrat,0,Non-MAGA,Somewhat liberal,1,4,Treatment D,0,1,Mismatch,10,70,20,70,NA,NA,NA,NA,NA,NA,70,50,0,0,0,0,NA,NA,NA,NA,NA,NA,90,90,65,60,60,70,1.75,medium,1,2,1,0,0,1,0,1,1,0,0,70,70,10,20,10,0,10,0,10,-10,4.333333333333333,20,72.5,72.5,NA,30,0,76.25,65,70,50,0,0,0,0,90,90,65,60,60,70
NA,NA,0,NA,100,232,1,NA,NA,NA,NA,NA,NA,30.7617,-86.5883,NA,NA,1,1,3,NA,1,1,NA,NA,NA,NA,0,NA,NA,NA,2,2,1,2,1,1,1,9,0,2,NA,NA,NA,1,NA,NA,NA,NA,NA,NA,NA,NA,5,NA,NA,NA,NA,NA,NA,NA,9,0,NA,NA,NA,NA,NA,NA,NA,NA,NA,NA,NA,NA,5,5,1,100,100,100,100,100,100,100,100,100,100,100,100,0,NA,NA,NA,treatment,Democrat,NA,NA,NA,NA,NA,NA,NA,NA,239,NA,4153,NA,NA,NA,NA,NA,NA,NA,NA,NA,NA,36,NA,NA,NA,NA,NA,NA,NA,NA,NA,3,Lean D,0,Independent,0,Non-MAGA,Very liberal,1,4,Treatment D,0,1,Mismatch,0,9,0,9,NA,NA,NA,NA,NA,NA,100,100,100,100,100,100,NA,NA,NA,NA,NA,NA,100,100,100,100,100,100,1.75,medium,1,1,0,0,0,1,0,0,0,0,0,9,9,0,0,0,0,0,0,0,0,11,100,100,100,NA,100,100,100,100,100,100,100,100,100,100,100,100,100,100,100,100
NA,NA,0,NA,100,402,1,NA,NA,NA,NA,NA,NA,36.3528,-119.3007,NA,NA,1,1,1,1,NA,2,NA,NA,NA,NA,0,NA,NA,NA,4,4,2,4,1,2,1,65,0,2,NA,NA,NA,1,NA,NA,NA,NA,NA,NA,NA,NA,3,NA,NA,NA,NA,NA,NA,NA,65,0,NA,NA,NA,NA,NA,NA,NA,NA,NA,NA,NA,NA,5,5,2,50,50,60,50,0,0,0,0,0,20,0,20,0,NA,NA,NA,treatment,Democrat,NA,NA,NA,NA,NA,NA,NA,NA,415,NA,4199,NA,NA,NA,NA,NA,NA,NA,NA,NA,NA,27,NA,NA,NA,NA,NA,NA,NA,NA,NA,2,Weak D,1,Democrat,0,Non-MAGA,Somewhat liberal,1,4,Treatment D,0,1,Mismatch,0,65,0,65,NA,NA,NA,NA,NA,NA,50,60,0,0,0,0,NA,NA,NA,NA,NA,NA,50,50,0,0,20,20,3.5,strong,2,1.3333333333333333,0,0,0,1,0,0,0,0,0,65,65,0,0,0,0,0,0,0,0,4,18.333333333333332,23.333333333333332,23.333333333333332,NA,27.5,0,25,20,50,60,0,0,0,0,50,50,0,0,20,20
NA,NA,0,NA,100,443,1,NA,NA,NA,NA,NA,NA,39.0814,-77.6443,NA,NA,0.899999976158142,1,2,2,NA,6,4,4,4,5,0,3,3,2,NA,NA,NA,NA,NA,NA,NA,80,100,2,1,NA,NA,1,1,NA,NA,NA,NA,4,NA,NA,4,3,NA,NA,NA,2,4,1,80,100,88,96,79,90,84,88,46,67,28,27,30,37,NA,NA,NA,NA,NA,NA,NA,NA,NA,NA,NA,NA,NA,NA,NA,1,NA,NA,NA,treatment,Republican,NA,NA,NA,NA,NA,NA,NA,NA,471,NA,342,NA,NA,NA,NA,NA,NA,NA,NA,NA,NA,24,NA,NA,NA,NA,NA,NA,NA,NA,NA,7,Strong R,2,Republican,1,Non-MAGA,Somewhat conservative,1,3,Treatment R,1,2,Match,100,80,100,80,88,79,84,46,28,30,NA,NA,NA,NA,NA,NA,96,90,88,67,27,37,NA,NA,NA,NA,NA,NA,4.25,strong,2,2.6666666666666665,1,0,0,1,1,0,0,0,0,100,100,80,80,0,0,0,0,0,0,2.3333333333333335,59.166666666666664,67.5,NA,67.5,74.25,29,85.25,32,88,79,84,46,28,30,96,90,88,67,27,37
NA,NA,0,NA,100,1688,1,NA,NA,NA,NA,NA,NA,39.0834,-78.2181,NA,NA,1,1,2,1,NA,4,3,4,2,3,0,3,2,2,NA,NA,NA,NA,NA,NA,NA,70,40,2,NA,NA,NA,1,1,NA,NA,NA,NA,NA,NA,NA,NA,4,NA,NA,NA,2,4,3,40,66,37,70,73,50,37,66,78,36,66,64,83,51,NA,NA,NA,NA,NA,NA,NA,NA,NA,NA,NA,NA,NA,NA,NA,1,NA,NA,NA,control,Republican,NA,NA,NA,NA,NA,NA,NA,NA,1699,NA,7553,NA,NA,NA,NA,NA,NA,NA,NA,NA,NA,37,NA,NA,NA,NA,NA,NA,NA,NA,NA,6,Weak R,2,Republican,1,Non-MAGA,Moderate,0,1,Control R,0,0,Control,40,70,66,40,37,73,37,78,66,83,NA,NA,NA,NA,NA,NA,70,50,66,36,64,51,NA,NA,NA,NA,NA,NA,3,strong,2,2.3333333333333335,0,0,0,1,1,0,0,0,0,40,66,70,40,26,-30,56,26,-30,56,3,62.333333333333336,56.166666666666664,NA,56.166666666666664,56.25,74.5,55.5,57.5,37,73,37,78,66,83,70,50,66,36,64,51
NA,NA,0,NA,100,425,1,NA,NA,NA,NA,NA,NA,33.8212,-84.3578,NA,NA,1,1,2,2,NA,7,5,4,5,5,1,3,4,2,NA,NA,NA,NA,NA,NA,NA,6,92,2,NA,NA,NA,NA,NA,NA,NA,NA,1,NA,NA,NA,NA,NA,NA,NA,NA,1,4,1,6,91,40,60,20,40,0,20,0,10,0,5,0,5,NA,NA,NA,NA,NA,NA,NA,NA,NA,NA,NA,NA,NA,NA,NA,2,NA,NA,NA,control,Republican,NA,NA,NA,NA,NA,NA,NA,NA,442,NA,955,NA,NA,NA,NA,NA,NA,NA,NA,NA,NA,48,NA,NA,NA,NA,NA,NA,NA,NA,NA,7,Strong R,2,Republican,1,MAGA,Very conservative,0,1,Control R,0,0,Control,92,6,91,6,40,20,0,0,0,0,NA,NA,NA,NA,NA,NA,60,40,20,10,5,5,NA,NA,NA,NA,NA,NA,4.75,strong,2,3,0,0,0,0,0,0,0,0,1,92,91,6,6,-1,0,-1,-1,0,-1,2,10,23.333333333333332,NA,23.333333333333332,15,0,32.5,5,40,20,0,0,0,0,60,40,20,10,5,5
NA,NA,0,NA,100,695,1,NA,NA,NA,NA,NA,NA,40.7626,-73.8923,NA,NA,1,1,1,2,NA,1,NA,NA,NA,NA,0,NA,NA,NA,4,4,3,4,1,2,1,85,10,2,1,NA,NA,1,1,1,1,NA,NA,4,NA,NA,4,3,3,3,NA,NA,NA,NA,85,10,NA,NA,NA,NA,NA,NA,NA,NA,NA,NA,NA,NA,5,3,2,90,83,85,80,10,20,36,71,15,40,12,30,0,NA,NA,NA,treatment,Democrat,NA,NA,NA,NA,NA,NA,NA,NA,706,NA,5343,NA,NA,NA,NA,NA,NA,NA,NA,NA,NA,27,NA,NA,NA,NA,NA,NA,NA,NA,NA,1,Strong D,1,Democrat,0,Non-MAGA,Very liberal,1,4,Treatment D,0,1,Mismatch,10,85,10,85,NA,NA,NA,NA,NA,NA,90,85,10,36,15,12,NA,NA,NA,NA,NA,NA,83,80,20,71,40,30,3.75,strong,2,1.3333333333333333,1,0,0,1,1,1,1,0,0,85,85,10,10,0,0,0,0,0,0,3.3333333333333335,41.333333333333336,54,54,NA,55.25,13.5,63.5,35,90,85,10,36,15,12,83,80,20,71,40,30
NA,NA,0,NA,100,296,1,NA,NA,NA,NA,NA,NA,47.7345,-117.447,NA,NA,0.899999976158142,1,3,NA,1,3,NA,NA,NA,NA,0,NA,NA,NA,1,2,2,1,3,3,3,20,5,2,1,NA,NA,1,NA,1,NA,NA,NA,3,NA,NA,4,NA,5,NA,NA,NA,NA,NA,25,5,NA,NA,NA,NA,NA,NA,NA,NA,NA,NA,NA,NA,5,4,4,40,85,30,100,5,70,20,90,15,65,10,85,0,NA,NA,NA,control,Democrat,NA,NA,NA,NA,NA,NA,NA,NA,306,NA,2108,NA,NA,NA,NA,NA,NA,NA,NA,NA,NA,47,NA,NA,NA,NA,NA,NA,NA,NA,NA,3,Lean D,0,Independent,0,Non-MAGA,Slightly liberal,0,2,Control D,0,0,Control,5,20,5,25,NA,NA,NA,NA,NA,NA,40,30,5,20,15,10,NA,NA,NA,NA,NA,NA,85,100,70,90,65,85,1.5,weak,1,3,1,0,0,1,0,1,0,0,0,20,25,5,5,0,5,-5,5,0,5,13,20,82.5,82.5,NA,23.75,12.5,86.25,75,40,30,5,20,15,10,85,100,70,90,65,85
NA,NA,0,NA,100,472,1,NA,NA,NA,NA,NA,NA,32.8707,-79.8029,NA,NA,1,1,2,2,NA,7,4,5,4,5,0,3,2,1,NA,NA,NA,NA,NA,NA,NA,9,87,2,NA,NA,NA,NA,NA,NA,NA,1,NA,NA,NA,NA,NA,NA,NA,NA,3,5,3,3,7,93,71,72,50,50,47,54,48,48,0,21,0,13,NA,NA,NA,NA,NA,NA,NA,NA,NA,NA,NA,NA,NA,NA,NA,1,NA,NA,NA,control,Republican,NA,NA,NA,NA,NA,NA,NA,NA,482,NA,5638,NA,NA,NA,NA,NA,NA,NA,NA,NA,NA,54,NA,NA,NA,NA,NA,NA,NA,NA,NA,7,Strong R,2,Republican,1,Non-MAGA,Very conservative,0,1,Control R,0,0,Control,87,9,93,7,71,50,47,48,0,0,NA,NA,NA,NA,NA,NA,72,50,54,48,21,13,NA,NA,NA,NA,NA,NA,4.5,strong,2,2,0,0,0,0,0,0,0,1,0,87,93,9,7,6,-2,8,6,-2,8,3.6666666666666665,36,43,NA,43,54,0,56,17,71,50,47,48,0,0,72,50,54,48,21,13
NA,NA,0,NA,100,909,1,NA,NA,NA,NA,NA,NA,35.6854,-88.8281,NA,NA,1,1,1,1,NA,3,NA,NA,NA,NA,0,NA,NA,NA,2,2,1,2,4,4,4,85,70,2,NA,NA,NA,1,NA,NA,NA,NA,NA,NA,NA,NA,3,NA,NA,NA,NA,NA,NA,NA,85,60,NA,NA,NA,NA,NA,NA,NA,NA,NA,NA,NA,NA,4,4,4,0,0,0,0,0,15,0,15,0,15,0,15,0,NA,NA,NA,treatment,Democrat,NA,NA,NA,NA,NA,NA,NA,NA,926,NA,1928,NA,NA,NA,NA,NA,NA,NA,NA,NA,NA,47,NA,NA,NA,NA,NA,NA,NA,NA,NA,2,Weak D,1,Democrat,0,Non-MAGA,Slightly liberal,1,4,Treatment D,0,1,Mismatch,70,85,60,85,NA,NA,NA,NA,NA,NA,0,0,0,0,0,0,NA,NA,NA,NA,NA,NA,0,0,15,15,15,15,1.75,medium,1,4,0,0,0,1,0,0,0,0,0,85,85,70,60,-10,0,-10,0,-10,10,4,0,10,10,NA,0,0,7.5,15,0,0,0,0,0,0,0,0,15,15,15,15
NA,NA,0,NA,100,929,1,NA,NA,NA,NA,NA,NA,34.0544,-118.244,NA,NA,0.899999976158142,1,1,2,NA,2,NA,NA,NA,NA,0,NA,NA,NA,4,4,4,5,3,3,3,90,40,2,NA,NA,1,NA,1,1,NA,NA,NA,NA,NA,4,NA,2,3,NA,NA,NA,NA,NA,82,40,NA,NA,NA,NA,NA,NA,NA,NA,NA,NA,NA,NA,4,4,3,56,84,34,76,43,75,41,62,35,63,31,72,0,NA,NA,NA,control,Democrat,NA,NA,NA,NA,NA,NA,NA,NA,973,NA,247,NA,NA,NA,NA,NA,NA,NA,NA,NA,NA,32,NA,NA,NA,NA,NA,NA,NA,NA,NA,1,Strong D,1,Democrat,0,Non-MAGA,Somewhat liberal,0,2,Control D,0,0,Control,40,90,40,82,NA,NA,NA,NA,NA,NA,56,34,43,41,35,31,NA,NA,NA,NA,NA,NA,84,76,75,62,63,72,4.25,strong,2,3,0,0,1,0,1,1,0,0,0,90,82,40,40,0,-8,8,-8,0,-8,3.6666666666666665,40,72,72,NA,43.5,33,74.25,67.5,56,34,43,41,35,31,84,76,75,62,63,72
NA,NA,0,NA,100,393,1,NA,NA,NA,NA,NA,NA,41.4203,-78.7286,NA,NA,1,1,1,1,NA,1,NA,NA,NA,NA,0,NA,NA,NA,2,3,3,2,2,3,2,30,15,2,NA,NA,NA,NA,NA,NA,NA,NA,1,NA,NA,NA,NA,NA,NA,NA,NA,NA,NA,NA,30,15,NA,NA,NA,NA,NA,NA,NA,NA,NA,NA,NA,NA,5,4,4,0,50,0,60,0,35,0,30,0,30,0,35,0,NA,NA,NA,control,Democrat,NA,NA,NA,NA,NA,NA,NA,NA,402,NA,262,NA,NA,NA,NA,NA,NA,NA,NA,NA,NA,23,NA,NA,NA,NA,NA,NA,NA,NA,NA,2,Weak D,1,Democrat,0,Non-MAGA,Very liberal,0,2,Control D,0,0,Control,15,30,15,30,NA,NA,NA,NA,NA,NA,0,0,0,0,0,0,NA,NA,NA,NA,NA,NA,50,60,35,30,30,35,2.5,medium,1,2.3333333333333335,0,0,0,0,0,0,0,0,1,30,30,15,15,0,0,0,0,0,0,4.333333333333333,0,40,40,NA,0,0,43.75,32.5,0,0,0,0,0,0,50,60,35,30,30,35
NA,NA,0,NA,100,307,1,NA,NA,NA,NA,NA,NA,40.8728,-73.8233,NA,NA,1,1,2,2,NA,1,4,5,5,5,0,3,3,3,NA,NA,NA,NA,NA,NA,NA,50,100,2,1,NA,NA,1,NA,1,NA,NA,NA,3,NA,NA,5,NA,3,NA,NA,3,5,5,50,71,80,90,50,82,69,80,35,59,30,41,50,50,NA,NA,NA,NA,NA,NA,NA,NA,NA,NA,NA,NA,NA,NA,NA,1,NA,NA,NA,treatment,Republican,NA,NA,NA,NA,NA,NA,NA,NA,323,NA,3833,NA,NA,NA,NA,NA,NA,NA,NA,NA,NA,19,NA,NA,NA,NA,NA,NA,NA,NA,NA,7,Strong R,2,Republican,1,Non-MAGA,Very liberal,1,3,Treatment R,1,2,Match,100,50,71,50,80,50,69,35,30,50,NA,NA,NA,NA,NA,NA,90,82,80,59,41,50,NA,NA,NA,NA,NA,NA,4.75,strong,2,3,1,0,0,1,0,1,0,0,0,100,71,50,50,-29,0,-29,-29,0,-29,4.333333333333333,52.333333333333336,67,NA,67,58.5,40,77.75,45.5,80,50,69,35,30,50,90,82,80,59,41,50
NA,NA,0,NA,100,227,1,NA,NA,NA,NA,NA,NA,33.1602,-117.325,NA,NA,1,1,1,1,NA,3,NA,NA,NA,NA,0,NA,NA,NA,2,3,1,2,3,3,3,60,40,2,NA,NA,NA,NA,NA,NA,NA,NA,1,NA,NA,NA,NA,NA,NA,NA,NA,NA,NA,NA,60,40,NA,NA,NA,NA,NA,NA,NA,NA,NA,NA,NA,NA,4,2,2,50,50,40,39,12,10,0,0,26,22,17,12,0,NA,NA,NA,control,Democrat,NA,NA,NA,NA,NA,NA,NA,NA,238,NA,222,NA,NA,NA,NA,NA,NA,NA,NA,NA,NA,33,NA,NA,NA,NA,NA,NA,NA,NA,NA,2,Weak D,1,Democrat,0,Non-MAGA,Slightly liberal,0,2,Control D,0,0,Control,40,60,40,60,NA,NA,NA,NA,NA,NA,50,40,12,0,26,17,NA,NA,NA,NA,NA,NA,50,39,10,0,22,12,2,medium,1,3,0,0,0,0,0,0,0,0,1,60,60,40,40,0,0,0,0,0,0,2.6666666666666665,24.166666666666668,22.166666666666668,22.166666666666668,NA,25.5,21.5,24.75,17,50,40,12,0,26,17,50,39,10,0,22,12
NA,NA,0,NA,100,638,1,NA,NA,NA,NA,NA,NA,42.3574,-88.2209,NA,NA,1,1,2,2,NA,6,4,3,4,4,0,4,4,3,NA,NA,NA,NA,NA,NA,NA,60,75,2,NA,NA,NA,NA,NA,NA,NA,1,NA,NA,NA,NA,NA,NA,NA,NA,4,4,3,1,60,80,20,50,10,29,18,29,0,10,18,31,19,25,NA,NA,NA,NA,NA,NA,NA,NA,NA,NA,NA,NA,NA,NA,NA,1,NA,NA,NA,control,Republican,NA,NA,NA,NA,NA,NA,NA,NA,646,NA,3856,NA,NA,NA,NA,NA,NA,NA,NA,NA,NA,46,NA,NA,NA,NA,NA,NA,NA,NA,NA,7,Strong R,2,Republican,1,Non-MAGA,Somewhat conservative,0,1,Control R,0,0,Control,75,60,80,60,20,10,18,0,18,19,NA,NA,NA,NA,NA,NA,50,29,29,10,31,25,NA,NA,NA,NA,NA,NA,3.75,strong,2,3.6666666666666665,0,0,0,0,0,0,0,1,0,75,80,60,60,5,0,5,5,0,5,2.6666666666666665,14.166666666666666,29,NA,29,12,18.5,29.5,28,20,10,18,0,18,19,50,29,29,10,31,25
NA,NA,0,NA,100,781,1,NA,NA,NA,NA,NA,NA,39.018,-77.539,NA,NA,1,1,3,NA,1,5,NA,NA,NA,NA,0,NA,NA,NA,4,4,4,4,3,2,4,94,56,2,NA,NA,NA,1,NA,NA,NA,NA,NA,NA,NA,NA,4,NA,NA,NA,NA,NA,NA,NA,93,19,NA,NA,NA,NA,NA,NA,NA,NA,NA,NA,NA,NA,5,5,4,5,8,9,6,0,0,0,0,73,71,3,3,0,NA,NA,NA,treatment,Democrat,NA,NA,NA,NA,NA,NA,NA,NA,804,NA,212,NA,NA,NA,NA,NA,NA,NA,NA,NA,NA,38,NA,NA,NA,NA,NA,NA,NA,NA,NA,3,Lean D,0,Independent,0,Non-MAGA,Slightly conservative,1,4,Treatment D,0,1,Mismatch,56,94,19,93,NA,NA,NA,NA,NA,NA,5,9,0,0,73,3,NA,NA,NA,NA,NA,NA,8,6,0,0,71,3,4,strong,2,3,0,0,0,1,0,0,0,0,0,94,93,56,19,-37,-1,-36,-1,-37,36,14,15,14.666666666666666,14.666666666666666,NA,3.5,38,3.5,37,5,9,0,0,73,3,8,6,0,0,71,3
NA,NA,0,NA,100,237,1,NA,NA,NA,NA,NA,NA,40.7626,-73.8923,NA,NA,1,1,1,1,NA,1,NA,NA,NA,NA,0,NA,NA,NA,3,3,2,3,2,2,2,37,21,2,NA,NA,NA,1,NA,NA,NA,NA,NA,NA,NA,NA,4,NA,NA,NA,NA,NA,NA,NA,35,24,NA,NA,NA,NA,NA,NA,NA,NA,NA,NA,NA,NA,4,2,2,50,44,60,76,10,51,9,60,14,64,10,39,0,NA,NA,NA,control,Democrat,NA,NA,NA,NA,NA,NA,NA,NA,244,NA,499,NA,NA,NA,NA,NA,NA,NA,NA,NA,NA,28,NA,NA,NA,NA,NA,NA,NA,NA,NA,2,Weak D,1,Democrat,0,Non-MAGA,Very liberal,0,2,Control D,0,0,Control,21,37,24,35,NA,NA,NA,NA,NA,NA,50,60,10,9,14,10,NA,NA,NA,NA,NA,NA,44,76,51,60,64,39,2.75,medium,1,2,0,0,0,1,0,0,0,0,0,37,35,21,24,3,-2,5,-2,3,-5,2.6666666666666665,25.5,55.666666666666664,55.666666666666664,NA,32.25,12,57.75,51.5,50,60,10,9,14,10,44,76,51,60,64,39
NA,NA,0,NA,100,343,1,NA,NA,NA,NA,NA,NA,36.3888,-85.3194,NA,NA,1,1,1,1,NA,3,NA,NA,NA,NA,0,NA,NA,NA,2,3,2,3,3,4,3,82,62,2,NA,NA,NA,NA,NA,NA,NA,1,NA,NA,NA,NA,NA,NA,NA,NA,3,NA,NA,NA,77,66,NA,NA,NA,NA,NA,NA,NA,NA,NA,NA,NA,NA,2,1,1,22,22,46,44,0,0,0,0,40,40,0,44,0,NA,NA,NA,control,Democrat,NA,NA,NA,NA,NA,NA,NA,NA,350,NA,7458,NA,NA,NA,NA,NA,NA,NA,NA,NA,NA,47,NA,NA,NA,NA,NA,NA,NA,NA,NA,2,Weak D,1,Democrat,0,Non-MAGA,Slightly liberal,0,2,Control D,0,0,Control,62,82,66,77,NA,NA,NA,NA,NA,NA,22,46,0,0,40,0,NA,NA,NA,NA,NA,NA,22,44,0,0,40,44,2.5,medium,1,3.3333333333333335,0,0,0,0,0,0,0,1,0,82,77,62,66,4,-5,9,-5,4,-9,1.3333333333333333,18,25,25,NA,17,20,16.5,42,22,46,0,0,40,0,22,44,0,0,40,44
NA,NA,0,NA,100,321,1,NA,NA,NA,NA,NA,NA,44.0683,-123.0763,NA,NA,1,1,1,2,NA,1,NA,NA,NA,NA,0,NA,NA,NA,5,4,2,4,2,3,2,86,4,2,1,NA,NA,1,NA,NA,NA,NA,NA,4,NA,NA,5,NA,NA,NA,NA,NA,NA,NA,94,4,NA,NA,NA,NA,NA,NA,NA,NA,NA,NA,NA,NA,5,5,5,0,40,0,14,0,1,0,4,0,8,0,22,0,NA,NA,NA,treatment,Democrat,NA,NA,NA,NA,NA,NA,NA,NA,332,NA,3062,NA,NA,NA,NA,NA,NA,NA,NA,NA,NA,40,NA,NA,NA,NA,NA,NA,NA,NA,NA,1,Strong D,1,Democrat,0,Non-MAGA,Very liberal,1,4,Treatment D,0,1,Mismatch,4,86,4,94,NA,NA,NA,NA,NA,NA,0,0,0,0,0,0,NA,NA,NA,NA,NA,NA,40,14,1,4,8,22,3.75,strong,2,2.3333333333333335,1,0,0,1,0,0,0,0,0,86,94,4,4,0,8,-8,8,0,8,5,0,14.833333333333334,14.833333333333334,NA,0,0,14.75,15,0,0,0,0,0,0,40,14,1,4,8,22
NA,NA,0,NA,100,518,1,NA,NA,NA,NA,NA,NA,33.8336,-84.3797,NA,NA,0.899999976158142,1,1,2,NA,1,NA,NA,NA,NA,0,NA,NA,NA,3,3,3,4,3,3,3,80,20,2,NA,NA,NA,1,NA,NA,NA,NA,NA,NA,NA,NA,2,NA,NA,NA,NA,NA,NA,NA,90,10,NA,NA,NA,NA,NA,NA,NA,NA,NA,NA,NA,NA,2,2,1,65,65,40,10,0,0,0,0,0,50,0,60,0,NA,NA,NA,treatment,Democrat,NA,NA,NA,NA,NA,NA,NA,NA,525,NA,197,NA,NA,NA,NA,NA,NA,NA,NA,NA,NA,66,NA,NA,NA,NA,NA,NA,NA,NA,NA,1,Strong D,1,Democrat,0,Non-MAGA,Very liberal,1,4,Treatment D,0,1,Mismatch,20,80,10,90,NA,NA,NA,NA,NA,NA,65,40,0,0,0,0,NA,NA,NA,NA,NA,NA,65,10,0,0,50,60,3.25,strong,2,3,0,0,0,1,0,0,0,0,0,80,90,20,10,-10,10,-20,10,-10,20,1.6666666666666667,17.5,30.833333333333332,30.833333333333332,NA,26.25,0,18.75,55,65,40,0,0,0,0,65,10,0,0,50,60
NA,NA,0,NA,100,283,1,NA,NA,NA,NA,NA,NA,47.6109,-122.3303,NA,NA,1,1,3,NA,3,6,3,3,3,3,0,3,3,3,NA,NA,NA,NA,NA,NA,NA,73,81,2,NA,NA,NA,NA,NA,NA,NA,NA,1,NA,NA,NA,NA,NA,NA,NA,NA,2,1,2,71,81,58,58,29,32,20,23,19,22,34,32,17,23,NA,NA,NA,NA,NA,NA,NA,NA,NA,NA,NA,NA,NA,NA,NA,1,NA,NA,NA,control,Republican,NA,NA,NA,NA,NA,NA,NA,NA,298,NA,6644,NA,NA,NA,NA,NA,NA,NA,NA,NA,NA,38,NA,NA,NA,NA,NA,NA,NA,NA,NA,5,Lean R,0,Independent,1,Non-MAGA,Somewhat conservative,0,1,Control R,0,0,Control,81,73,81,71,58,29,20,19,34,17,NA,NA,NA,NA,NA,NA,58,32,23,22,32,23,NA,NA,NA,NA,NA,NA,3,strong,2,3,0,0,0,0,0,0,0,0,1,81,81,73,71,0,-2,2,0,-2,2,1.6666666666666667,29.5,31.666666666666668,NA,31.666666666666668,31.5,25.5,33.75,27.5,58,29,20,19,34,17,58,32,23,22,32,23
NA,NA,0,NA,100,189,1,NA,NA,NA,NA,NA,NA,36.1738,-94.0466,NA,NA,1,1,1,2,NA,1,NA,NA,NA,NA,0,NA,NA,NA,3,2,2,2,1,2,1,30,0,2,NA,NA,NA,NA,NA,NA,NA,NA,1,NA,NA,NA,NA,NA,NA,NA,NA,NA,NA,NA,30,0,NA,NA,NA,NA,NA,NA,NA,NA,NA,NA,NA,NA,5,5,3,65,77,3,68,26,62,10,54,19,69,3,56,0,NA,NA,NA,control,Democrat,NA,NA,NA,NA,NA,NA,NA,NA,197,NA,989,NA,NA,NA,NA,NA,NA,NA,NA,NA,NA,34,NA,NA,NA,NA,NA,NA,NA,NA,NA,1,Strong D,1,Democrat,0,Non-MAGA,Very liberal,0,2,Control D,0,0,Control,0,30,0,30,NA,NA,NA,NA,NA,NA,65,3,26,10,19,3,NA,NA,NA,NA,NA,NA,77,68,62,54,69,56,2.25,medium,1,1.3333333333333333,0,0,0,0,0,0,0,0,1,30,30,0,0,0,0,0,0,0,0,4.333333333333333,21,64.33333333333333,64.33333333333333,NA,26,11,65.25,62.5,65,3,26,10,19,3,77,68,62,54,69,56
NA,NA,0,NA,100,806,1,NA,NA,NA,NA,NA,NA,61.2199,-149.9077,NA,NA,1,1,2,1,NA,6,2,3,2,3,0,4,4,3,NA,NA,NA,NA,NA,NA,NA,38,66,2,NA,1,NA,1,NA,NA,1,NA,NA,NA,2,NA,4,NA,NA,3,NA,2,2,1,39,59,71,90,0,20,0,0,0,0,0,15,0,0,NA,NA,NA,NA,NA,NA,NA,NA,NA,NA,NA,NA,NA,NA,NA,1,NA,NA,NA,treatment,Republican,NA,NA,NA,NA,NA,NA,NA,NA,831,NA,5045,NA,NA,NA,NA,NA,NA,NA,NA,NA,NA,34,NA,NA,NA,NA,NA,NA,NA,NA,NA,6,Weak R,2,Republican,1,Non-MAGA,Somewhat conservative,1,3,Treatment R,1,2,Match,66,38,59,39,71,0,0,0,0,0,NA,NA,NA,NA,NA,NA,90,20,0,0,15,0,NA,NA,NA,NA,NA,NA,2.5,medium,1,3.6666666666666665,0,1,0,1,0,0,1,0,0,66,59,38,39,-7,1,-8,-7,1,-8,1.6666666666666667,11.833333333333334,20.833333333333332,NA,20.833333333333332,17.75,0,27.5,7.5,71,0,0,0,0,0,90,20,0,0,15,0
NA,NA,0,NA,100,258,1,NA,NA,NA,NA,NA,NA,32.7994,-117.1686,NA,NA,1,1,1,2,NA,1,NA,NA,NA,NA,0,NA,NA,NA,3,3,3,3,1,1,1,69,3,2,NA,NA,NA,NA,NA,NA,NA,NA,1,NA,NA,NA,NA,NA,NA,NA,NA,NA,NA,NA,50,3,NA,NA,NA,NA,NA,NA,NA,NA,NA,NA,NA,NA,5,5,5,66,72,34,24,0,0,0,0,50,87,10,65,0,NA,NA,NA,control,Democrat,NA,NA,NA,NA,NA,NA,NA,NA,268,NA,523,NA,NA,NA,NA,NA,NA,NA,NA,NA,NA,23,NA,NA,NA,NA,NA,NA,NA,NA,NA,1,Strong D,1,Democrat,0,Non-MAGA,Very liberal,0,2,Control D,0,0,Control,3,69,3,50,NA,NA,NA,NA,NA,NA,66,34,0,0,50,10,NA,NA,NA,NA,NA,NA,72,24,0,0,87,65,3,strong,2,1,0,0,0,0,0,0,0,0,1,69,50,3,3,0,-19,19,-19,0,-19,5,26.666666666666668,41.333333333333336,41.333333333333336,NA,25,30,24,76,66,34,0,0,50,10,72,24,0,0,87,65
NA,NA,0,NA,100,179,1,NA,NA,NA,NA,NA,NA,35.2369,-80.8957,NA,NA,1,1,2,2,NA,7,5,5,5,5,0,2,4,1,NA,NA,NA,NA,NA,NA,NA,89,100,2,NA,NA,NA,NA,NA,NA,NA,1,NA,NA,NA,NA,NA,NA,NA,NA,5,5,5,5,36,99,98,98,6,86,23,96,12,99,99,100,21,NA,NA,NA,NA,NA,NA,NA,NA,NA,NA,NA,NA,NA,NA,NA,NA,1,NA,NA,NA,treatment,Republican,NA,NA,NA,NA,NA,NA,NA,NA,188,NA,697,NA,NA,NA,NA,NA,NA,NA,NA,NA,NA,54,NA,NA,NA,NA,NA,NA,NA,NA,NA,7,Strong R,2,Republican,1,Non-MAGA,Very conservative,1,3,Treatment R,1,2,Match,100,89,99,36,98,6,23,12,99,21,NA,NA,NA,NA,NA,NA,98,86,96,99,100,NA,NA,NA,NA,NA,NA,NA,5,strong,2,2.3333333333333335,0,0,0,0,0,0,0,1,0,100,99,89,36,-1,-53,52,-1,-53,52,5,43.166666666666664,95.8,NA,95.8,34.75,60,94.75,NA,98,6,23,12,99,21,98,86,96,99,100,NA
NA,NA,0,NA,100,440,1,NA,NA,NA,NA,NA,NA,33.3792,-86.6969,NA,NA,1,1,1,1,NA,2,NA,NA,NA,NA,0,NA,NA,NA,2,2,3,2,3,4,4,65,35,2,NA,NA,NA,NA,NA,NA,NA,1,NA,NA,NA,NA,NA,NA,NA,NA,4,NA,NA,NA,65,35,NA,NA,NA,NA,NA,NA,NA,NA,NA,NA,NA,NA,3,1,1,20,80,30,82,0,9,0,20,0,15,0,10,0,NA,NA,NA,control,Democrat,NA,NA,NA,NA,NA,NA,NA,NA,452,NA,9462,NA,NA,NA,NA,NA,NA,NA,NA,NA,NA,70,NA,NA,NA,NA,NA,NA,NA,NA,NA,2,Weak D,1,Democrat,0,Non-MAGA,Somewhat liberal,0,2,Control D,0,0,Control,35,65,35,65,NA,NA,NA,NA,NA,NA,20,30,0,0,0,0,NA,NA,NA,NA,NA,NA,80,82,9,20,15,10,2.25,medium,1,3.6666666666666665,0,0,0,0,0,0,0,1,0,65,65,35,35,0,0,0,0,0,0,1.6666666666666667,8.333333333333334,36,36,NA,12.5,0,47.75,12.5,20,30,0,0,0,0,80,82,9,20,15,10
NA,NA,0,NA,100,1314,1,NA,NA,NA,NA,NA,NA,44.9548,-93.1551,NA,NA,1,1,3,NA,1,3,NA,NA,NA,NA,0,NA,NA,NA,1,2,1,2,2,2,2,30,10,2,NA,NA,NA,NA,NA,NA,NA,NA,1,NA,NA,NA,NA,NA,NA,NA,NA,NA,NA,NA,30,10,NA,NA,NA,NA,NA,NA,NA,NA,NA,NA,NA,NA,4,2,4,10,70,60,40,10,60,10,70,40,70,40,75,0,NA,NA,NA,control,Democrat,NA,NA,NA,NA,NA,NA,NA,NA,1323,NA,418,NA,NA,NA,NA,NA,NA,NA,NA,NA,NA,30,NA,NA,NA,NA,NA,NA,NA,NA,NA,3,Lean D,0,Independent,0,Non-MAGA,Slightly liberal,0,2,Control D,0,0,Control,10,30,10,30,NA,NA,NA,NA,NA,NA,10,60,10,10,40,40,NA,NA,NA,NA,NA,NA,70,40,60,70,70,75,1.5,weak,1,2,0,0,0,0,0,0,0,0,1,30,30,10,10,0,0,0,0,0,0,10,28.333333333333332,64.16666666666667,64.16666666666667,NA,22.5,40,60,72.5,10,60,10,10,40,40,70,40,60,70,70,75
NA,NA,0,NA,100,207,1,NA,NA,NA,NA,NA,NA,34.7865,-76.8591,NA,NA,1,1,2,1,NA,5,2,2,2,2,0,4,3,4,NA,NA,NA,NA,NA,NA,NA,18,61,2,NA,NA,NA,NA,NA,1,NA,NA,NA,NA,NA,NA,NA,NA,2,NA,NA,4,4,2,20,64,0,0,0,29,0,0,0,0,0,20,0,20,NA,NA,NA,NA,NA,NA,NA,NA,NA,NA,NA,NA,NA,NA,NA,1,NA,NA,NA,control,Republican,NA,NA,NA,NA,NA,NA,NA,NA,215,NA,404,NA,NA,NA,NA,NA,NA,NA,NA,NA,NA,46,NA,NA,NA,NA,NA,NA,NA,NA,NA,6,Weak R,2,Republican,1,Non-MAGA,Slightly conservative,0,1,Control R,0,0,Control,61,18,64,20,0,0,0,0,0,0,NA,NA,NA,NA,NA,NA,0,29,0,0,20,20,NA,NA,NA,NA,NA,NA,2,medium,1,3.6666666666666665,0,0,0,0,0,1,0,0,0,61,64,18,20,3,2,1,3,2,1,3.3333333333333335,0,11.5,NA,11.5,0,0,7.25,20,0,0,0,0,0,0,0,29,0,0,20,20
NA,NA,0,NA,100,555,1,NA,NA,NA,NA,NA,NA,33.7873,-117.9231,NA,NA,1,1,2,1,NA,6,2,2,2,2,0,4,4,4,NA,NA,NA,NA,NA,NA,NA,60,65,2,NA,NA,NA,NA,NA,NA,NA,NA,1,NA,NA,NA,NA,NA,NA,NA,NA,3,2,1,60,65,40,65,20,60,0,20,0,15,0,15,0,15,NA,NA,NA,NA,NA,NA,NA,NA,NA,NA,NA,NA,NA,NA,NA,1,NA,NA,NA,treatment,Republican,NA,NA,NA,NA,NA,NA,NA,NA,565,NA,6469,NA,NA,NA,NA,NA,NA,NA,NA,NA,NA,59,NA,NA,NA,NA,NA,NA,NA,NA,NA,6,Weak R,2,Republican,1,Non-MAGA,Somewhat conservative,1,3,Treatment R,1,2,Match,65,60,65,60,40,20,0,0,0,0,NA,NA,NA,NA,NA,NA,65,60,20,15,15,15,NA,NA,NA,NA,NA,NA,2,medium,1,4,0,0,0,0,0,0,0,0,1,65,65,60,60,0,0,0,0,0,0,2,10,31.666666666666668,NA,31.666666666666668,15,0,40,15,40,20,0,0,0,0,65,60,20,15,15,15
NA,NA,0,NA,100,182,1,NA,NA,NA,NA,NA,NA,30.45,-81.6624,NA,NA,1,1,2,2,NA,6,4,4,4,4,1,3,3,2,NA,NA,NA,NA,NA,NA,NA,60,96,2,NA,NA,NA,NA,NA,NA,NA,1,NA,NA,NA,NA,NA,NA,NA,NA,4,4,3,3,50,88,86,76,8,9,6,6,6,5,3,3,2,1,NA,NA,NA,NA,NA,NA,NA,NA,NA,NA,NA,NA,NA,NA,NA,2,NA,NA,NA,control,Republican,NA,NA,NA,NA,NA,NA,NA,NA,189,NA,3365,NA,NA,NA,NA,NA,NA,NA,NA,NA,NA,46,NA,NA,NA,NA,NA,NA,NA,NA,NA,7,Strong R,2,Republican,1,MAGA,Somewhat conservative,0,1,Control R,0,0,Control,96,60,88,50,86,8,6,6,3,2,NA,NA,NA,NA,NA,NA,76,9,6,5,3,1,NA,NA,NA,NA,NA,NA,4,strong,2,2.6666666666666665,0,0,0,0,0,0,0,1,0,96,88,60,50,-8,-10,2,-8,-10,2,3.3333333333333335,18.5,16.666666666666668,NA,16.666666666666668,26.5,2.5,24,2,86,8,6,6,3,2,76,9,6,5,3,1
NA,NA,0,NA,100,375,1,NA,NA,NA,NA,NA,NA,34.0582,-118.126,NA,NA,1,1,1,2,NA,1,NA,NA,NA,NA,0,NA,NA,NA,2,3,1,2,1,1,1,55,0,2,1,NA,NA,1,NA,1,NA,NA,NA,3,NA,NA,3,NA,2,NA,NA,NA,NA,NA,53,0,NA,NA,NA,NA,NA,NA,NA,NA,NA,NA,NA,NA,5,5,5,73,65,85,90,50,11,49,81,66,90,72,90,0,NA,NA,NA,treatment,Democrat,NA,NA,NA,NA,NA,NA,NA,NA,386,NA,6959,NA,NA,NA,NA,NA,NA,NA,NA,NA,NA,22,NA,NA,NA,NA,NA,NA,NA,NA,NA,1,Strong D,1,Democrat,0,Non-MAGA,Very liberal,1,4,Treatment D,0,1,Mismatch,0,55,0,53,NA,NA,NA,NA,NA,NA,73,85,50,49,66,72,NA,NA,NA,NA,NA,NA,65,90,11,81,90,90,2,medium,1,1,1,0,0,1,0,1,0,0,0,55,53,0,0,0,-2,2,-2,0,-2,5,65.83333333333333,71.16666666666667,71.16666666666667,NA,64.25,69,61.75,90,73,85,50,49,66,72,65,90,11,81,90,90
NA,NA,0,NA,100,161,1,NA,NA,NA,NA,NA,NA,33.0035,-117.0696,NA,NA,1,1,2,1,NA,5,3,3,1,2,0,4,4,3,NA,NA,NA,NA,NA,NA,NA,50,50,2,NA,1,1,NA,1,1,1,NA,NA,NA,3,5,NA,4,5,3,NA,4,1,1,50,50,20,43,40,70,5,24,8,22,0,5,0,4,NA,NA,NA,NA,NA,NA,NA,NA,NA,NA,NA,NA,NA,NA,NA,1,NA,NA,NA,control,Republican,NA,NA,NA,NA,NA,NA,NA,NA,169,NA,462,NA,NA,NA,NA,NA,NA,NA,NA,NA,NA,56,NA,NA,NA,NA,NA,NA,NA,NA,NA,6,Weak R,2,Republican,1,Non-MAGA,Slightly conservative,0,1,Control R,0,0,Control,50,50,50,50,20,40,5,8,0,0,NA,NA,NA,NA,NA,NA,43,70,24,22,5,4,NA,NA,NA,NA,NA,NA,2.25,medium,1,3.6666666666666665,0,1,1,0,1,1,1,0,0,50,50,50,50,0,0,0,0,0,0,2,12.166666666666666,28,NA,28,18.25,0,39.75,4.5,20,40,5,8,0,0,43,70,24,22,5,4
NA,NA,0,NA,100,871,1,NA,NA,NA,NA,NA,NA,47.8626,-121.8165,NA,NA,1,1,1,2,NA,2,NA,NA,NA,NA,0,NA,NA,NA,5,5,5,5,2,2,2,82,21,2,1,NA,NA,1,NA,NA,NA,NA,NA,5,NA,NA,5,NA,NA,NA,NA,NA,NA,NA,83,22,NA,NA,NA,NA,NA,NA,NA,NA,NA,NA,NA,NA,5,5,2,83,73,19,9,0,0,0,0,0,62,0,66,0,NA,NA,NA,treatment,Democrat,NA,NA,NA,NA,NA,NA,NA,NA,886,NA,8388,NA,NA,NA,NA,NA,NA,NA,NA,NA,NA,60,NA,NA,NA,NA,NA,NA,NA,NA,NA,1,Strong D,1,Democrat,0,Non-MAGA,Somewhat liberal,1,4,Treatment D,0,1,Mismatch,21,82,22,83,NA,NA,NA,NA,NA,NA,83,19,0,0,0,0,NA,NA,NA,NA,NA,NA,73,9,0,0,62,66,5,strong,2,2,1,0,0,1,0,0,0,0,0,82,83,21,22,1,1,0,1,1,0,4,17,35,35,NA,25.5,0,20.5,64,83,19,0,0,0,0,73,9,0,0,62,66
NA,NA,0,NA,100,294,1,NA,NA,NA,NA,NA,NA,36.5742,-79.4421,NA,NA,1,1,2,1,NA,5,4,5,4,4,1,3,2,4,NA,NA,NA,NA,NA,NA,NA,20,90,2,NA,NA,NA,NA,NA,NA,NA,1,NA,NA,NA,NA,NA,NA,NA,NA,3,2,2,3,60,83,76,97,58,88,85,82,75,90,87,76,88,74,NA,NA,NA,NA,NA,NA,NA,NA,NA,NA,NA,NA,NA,NA,NA,2,NA,NA,NA,treatment,Republican,NA,NA,NA,NA,NA,NA,NA,NA,304,NA,1264,NA,NA,NA,NA,NA,NA,NA,NA,NA,NA,33,NA,NA,NA,NA,NA,NA,NA,NA,NA,6,Weak R,2,Republican,1,MAGA,Slightly conservative,1,3,Treatment R,1,2,Match,90,20,83,60,76,58,85,75,87,88,NA,NA,NA,NA,NA,NA,97,88,82,90,76,74,NA,NA,NA,NA,NA,NA,4.25,strong,2,3,0,0,0,0,0,0,0,1,0,90,83,20,60,-7,40,-47,-7,40,-47,2.3333333333333335,78.16666666666667,84.5,NA,84.5,73.5,87.5,89.25,75,76,58,85,75,87,88,97,88,82,90,76,74
NA,NA,0,NA,100,285,1,NA,NA,NA,NA,NA,NA,29.521,-98.362,NA,NA,1,1,2,1,NA,6,4,4,3,4,0,3,3,4,NA,NA,NA,NA,NA,NA,NA,62,71,2,NA,NA,NA,NA,NA,NA,NA,NA,1,NA,NA,NA,NA,NA,NA,NA,NA,4,4,1,63,71,40,40,0,61,0,3,0,38,0,0,0,0,NA,NA,NA,NA,NA,NA,NA,NA,NA,NA,NA,NA,NA,NA,NA,1,NA,NA,NA,control,Republican,NA,NA,NA,NA,NA,NA,NA,NA,294,NA,1186,NA,NA,NA,NA,NA,NA,NA,NA,NA,NA,44,NA,NA,NA,NA,NA,NA,NA,NA,NA,6,Weak R,2,Republican,1,Non-MAGA,Somewhat conservative,0,1,Control R,0,0,Control,71,62,71,63,40,0,0,0,0,0,NA,NA,NA,NA,NA,NA,40,61,3,38,0,0,NA,NA,NA,NA,NA,NA,3.75,strong,2,3.3333333333333335,0,0,0,0,0,0,0,0,1,71,71,62,63,0,1,-1,0,1,-1,3,6.666666666666667,23.666666666666668,NA,23.666666666666668,10,0,35.5,0,40,0,0,0,0,0,40,61,3,38,0,0
NA,NA,0,NA,100,624,1,NA,NA,NA,NA,NA,NA,40.6598,-73.6371,NA,NA,0.899999976158142,1,1,2,NA,2,NA,NA,NA,NA,0,NA,NA,NA,2,4,3,5,4,4,4,95,8,2,1,NA,NA,1,NA,NA,NA,NA,NA,5,NA,NA,5,NA,NA,NA,NA,NA,NA,NA,92,9,NA,NA,NA,NA,NA,NA,NA,NA,NA,NA,NA,NA,5,2,1,10,100,0,83,0,98,0,92,0,98,0,94,0,NA,NA,NA,treatment,Democrat,NA,NA,NA,NA,NA,NA,NA,NA,635,NA,2713,NA,NA,NA,NA,NA,NA,NA,NA,NA,NA,80,NA,NA,NA,NA,NA,NA,NA,NA,NA,1,Strong D,1,Democrat,0,Non-MAGA,Somewhat liberal,1,4,Treatment D,0,1,Mismatch,8,95,9,92,NA,NA,NA,NA,NA,NA,10,0,0,0,0,0,NA,NA,NA,NA,NA,NA,100,83,98,92,98,94,3.5,strong,2,4,1,0,0,1,0,0,0,0,0,95,92,8,9,1,-3,4,-3,1,-4,2.6666666666666665,1.6666666666666667,94.16666666666667,94.16666666666667,NA,2.5,0,93.25,96,10,0,0,0,0,0,100,83,98,92,98,94
NA,NA,0,NA,100,818,1,NA,NA,NA,NA,NA,NA,40.5468,-74.1804,NA,NA,1,1,1,2,NA,2,NA,NA,NA,NA,0,NA,NA,NA,5,5,5,5,3,3,3,85,15,2,NA,NA,NA,1,NA,NA,NA,NA,NA,NA,NA,NA,3,NA,NA,NA,NA,NA,NA,NA,85,15,NA,NA,NA,NA,NA,NA,NA,NA,NA,NA,NA,NA,4,3,2,14,15,10,81,0,1,0,35,0,21,3,13,0,NA,NA,NA,treatment,Democrat,NA,NA,NA,NA,NA,NA,NA,NA,835,NA,11202,NA,NA,NA,NA,NA,NA,NA,NA,NA,NA,72,NA,NA,NA,NA,NA,NA,NA,NA,NA,1,Strong D,1,Democrat,0,Non-MAGA,Somewhat liberal,1,4,Treatment D,0,1,Mismatch,15,85,15,85,NA,NA,NA,NA,NA,NA,14,10,0,0,0,3,NA,NA,NA,NA,NA,NA,15,81,1,35,21,13,5,strong,2,3,0,0,0,1,0,0,0,0,0,85,85,15,15,0,0,0,0,0,0,3,4.5,27.666666666666668,27.666666666666668,NA,6,1.5,33,17,14,10,0,0,0,3,15,81,1,35,21,13
NA,NA,0,NA,100,386,1,NA,NA,NA,NA,NA,NA,34.4825,-85.3298,NA,NA,1,1,2,1,NA,5,3,3,1,3,1,4,4,4,NA,NA,NA,NA,NA,NA,NA,44,77,2,NA,NA,NA,NA,NA,NA,NA,1,NA,NA,NA,NA,NA,NA,NA,NA,3,4,4,4,43,82,9,55,11,55,100,6,2,11,0,1,0,8,NA,NA,NA,NA,NA,NA,NA,NA,NA,NA,NA,NA,NA,NA,NA,2,NA,NA,NA,control,Republican,NA,NA,NA,NA,NA,NA,NA,NA,443,NA,105,NA,NA,NA,NA,NA,NA,NA,NA,NA,NA,44,NA,NA,NA,NA,NA,NA,NA,NA,NA,6,Weak R,2,Republican,1,MAGA,Slightly conservative,0,1,Control R,0,0,Control,77,44,82,43,9,11,100,2,0,0,NA,NA,NA,NA,NA,NA,55,55,6,11,1,8,NA,NA,NA,NA,NA,NA,2.5,medium,1,4,0,0,0,0,0,0,0,1,0,77,82,44,43,5,-1,6,5,-1,6,4,20.333333333333332,22.666666666666668,NA,22.666666666666668,30.5,0,31.75,4.5,9,11,100,2,0,0,55,55,6,11,1,8
NA,NA,0,NA,100,639,1,NA,NA,NA,NA,NA,NA,41.1625,-83.4156,NA,NA,1,1,3,NA,1,1,NA,NA,NA,NA,0,NA,NA,NA,4,3,1,3,1,2,1,30,0,2,1,NA,NA,1,1,1,NA,NA,NA,4,NA,NA,5,4,5,NA,NA,NA,NA,NA,30,0,NA,NA,NA,NA,NA,NA,NA,NA,NA,NA,NA,NA,4,4,2,74,80,30,60,0,50,0,70,40,90,40,70,0,NA,NA,NA,treatment,Democrat,NA,NA,NA,NA,NA,NA,NA,NA,646,NA,63,NA,NA,NA,NA,NA,NA,NA,NA,NA,NA,23,NA,NA,NA,NA,NA,NA,NA,NA,NA,3,Lean D,0,Independent,0,Non-MAGA,Very liberal,1,4,Treatment D,0,1,Mismatch,0,30,0,30,NA,NA,NA,NA,NA,NA,74,30,0,0,40,40,NA,NA,NA,NA,NA,NA,80,60,50,70,90,70,2.75,medium,1,1.3333333333333333,1,0,0,1,1,1,0,0,0,30,30,0,0,0,0,0,0,0,0,10,30.666666666666668,70,70,NA,26,40,65,80,74,30,0,0,40,40,80,60,50,70,90,70
NA,NA,0,NA,100,1506,1,NA,NA,NA,NA,NA,NA,38.5848,-90.2996,NA,NA,1,1,3,NA,1,1,NA,NA,NA,NA,0,NA,NA,NA,1,2,2,2,3,3,3,30,10,2,1,NA,NA,1,NA,NA,1,NA,NA,4,NA,NA,4,NA,NA,2,NA,NA,NA,NA,30,10,NA,NA,NA,NA,NA,NA,NA,NA,NA,NA,NA,NA,3,3,1,25,65,30,70,10,45,5,25,15,30,20,40,0,NA,NA,NA,treatment,Democrat,NA,NA,NA,NA,NA,NA,NA,NA,1512,NA,2495,NA,NA,NA,NA,NA,NA,NA,NA,NA,NA,42,NA,NA,NA,NA,NA,NA,NA,NA,NA,3,Lean D,0,Independent,0,Non-MAGA,Very liberal,1,4,Treatment D,0,1,Mismatch,10,30,10,30,NA,NA,NA,NA,NA,NA,25,30,10,5,15,20,NA,NA,NA,NA,NA,NA,65,70,45,25,30,40,1.75,medium,1,3,1,0,0,1,0,0,1,0,0,30,30,10,10,0,0,0,0,0,0,7,17.5,45.833333333333336,45.833333333333336,NA,17.5,17.5,51.25,35,25,30,10,5,15,20,65,70,45,25,30,40
NA,NA,0,NA,100,403,1,NA,NA,NA,NA,NA,NA,30.7919,-85.6796,NA,NA,1,1,1,2,NA,1,NA,NA,NA,NA,0,NA,NA,NA,5,5,3,4,1,1,1,100,0,2,1,NA,NA,1,1,1,1,NA,NA,5,NA,NA,5,5,5,3,NA,NA,NA,NA,100,0,NA,NA,NA,NA,NA,NA,NA,NA,NA,NA,NA,NA,5,5,1,0,0,0,0,0,0,0,0,0,64,0,30,0,NA,NA,NA,treatment,Democrat,NA,NA,NA,NA,NA,NA,NA,NA,412,NA,2461,NA,NA,NA,NA,NA,NA,NA,NA,NA,NA,37,NA,NA,NA,NA,NA,NA,NA,NA,NA,1,Strong D,1,Democrat,0,Non-MAGA,Very liberal,1,4,Treatment D,0,1,Mismatch,0,100,0,100,NA,NA,NA,NA,NA,NA,0,0,0,0,0,0,NA,NA,NA,NA,NA,NA,0,0,0,0,64,30,4.25,strong,2,1,1,0,0,1,1,1,1,0,0,100,100,0,0,0,0,0,0,0,0,3.6666666666666665,0,15.666666666666666,15.666666666666666,NA,0,0,0,47,0,0,0,0,0,0,0,0,0,0,64,30
NA,NA,0,NA,100,683,1,NA,NA,NA,NA,NA,NA,45.461,-122.7052,NA,NA,1,1,2,1,NA,6,2,3,1,3,0,3,3,3,NA,NA,NA,NA,NA,NA,NA,33,62,2,NA,NA,NA,NA,NA,1,NA,NA,NA,NA,NA,NA,NA,NA,2,NA,NA,3,2,2,37,60,34,39,35,41,21,24,17,26,5,11,4,9,NA,NA,NA,NA,NA,NA,NA,NA,NA,NA,NA,NA,NA,NA,NA,1,NA,NA,NA,treatment,Republican,NA,NA,NA,NA,NA,NA,NA,NA,693,NA,6637,NA,NA,NA,NA,NA,NA,NA,NA,NA,NA,56,NA,NA,NA,NA,NA,NA,NA,NA,NA,6,Weak R,2,Republican,1,Non-MAGA,Somewhat conservative,1,3,Treatment R,1,2,Match,62,33,60,37,34,35,21,17,5,4,NA,NA,NA,NA,NA,NA,39,41,24,26,11,9,NA,NA,NA,NA,NA,NA,2.25,medium,1,3,0,0,0,0,0,1,0,0,0,62,60,33,37,-2,4,-6,-2,4,-6,2.3333333333333335,19.333333333333332,25,NA,25,26.75,4.5,32.5,10,34,35,21,17,5,4,39,41,24,26,11,9
NA,NA,0,NA,100,382,1,NA,NA,NA,NA,NA,NA,34.919,-92.1419,NA,NA,1,1,1,1,NA,2,NA,NA,NA,NA,0,NA,NA,NA,1,1,2,2,3,3,4,30,12,2,NA,NA,NA,NA,NA,NA,NA,NA,1,NA,NA,NA,NA,NA,NA,NA,NA,NA,NA,NA,30,13,NA,NA,NA,NA,NA,NA,NA,NA,NA,NA,NA,NA,4,3,2,26,23,20,31,12,12,2,4,2,3,6,3,0,NA,NA,NA,control,Democrat,NA,NA,NA,NA,NA,NA,NA,NA,398,NA,3215,NA,NA,NA,NA,NA,NA,NA,NA,NA,NA,56,NA,NA,NA,NA,NA,NA,NA,NA,NA,2,Weak D,1,Democrat,0,Non-MAGA,Somewhat liberal,0,2,Control D,0,0,Control,12,30,13,30,NA,NA,NA,NA,NA,NA,26,20,12,2,2,6,NA,NA,NA,NA,NA,NA,23,31,12,4,3,3,1.5,weak,1,3.3333333333333335,0,0,0,0,0,0,0,0,1,30,30,12,13,1,0,1,0,1,-1,3,11.333333333333334,12.666666666666666,12.666666666666666,NA,15,4,17.5,3,26,20,12,2,2,6,23,31,12,4,3,3
NA,NA,0,NA,100,187,1,NA,NA,NA,NA,NA,NA,40.7365,-74.0055,NA,NA,1,1,2,2,NA,2,4,4,3,4,1,3,2,2,NA,NA,NA,NA,NA,NA,NA,25,79,2,NA,1,NA,1,NA,1,NA,NA,NA,NA,4,NA,2,NA,4,NA,NA,2,4,4,32,79,66,67,72,40,NA,75,84,36,63,39,72,36,NA,NA,NA,NA,NA,NA,NA,NA,NA,NA,NA,NA,NA,NA,NA,2,NA,NA,NA,control,Republican,NA,NA,NA,NA,NA,NA,NA,NA,204,NA,579,NA,NA,NA,NA,NA,NA,NA,NA,NA,NA,39,NA,NA,NA,NA,NA,NA,NA,NA,NA,7,Strong R,2,Republican,1,MAGA,Somewhat liberal,0,1,Control R,0,0,Control,79,25,79,32,66,72,NA,84,63,72,NA,NA,NA,NA,NA,NA,67,40,75,36,39,36,NA,NA,NA,NA,NA,NA,3.75,strong,2,2.3333333333333335,0,1,0,1,0,1,0,0,0,79,79,25,32,0,7,-7,0,7,-7,3.3333333333333335,NA,48.833333333333336,NA,48.833333333333336,NA,67.5,54.5,37.5,66,72,NA,84,63,72,67,40,75,36,39,36
NA,NA,0,NA,100,403,1,NA,NA,NA,NA,NA,NA,38.4319,-120.5719,NA,NA,1,1,1,2,NA,1,NA,NA,NA,NA,0,NA,NA,NA,4,3,3,4,3,4,2,85,30,2,NA,NA,NA,NA,NA,1,NA,NA,NA,NA,NA,NA,NA,NA,3,NA,NA,NA,NA,NA,80,35,NA,NA,NA,NA,NA,NA,NA,NA,NA,NA,NA,NA,5,2,1,75,30,0,15,0,3,0,15,0,0,0,20,0,NA,NA,NA,control,Democrat,NA,NA,NA,NA,NA,NA,NA,NA,413,NA,4493,NA,NA,NA,NA,NA,NA,NA,NA,NA,NA,49,NA,NA,NA,NA,NA,NA,NA,NA,NA,1,Strong D,1,Democrat,0,Non-MAGA,Very liberal,0,2,Control D,0,0,Control,30,85,35,80,NA,NA,NA,NA,NA,NA,75,0,0,0,0,0,NA,NA,NA,NA,NA,NA,30,15,3,15,0,20,3.5,strong,2,3,0,0,0,0,0,1,0,0,0,85,80,30,35,5,-5,10,-5,5,-10,2.6666666666666665,12.5,13.833333333333334,13.833333333333334,NA,18.75,0,15.75,10,75,0,0,0,0,0,30,15,3,15,0,20
NA,NA,0,NA,100,443,1,NA,NA,NA,NA,NA,NA,28.5746,-81.1238,NA,NA,1,1,3,NA,3,5,2,2,2,3,0,4,4,4,NA,NA,NA,NA,NA,NA,NA,45,60,2,1,NA,NA,1,NA,NA,NA,NA,NA,3,NA,NA,2,NA,NA,NA,NA,2,1,1,45,60,30,65,10,40,40,70,0,30,0,20,0,15,NA,NA,NA,NA,NA,NA,NA,NA,NA,NA,NA,NA,NA,NA,NA,1,NA,NA,NA,treatment,Republican,NA,NA,NA,NA,NA,NA,NA,NA,463,NA,1243,NA,NA,NA,NA,NA,NA,NA,NA,NA,NA,26,NA,NA,NA,NA,NA,NA,NA,NA,NA,5,Lean R,0,Independent,1,Non-MAGA,Slightly conservative,1,3,Treatment R,1,2,Match,60,45,60,45,30,10,40,0,0,0,NA,NA,NA,NA,NA,NA,65,40,70,30,20,15,NA,NA,NA,NA,NA,NA,2.25,medium,1,4,1,0,0,1,0,0,0,0,0,60,60,45,45,0,0,0,0,0,0,1.3333333333333333,13.333333333333334,40,NA,40,20,0,51.25,17.5,30,10,40,0,0,0,65,40,70,30,20,15
NA,NA,0,NA,100,257,1,NA,NA,NA,NA,NA,NA,34.1057,-118.3286,NA,NA,0.899999976158142,1,1,1,NA,1,NA,NA,NA,NA,0,NA,NA,NA,1,2,2,2,2,2,2,30,0,2,1,NA,NA,1,NA,1,NA,NA,NA,4,NA,NA,5,NA,3,NA,NA,NA,NA,NA,31,0,NA,NA,NA,NA,NA,NA,NA,NA,NA,NA,NA,NA,5,4,1,100,80,100,100,40,60,25,55,40,60,20,55,0,NA,NA,NA,treatment,Democrat,NA,NA,NA,NA,NA,NA,NA,NA,273,NA,47,NA,NA,NA,NA,NA,NA,NA,NA,NA,NA,27,NA,NA,NA,NA,NA,NA,NA,NA,NA,2,Weak D,1,Democrat,0,Non-MAGA,Very liberal,1,4,Treatment D,0,1,Mismatch,0,30,0,31,NA,NA,NA,NA,NA,NA,100,100,40,25,40,20,NA,NA,NA,NA,NA,NA,80,100,60,55,60,55,1.75,medium,1,2,1,0,0,1,0,1,0,0,0,30,31,0,0,0,1,-1,1,0,1,3.3333333333333335,54.166666666666664,68.33333333333333,68.33333333333333,NA,66.25,30,73.75,57.5,100,100,40,25,40,20,80,100,60,55,60,55
NA,NA,0,NA,100,402,1,NA,NA,NA,NA,NA,NA,33.9371,-84.0785,NA,NA,0.300000011920929,1,2,1,NA,5,3,3,4,3,0,2,2,3,NA,NA,NA,NA,NA,NA,NA,29,64,2,NA,NA,NA,NA,NA,NA,NA,1,NA,NA,NA,NA,NA,NA,NA,NA,3,4,4,4,34,77,62,58,61,57,58,55,43,43,65,55,41,39,NA,NA,NA,NA,NA,NA,NA,NA,NA,NA,NA,NA,NA,NA,NA,1,NA,NA,NA,treatment,Republican,NA,NA,NA,NA,NA,NA,NA,NA,408,NA,4446,NA,NA,NA,NA,NA,NA,NA,NA,NA,NA,34,NA,NA,NA,NA,NA,NA,NA,NA,NA,6,Weak R,2,Republican,1,Non-MAGA,Slightly conservative,1,3,Treatment R,1,2,Match,64,29,77,34,62,61,58,43,65,41,NA,NA,NA,NA,NA,NA,58,57,55,43,55,39,NA,NA,NA,NA,NA,NA,3.25,strong,2,2.3333333333333335,0,0,0,0,0,0,0,1,0,64,77,29,34,13,5,8,13,5,8,4,55,51.166666666666664,NA,51.166666666666664,56,53,53.25,47,62,61,58,43,65,41,58,57,55,43,55,39
NA,NA,0,NA,100,1524,1,NA,NA,NA,NA,NA,NA,40.0345,-75.1193,NA,NA,1,1,1,2,NA,2,NA,NA,NA,NA,0,NA,NA,NA,3,3,3,3,3,3,4,85,75,2,NA,NA,NA,NA,NA,NA,NA,NA,1,NA,NA,NA,NA,NA,NA,NA,NA,NA,NA,NA,85,75,NA,NA,NA,NA,NA,NA,NA,NA,NA,NA,NA,NA,3,3,2,10,10,10,10,1,1,1,1,0,0,0,0,0,NA,NA,NA,control,Democrat,NA,NA,NA,NA,NA,NA,NA,NA,1544,NA,8781,NA,NA,NA,NA,NA,NA,NA,NA,NA,NA,60,NA,NA,NA,NA,NA,NA,NA,NA,NA,1,Strong D,1,Democrat,0,Non-MAGA,Somewhat liberal,0,2,Control D,0,0,Control,75,85,75,85,NA,NA,NA,NA,NA,NA,10,10,1,1,0,0,NA,NA,NA,NA,NA,NA,10,10,1,1,0,0,3,strong,2,3.3333333333333335,0,0,0,0,0,0,0,0,1,85,85,75,75,0,0,0,0,0,0,2.6666666666666665,3.6666666666666665,3.6666666666666665,3.6666666666666665,NA,5.5,0,5.5,0,10,10,1,1,0,0,10,10,1,1,0,0
NA,NA,0,NA,100,298,1,NA,NA,NA,NA,NA,NA,30.011,-81.4108,NA,NA,1,1,1,2,NA,3,NA,NA,NA,NA,0,NA,NA,NA,4,3,2,4,3,2,3,69,0,2,NA,NA,NA,NA,NA,NA,NA,NA,1,NA,NA,NA,NA,NA,NA,NA,NA,NA,NA,NA,69,0,NA,NA,NA,NA,NA,NA,NA,NA,NA,NA,NA,NA,5,4,4,96,31,31,69,50,69,49,69,69,96,31,69,0,NA,NA,NA,control,Democrat,NA,NA,NA,NA,NA,NA,NA,NA,309,NA,6900,NA,NA,NA,NA,NA,NA,NA,NA,NA,NA,46,NA,NA,NA,NA,NA,NA,NA,NA,NA,1,Strong D,1,Democrat,0,Non-MAGA,Slightly liberal,0,2,Control D,0,0,Control,0,69,0,69,NA,NA,NA,NA,NA,NA,96,31,50,49,69,31,NA,NA,NA,NA,NA,NA,31,69,69,69,96,69,3.25,strong,2,2.6666666666666665,0,0,0,0,0,0,0,0,1,69,69,0,0,0,0,0,0,0,0,4.333333333333333,54.333333333333336,67.16666666666667,67.16666666666667,NA,56.5,50,59.5,82.5,96,31,50,49,69,31,31,69,69,69,96,69
NA,NA,0,NA,100,683,1,NA,NA,NA,NA,NA,NA,39.9769,-74.1601,NA,NA,1,1,1,2,NA,1,NA,NA,NA,NA,0,NA,NA,NA,5,5,1,5,1,3,1,80,5,2,NA,NA,NA,NA,NA,NA,NA,1,NA,NA,NA,NA,NA,NA,NA,NA,4,NA,NA,NA,82,4,NA,NA,NA,NA,NA,NA,NA,NA,NA,NA,NA,NA,5,2,1,89,89,40,68,0,8,0,9,0,10,0,10,0,NA,NA,NA,control,Democrat,NA,NA,NA,NA,NA,NA,NA,NA,696,NA,8021,NA,NA,NA,NA,NA,NA,NA,NA,NA,NA,56,NA,NA,NA,NA,NA,NA,NA,NA,NA,1,Strong D,1,Democrat,0,Non-MAGA,Very liberal,0,2,Control D,0,0,Control,5,80,4,82,NA,NA,NA,NA,NA,NA,89,40,0,0,0,0,NA,NA,NA,NA,NA,NA,89,68,8,9,10,10,4,strong,2,1.6666666666666667,0,0,0,0,0,0,0,1,0,80,82,5,4,-1,2,-3,2,-1,3,2.6666666666666665,21.5,32.333333333333336,32.333333333333336,NA,32.25,0,43.5,10,89,40,0,0,0,0,89,68,8,9,10,10
NA,NA,0,NA,100,435,1,NA,NA,NA,NA,NA,NA,48.799,-122.4499,NA,NA,1,1,1,2,NA,1,NA,NA,NA,NA,0,NA,NA,NA,4,3,2,4,2,2,2,80,10,2,1,NA,NA,1,NA,1,1,NA,NA,3,NA,NA,5,NA,3,2,NA,NA,NA,NA,80,10,NA,NA,NA,NA,NA,NA,NA,NA,NA,NA,NA,NA,5,1,1,25,25,0,90,0,75,0,75,10,60,0,75,0,NA,NA,NA,treatment,Democrat,NA,NA,NA,NA,NA,NA,NA,NA,444,NA,774,NA,NA,NA,NA,NA,NA,NA,NA,NA,NA,44,NA,NA,NA,NA,NA,NA,NA,NA,NA,1,Strong D,1,Democrat,0,Non-MAGA,Very liberal,1,4,Treatment D,0,1,Mismatch,10,80,10,80,NA,NA,NA,NA,NA,NA,25,0,0,0,10,0,NA,NA,NA,NA,NA,NA,25,90,75,75,60,75,3.25,strong,2,2,1,0,0,1,0,1,1,0,0,80,80,10,10,0,0,0,0,0,0,2.3333333333333335,5.833333333333333,66.66666666666667,66.66666666666667,NA,6.25,5,66.25,67.5,25,0,0,0,10,0,25,90,75,75,60,75
NA,NA,0,NA,100,681,1,NA,NA,NA,NA,NA,NA,44.1225,-103.0592,NA,NA,1,1,2,2,NA,6,5,5,4,5,1,3,4,3,NA,NA,NA,NA,NA,NA,NA,30,90,2,NA,1,NA,1,NA,NA,1,NA,NA,NA,3,NA,4,NA,NA,3,NA,5,5,4,10,90,0,10,0,10,0,35,0,0,0,0,0,0,NA,NA,NA,NA,NA,NA,NA,NA,NA,NA,NA,NA,NA,NA,NA,2,NA,NA,NA,treatment,Republican,NA,NA,NA,NA,NA,NA,NA,NA,693,NA,65,NA,NA,NA,NA,NA,NA,NA,NA,NA,NA,72,NA,NA,NA,NA,NA,NA,NA,NA,NA,7,Strong R,2,Republican,1,MAGA,Somewhat conservative,1,3,Treatment R,1,2,Match,90,30,90,10,0,0,0,0,0,0,NA,NA,NA,NA,NA,NA,10,10,35,0,0,0,NA,NA,NA,NA,NA,NA,4.75,strong,2,3.3333333333333335,0,1,0,1,0,0,1,0,0,90,90,30,10,0,-20,20,0,-20,20,4.666666666666667,0,9.166666666666666,NA,9.166666666666666,0,0,13.75,0,0,0,0,0,0,0,10,10,35,0,0,0
NA,NA,0,NA,100,405,1,NA,NA,NA,NA,NA,NA,39.7296,-75.468,NA,NA,1,1,2,1,NA,5,2,3,3,3,0,4,4,4,NA,NA,NA,NA,NA,NA,NA,53,65,2,1,1,NA,NA,1,NA,NA,NA,NA,5,5,NA,NA,5,NA,NA,NA,1,1,1,54,62,50,75,0,16,0,4,0,0,0,3,0,3,NA,NA,NA,NA,NA,NA,NA,NA,NA,NA,NA,NA,NA,NA,NA,1,NA,NA,NA,treatment,Republican,NA,NA,NA,NA,NA,NA,NA,NA,426,NA,11510,NA,NA,NA,NA,NA,NA,NA,NA,NA,NA,50,NA,NA,NA,NA,NA,NA,NA,NA,NA,6,Weak R,2,Republican,1,Non-MAGA,Slightly conservative,1,3,Treatment R,1,2,Match,65,53,62,54,50,0,0,0,0,0,NA,NA,NA,NA,NA,NA,75,16,4,0,3,3,NA,NA,NA,NA,NA,NA,2.75,medium,1,4,1,1,0,0,1,0,0,0,0,65,62,53,54,-3,1,-4,-3,1,-4,1,8.333333333333334,16.833333333333332,NA,16.833333333333332,12.5,0,23.75,3,50,0,0,0,0,0,75,16,4,0,3,3
NA,NA,0,NA,100,282,1,NA,NA,NA,NA,NA,NA,39.5593,-77.8908,NA,NA,0.5,1,2,1,NA,5,3,3,2,2,0,4,4,4,NA,NA,NA,NA,NA,NA,NA,70,70,2,NA,NA,NA,NA,NA,1,NA,NA,NA,NA,NA,NA,NA,NA,3,NA,NA,2,1,1,70,70,30,55,0,35,0,20,0,10,0,15,0,10,NA,NA,NA,NA,NA,NA,NA,NA,NA,NA,NA,NA,NA,NA,NA,1,NA,NA,NA,control,Republican,NA,NA,NA,NA,NA,NA,NA,NA,290,NA,63,NA,NA,NA,NA,NA,NA,NA,NA,NA,NA,45,NA,NA,NA,NA,NA,NA,NA,NA,NA,6,Weak R,2,Republican,1,Non-MAGA,Slightly conservative,0,1,Control R,0,0,Control,70,70,70,70,30,0,0,0,0,0,NA,NA,NA,NA,NA,NA,55,35,20,10,15,10,NA,NA,NA,NA,NA,NA,2.5,medium,1,4,0,0,0,0,0,1,0,0,0,70,70,70,70,0,0,0,0,0,0,1.3333333333333333,5,24.166666666666668,NA,24.166666666666668,7.5,0,30,12.5,30,0,0,0,0,0,55,35,20,10,15,10
NA,NA,0,NA,100,624,1,NA,NA,NA,NA,NA,NA,44.9548,-93.1551,NA,NA,1,1,3,NA,1,5,NA,NA,NA,NA,0,NA,NA,NA,1,2,1,3,4,4,4,50,50,2,NA,NA,NA,NA,NA,NA,NA,NA,1,NA,NA,NA,NA,NA,NA,NA,NA,NA,NA,NA,50,50,NA,NA,NA,NA,NA,NA,NA,NA,NA,NA,NA,NA,5,5,5,0,0,0,39,0,5,0,5,0,0,0,49,0,NA,NA,NA,treatment,Democrat,NA,NA,NA,NA,NA,NA,NA,NA,691,NA,12857,NA,NA,NA,NA,NA,NA,NA,NA,NA,NA,62,NA,NA,NA,NA,NA,NA,NA,NA,NA,3,Lean D,0,Independent,0,Non-MAGA,Slightly conservative,1,4,Treatment D,0,1,Mismatch,50,50,50,50,NA,NA,NA,NA,NA,NA,0,0,0,0,0,0,NA,NA,NA,NA,NA,NA,0,39,5,5,0,49,1.75,medium,1,4,0,0,0,0,0,0,0,0,1,50,50,50,50,0,0,0,0,0,0,15,0,16.333333333333332,16.333333333333332,NA,0,0,12.25,24.5,0,0,0,0,0,0,0,39,5,5,0,49
NA,NA,0,NA,100,516,1,NA,NA,NA,NA,NA,NA,32.9958,-96.7882,NA,NA,1,1,1,2,NA,2,NA,NA,NA,NA,0,NA,NA,NA,4,5,3,5,2,3,1,90,5,2,1,NA,NA,1,NA,1,NA,NA,NA,4,NA,NA,5,NA,3,NA,NA,NA,NA,NA,90,0,NA,NA,NA,NA,NA,NA,NA,NA,NA,NA,NA,NA,5,4,3,0,30,0,25,0,5,0,10,0,40,0,35,0,NA,NA,NA,treatment,Democrat,NA,NA,NA,NA,NA,NA,NA,NA,523,NA,14732,NA,NA,NA,NA,NA,NA,NA,NA,NA,NA,48,NA,NA,NA,NA,NA,NA,NA,NA,NA,1,Strong D,1,Democrat,0,Non-MAGA,Somewhat liberal,1,4,Treatment D,0,1,Mismatch,5,90,0,90,NA,NA,NA,NA,NA,NA,0,0,0,0,0,0,NA,NA,NA,NA,NA,NA,30,25,5,10,40,35,4.25,strong,2,2,1,0,0,1,0,1,0,0,0,90,90,5,0,-5,0,-5,0,-5,5,4,0,24.166666666666668,24.166666666666668,NA,0,0,17.5,37.5,0,0,0,0,0,0,30,25,5,10,40,35
NA,NA,0,NA,100,192,1,NA,NA,NA,NA,NA,NA,39.361,-76.5891,NA,NA,1,1,1,2,NA,2,NA,NA,NA,NA,0,NA,NA,NA,5,4,4,4,1,2,2,83,19,2,NA,NA,NA,NA,NA,NA,NA,NA,1,NA,NA,NA,NA,NA,NA,NA,NA,NA,NA,NA,85,21,NA,NA,NA,NA,NA,NA,NA,NA,NA,NA,NA,NA,4,4,3,70,36,67,38,72,37,53,28,79,26,72,34,0,NA,NA,NA,control,Democrat,NA,NA,NA,NA,NA,NA,NA,NA,199,NA,154,NA,NA,NA,NA,NA,NA,NA,NA,NA,NA,20,NA,NA,NA,NA,NA,NA,NA,NA,NA,1,Strong D,1,Democrat,0,Non-MAGA,Somewhat liberal,0,2,Control D,0,0,Control,19,83,21,85,NA,NA,NA,NA,NA,NA,70,67,72,53,79,72,NA,NA,NA,NA,NA,NA,36,38,37,28,26,34,4.25,strong,2,1.6666666666666667,0,0,0,0,0,0,0,0,1,83,85,19,21,2,2,0,2,2,0,3.6666666666666665,68.83333333333333,33.166666666666664,33.166666666666664,NA,65.5,75.5,34.75,30,70,67,72,53,79,72,36,38,37,28,26,34
NA,NA,0,NA,100,300,1,NA,NA,NA,NA,NA,NA,41.7387,-92.7332,NA,NA,1,1,1,2,NA,1,NA,NA,NA,NA,0,NA,NA,NA,4,4,1,4,4,4,3,84,12,2,NA,NA,NA,NA,NA,NA,NA,NA,1,NA,NA,NA,NA,NA,NA,NA,NA,NA,NA,NA,87,12,NA,NA,NA,NA,NA,NA,NA,NA,NA,NA,NA,NA,5,3,1,50,70,0,19,0,0,0,0,0,20,0,5,0,NA,NA,NA,control,Democrat,NA,NA,NA,NA,NA,NA,NA,NA,326,NA,8601,NA,NA,NA,NA,NA,NA,NA,NA,NA,NA,58,NA,NA,NA,NA,NA,NA,NA,NA,NA,1,Strong D,1,Democrat,0,Non-MAGA,Very liberal,0,2,Control D,0,0,Control,12,84,12,87,NA,NA,NA,NA,NA,NA,50,0,0,0,0,0,NA,NA,NA,NA,NA,NA,70,19,0,0,20,5,3.25,strong,2,3.6666666666666665,0,0,0,0,0,0,0,0,1,84,87,12,12,0,3,-3,3,0,3,3,8.333333333333334,19,19,NA,12.5,0,22.25,12.5,50,0,0,0,0,0,70,19,0,0,20,5
NA,NA,0,NA,100,206,1,NA,NA,NA,NA,NA,NA,38.768,-121.3349,NA,NA,1,1,2,1,NA,5,3,3,3,3,0,4,4,4,NA,NA,NA,NA,NA,NA,NA,73,98,2,NA,NA,NA,NA,NA,1,NA,1,NA,NA,NA,NA,NA,NA,2,NA,3,2,1,2,88,96,39,66,59,67,74,70,76,83,75,86,11,37,NA,NA,NA,NA,NA,NA,NA,NA,NA,NA,NA,NA,NA,NA,NA,1,NA,NA,NA,control,Republican,NA,NA,NA,NA,NA,NA,NA,NA,221,NA,3967,NA,NA,NA,NA,NA,NA,NA,NA,NA,NA,40,NA,NA,NA,NA,NA,NA,NA,NA,NA,6,Weak R,2,Republican,1,Non-MAGA,Slightly conservative,0,1,Control R,0,0,Control,98,73,96,88,39,59,74,76,75,11,NA,NA,NA,NA,NA,NA,66,67,70,83,86,37,NA,NA,NA,NA,NA,NA,3,strong,2,4,0,0,0,0,0,1,0,1,0,98,96,73,88,-2,15,-17,-2,15,-17,1.6666666666666667,55.666666666666664,68.16666666666667,NA,68.16666666666667,62,43,71.5,61.5,39,59,74,76,75,11,66,67,70,83,86,37
NA,NA,0,NA,100,294,1,NA,NA,NA,NA,NA,NA,35.2369,-80.8957,NA,NA,0.400000005960464,1,3,NA,1,4,NA,NA,NA,NA,0,NA,NA,NA,3,3,1,2,4,4,3,73,49,2,NA,NA,NA,NA,NA,NA,NA,1,NA,NA,NA,NA,NA,NA,NA,NA,4,NA,NA,NA,54,42,NA,NA,NA,NA,NA,NA,NA,NA,NA,NA,NA,NA,3,3,2,33,31,27,70,0,39,0,40,0,66,4,72,0,NA,NA,NA,control,Democrat,NA,NA,NA,NA,NA,NA,NA,NA,302,NA,41,NA,NA,NA,NA,NA,NA,NA,NA,NA,NA,21,NA,NA,NA,NA,NA,NA,NA,NA,NA,3,Lean D,0,Independent,0,Non-MAGA,Moderate,0,2,Control D,0,0,Control,49,73,42,54,NA,NA,NA,NA,NA,NA,33,27,0,0,0,4,NA,NA,NA,NA,NA,NA,31,70,39,40,66,72,2.25,medium,1,3.6666666666666665,0,0,0,0,0,0,0,1,0,73,54,49,42,-7,-19,12,-19,-7,-12,8,10.666666666666666,53,53,NA,15,2,45,69,33,27,0,0,0,4,31,70,39,40,66,72
NA,NA,0,NA,100,422,1,NA,NA,NA,NA,NA,NA,34.7865,-76.8591,NA,NA,1,1,1,2,NA,2,NA,NA,NA,NA,0,NA,NA,NA,3,4,3,4,2,3,2,86,10,2,NA,NA,1,NA,NA,1,1,NA,NA,NA,NA,4,NA,NA,3,3,NA,NA,NA,NA,85,7,NA,NA,NA,NA,NA,NA,NA,NA,NA,NA,NA,NA,4,3,1,32,22,40,13,19,8,0,0,19,6,4,7,0,NA,NA,NA,control,Democrat,NA,NA,NA,NA,NA,NA,NA,NA,437,NA,16777,NA,NA,NA,NA,NA,NA,NA,NA,NA,NA,58,NA,NA,NA,NA,NA,NA,NA,NA,NA,1,Strong D,1,Democrat,0,Non-MAGA,Somewhat liberal,0,2,Control D,0,0,Control,10,86,7,85,NA,NA,NA,NA,NA,NA,32,40,19,0,19,4,NA,NA,NA,NA,NA,NA,22,13,8,0,6,7,3.5,strong,2,2.3333333333333335,0,0,1,0,0,1,1,0,0,86,85,10,7,-3,-1,-2,-1,-3,2,2.6666666666666665,19,9.333333333333334,9.333333333333334,NA,22.75,11.5,10.75,6.5,32,40,19,0,19,4,22,13,8,0,6,7
NA,NA,0,NA,100,225,1,NA,NA,NA,NA,NA,NA,42.1689,-87.8546,NA,NA,1,1,1,2,NA,2,NA,NA,NA,NA,0,NA,NA,NA,2,2,1,2,4,4,3,65,40,2,NA,NA,NA,NA,NA,1,NA,1,NA,NA,NA,NA,NA,NA,2,NA,3,NA,NA,NA,64,35,NA,NA,NA,NA,NA,NA,NA,NA,NA,NA,NA,NA,4,2,1,39,84,56,89,35,58,36,63,23,42,11,58,0,NA,NA,NA,control,Democrat,NA,NA,NA,NA,NA,NA,NA,NA,234,NA,305,NA,NA,NA,NA,NA,NA,NA,NA,NA,NA,30,NA,NA,NA,NA,NA,NA,NA,NA,NA,1,Strong D,1,Democrat,0,Non-MAGA,Somewhat liberal,0,2,Control D,0,0,Control,40,65,35,64,NA,NA,NA,NA,NA,NA,39,56,35,36,23,11,NA,NA,NA,NA,NA,NA,84,89,58,63,42,58,1.75,medium,1,3.6666666666666665,0,0,0,0,0,1,0,1,0,65,64,40,35,-5,-1,-4,-1,-5,4,2.3333333333333335,33.333333333333336,65.66666666666667,65.66666666666667,NA,41.5,17,73.5,50,39,56,35,36,23,11,84,89,58,63,42,58
NA,NA,0,NA,100,386,1,NA,NA,NA,NA,NA,NA,35.5144,-97.5865,NA,NA,1,1,2,2,NA,7,5,5,5,5,1,3,3,3,NA,NA,NA,NA,NA,NA,NA,23,81,2,NA,NA,NA,NA,NA,NA,NA,1,NA,NA,NA,NA,NA,NA,NA,NA,3,4,4,3,21,79,0,22,0,24,0,15,0,11,0,8,0,13,NA,NA,NA,NA,NA,NA,NA,NA,NA,NA,NA,NA,NA,NA,NA,2,NA,NA,NA,treatment,Republican,NA,NA,NA,NA,NA,NA,NA,NA,410,NA,4945,NA,NA,NA,NA,NA,NA,NA,NA,NA,NA,64,NA,NA,NA,NA,NA,NA,NA,NA,NA,7,Strong R,2,Republican,1,MAGA,Very conservative,1,3,Treatment R,1,2,Match,81,23,79,21,0,0,0,0,0,0,NA,NA,NA,NA,NA,NA,22,24,15,11,8,13,NA,NA,NA,NA,NA,NA,5,strong,2,3,0,0,0,0,0,0,0,1,0,81,79,23,21,-2,-2,0,-2,-2,0,3.6666666666666665,0,15.5,NA,15.5,0,0,18,10.5,0,0,0,0,0,0,22,24,15,11,8,13
NA,NA,0,NA,100,535,1,NA,NA,NA,NA,NA,NA,30.2851,-81.8217,NA,NA,1,1,3,NA,1,1,NA,NA,NA,NA,0,NA,NA,NA,1,2,2,1,3,2,3,67,31,2,1,NA,NA,1,NA,1,1,NA,NA,4,NA,NA,4,NA,4,4,NA,NA,NA,NA,69,29,NA,NA,NA,NA,NA,NA,NA,NA,NA,NA,NA,NA,4,3,1,10,30,18,35,9,32,0,10,12,29,25,61,0,NA,NA,NA,treatment,Democrat,NA,NA,NA,NA,NA,NA,NA,NA,548,NA,27,NA,NA,NA,NA,NA,NA,NA,NA,NA,NA,63,NA,NA,NA,NA,NA,NA,NA,NA,NA,3,Lean D,0,Independent,0,Non-MAGA,Very liberal,1,4,Treatment D,0,1,Mismatch,31,67,29,69,NA,NA,NA,NA,NA,NA,10,18,9,0,12,25,NA,NA,NA,NA,NA,NA,30,35,32,10,29,61,1.5,weak,1,2.6666666666666665,1,0,0,1,0,1,1,0,0,67,69,31,29,-2,2,-4,2,-2,4,8,12.333333333333334,32.833333333333336,32.833333333333336,NA,9.25,18.5,26.75,45,10,18,9,0,12,25,30,35,32,10,29,61
NA,NA,0,NA,100,325,1,NA,NA,NA,NA,NA,NA,32.7894,-83.6807,NA,NA,1,1,1,2,NA,1,NA,NA,NA,NA,0,NA,NA,NA,5,5,5,5,1,1,1,100,0,2,1,NA,NA,1,NA,NA,NA,NA,NA,5,NA,NA,5,NA,NA,NA,NA,NA,NA,NA,100,0,NA,NA,NA,NA,NA,NA,NA,NA,NA,NA,NA,NA,5,5,5,100,0,100,0,0,0,0,0,0,0,0,0,0,NA,NA,NA,treatment,Democrat,NA,NA,NA,NA,NA,NA,NA,NA,338,NA,1343,NA,NA,NA,NA,NA,NA,NA,NA,NA,NA,23,NA,NA,NA,NA,NA,NA,NA,NA,NA,1,Strong D,1,Democrat,0,Non-MAGA,Very liberal,1,4,Treatment D,0,1,Mismatch,0,100,0,100,NA,NA,NA,NA,NA,NA,100,100,0,0,0,0,NA,NA,NA,NA,NA,NA,0,0,0,0,0,0,5,strong,2,1,1,0,0,1,0,0,0,0,0,100,100,0,0,0,0,0,0,0,0,5,33.333333333333336,0,0,NA,50,0,0,0,100,100,0,0,0,0,0,0,0,0,0,0
NA,NA,0,NA,100,175,1,NA,NA,NA,NA,NA,NA,39.109,-77.2489,NA,NA,1,1,1,1,NA,3,NA,NA,NA,NA,0,NA,NA,NA,4,4,4,3,3,3,2,71,34,2,NA,NA,NA,NA,NA,NA,NA,1,NA,NA,NA,NA,NA,NA,NA,NA,3,NA,NA,NA,78,14,NA,NA,NA,NA,NA,NA,NA,NA,NA,NA,NA,NA,4,5,5,75,26,86,77,27,67,37,71,25,83,29,90,0,NA,NA,NA,control,Democrat,NA,NA,NA,NA,NA,NA,NA,NA,185,NA,133,NA,NA,NA,NA,NA,NA,NA,NA,NA,NA,23,NA,NA,NA,NA,NA,NA,NA,NA,NA,2,Weak D,1,Democrat,0,Non-MAGA,Slightly liberal,0,2,Control D,0,0,Control,34,71,14,78,NA,NA,NA,NA,NA,NA,75,86,27,37,25,29,NA,NA,NA,NA,NA,NA,26,77,67,71,83,90,3.75,strong,2,2.6666666666666665,0,0,0,0,0,0,0,1,0,71,78,34,14,-20,7,-27,7,-20,27,4.666666666666667,46.5,69,69,NA,56.25,27,60.25,86.5,75,86,27,37,25,29,26,77,67,71,83,90
NA,NA,0,NA,100,355,1,NA,NA,NA,NA,NA,NA,39.018,-77.539,NA,NA,1,1,2,2,NA,7,5,5,5,5,1,3,4,4,NA,NA,NA,NA,NA,NA,NA,70,100,2,NA,NA,NA,NA,NA,NA,NA,NA,1,NA,NA,NA,NA,NA,NA,NA,NA,3,4,2,70,100,50,51,53,50,1,27,0,19,85,32,0,30,NA,NA,NA,NA,NA,NA,NA,NA,NA,NA,NA,NA,NA,NA,NA,2,NA,NA,NA,control,Republican,NA,NA,NA,NA,NA,NA,NA,NA,374,NA,1828,NA,NA,NA,NA,NA,NA,NA,NA,NA,NA,35,NA,NA,NA,NA,NA,NA,NA,NA,NA,7,Strong R,2,Republican,1,MAGA,Very conservative,0,1,Control R,0,0,Control,100,70,100,70,50,53,1,0,85,0,NA,NA,NA,NA,NA,NA,51,50,27,19,32,30,NA,NA,NA,NA,NA,NA,5,strong,2,3.6666666666666665,0,0,0,0,0,0,0,0,1,100,100,70,70,0,0,0,0,0,0,3,31.5,34.833333333333336,NA,34.833333333333336,26,42.5,36.75,31,50,53,1,0,85,0,51,50,27,19,32,30
NA,NA,0,NA,100,1092,1,NA,NA,NA,NA,NA,NA,38.9129,-104.7794,NA,NA,1,1,1,2,NA,1,NA,NA,NA,NA,0,NA,NA,NA,5,5,3,5,3,3,2,100,10,2,NA,NA,NA,NA,1,1,1,NA,NA,NA,NA,NA,NA,5,5,5,NA,NA,NA,NA,100,10,NA,NA,NA,NA,NA,NA,NA,NA,NA,NA,NA,NA,4,4,3,100,100,0,100,0,100,0,100,0,100,0,100,0,NA,NA,NA,control,Democrat,NA,NA,NA,NA,NA,NA,NA,NA,1121,NA,493,NA,NA,NA,NA,NA,NA,NA,NA,NA,NA,64,NA,NA,NA,NA,NA,NA,NA,NA,NA,1,Strong D,1,Democrat,0,Non-MAGA,Very liberal,0,2,Control D,0,0,Control,10,100,10,100,NA,NA,NA,NA,NA,NA,100,0,0,0,0,0,NA,NA,NA,NA,NA,NA,100,100,100,100,100,100,4.5,strong,2,2.6666666666666665,0,0,0,0,1,1,1,0,0,100,100,10,10,0,0,0,0,0,0,3.6666666666666665,16.666666666666668,100,100,NA,25,0,100,100,100,0,0,0,0,0,100,100,100,100,100,100
NA,NA,0,NA,100,618,1,NA,NA,NA,NA,NA,NA,39.9612,-75.2303,NA,NA,0.899999976158142,1,3,NA,3,5,1,2,4,2,0,1,1,3,NA,NA,NA,NA,NA,NA,NA,6,61,2,NA,NA,NA,NA,NA,NA,NA,NA,1,NA,NA,NA,NA,NA,NA,NA,NA,5,5,5,0,40,49,61,20,16,99,7,71,20,49,66,0,44,NA,NA,NA,NA,NA,NA,NA,NA,NA,NA,NA,NA,NA,NA,NA,1,NA,NA,NA,control,Republican,NA,NA,NA,NA,NA,NA,NA,NA,626,NA,11389,NA,NA,NA,NA,NA,NA,NA,NA,NA,NA,63,NA,NA,NA,NA,NA,NA,NA,NA,NA,5,Lean R,0,Independent,1,Non-MAGA,Slightly conservative,0,1,Control R,0,0,Control,61,6,40,0,49,20,99,71,49,0,NA,NA,NA,NA,NA,NA,61,16,7,20,66,44,NA,NA,NA,NA,NA,NA,2.25,medium,1,1.6666666666666667,0,0,0,0,0,0,0,0,1,61,40,6,0,-21,-6,-15,-21,-6,-15,5,48,35.666666666666664,NA,35.666666666666664,59.75,24.5,26,55,49,20,99,71,49,0,61,16,7,20,66,44
NA,NA,0,NA,100,680,1,NA,NA,NA,NA,NA,NA,41.6156,-87.5295,NA,NA,1,1,1,1,NA,4,NA,NA,NA,NA,0,NA,NA,NA,3,2,2,2,1,1,1,65,1,2,1,NA,NA,1,NA,1,NA,NA,NA,5,NA,NA,5,NA,5,NA,NA,NA,NA,NA,65,0,NA,NA,NA,NA,NA,NA,NA,NA,NA,NA,NA,NA,5,5,5,50,96,0,92,0,72,0,91,0,35,0,37,0,NA,NA,NA,treatment,Democrat,NA,NA,NA,NA,NA,NA,NA,NA,691,NA,776,NA,NA,NA,NA,NA,NA,NA,NA,NA,NA,45,NA,NA,NA,NA,NA,NA,NA,NA,NA,2,Weak D,1,Democrat,0,Non-MAGA,Moderate,1,4,Treatment D,0,1,Mismatch,1,65,0,65,NA,NA,NA,NA,NA,NA,50,0,0,0,0,0,NA,NA,NA,NA,NA,NA,96,92,72,91,35,37,2.25,medium,1,1,1,0,0,1,0,1,0,0,0,65,65,1,0,-1,0,-1,0,-1,1,5,8.333333333333334,70.5,70.5,NA,12.5,0,87.75,36,50,0,0,0,0,0,96,92,72,91,35,37
NA,NA,0,NA,100,619,1,NA,NA,NA,NA,NA,NA,40.6568,-75.3912,NA,NA,1,1,1,1,NA,3,NA,NA,NA,NA,0,NA,NA,NA,3,3,2,3,4,4,2,63,12,2,1,1,NA,1,NA,NA,NA,NA,NA,4,3,NA,4,NA,NA,NA,NA,NA,NA,NA,62,11,NA,NA,NA,NA,NA,NA,NA,NA,NA,NA,NA,NA,5,5,5,33,72,40,59,23,36,18,34,29,43,29,64,0,NA,NA,NA,treatment,Democrat,NA,NA,NA,NA,NA,NA,NA,NA,629,NA,156,NA,NA,NA,NA,NA,NA,NA,NA,NA,NA,49,NA,NA,NA,NA,NA,NA,NA,NA,NA,2,Weak D,1,Democrat,0,Non-MAGA,Slightly liberal,1,4,Treatment D,0,1,Mismatch,12,63,11,62,NA,NA,NA,NA,NA,NA,33,40,23,18,29,29,NA,NA,NA,NA,NA,NA,72,59,36,34,43,64,2.75,medium,1,3.3333333333333335,1,1,0,1,0,0,0,0,0,63,62,12,11,-1,-1,0,-1,-1,0,5,28.666666666666668,51.333333333333336,51.333333333333336,NA,28.5,29,50.25,53.5,33,40,23,18,29,29,72,59,36,34,43,64
NA,NA,0,NA,100,235,1,NA,NA,NA,NA,NA,NA,41.804,-87.707,NA,NA,0.899999976158142,1,2,2,NA,6,3,4,4,4,1,4,4,3,NA,NA,NA,NA,NA,NA,NA,50,60,2,NA,NA,NA,NA,NA,NA,NA,NA,1,NA,NA,NA,NA,NA,NA,NA,NA,4,2,1,50,60,0,0,0,0,0,0,0,0,0,0,0,0,NA,NA,NA,NA,NA,NA,NA,NA,NA,NA,NA,NA,NA,NA,NA,2,NA,NA,NA,control,Republican,NA,NA,NA,NA,NA,NA,NA,NA,247,NA,19,NA,NA,NA,NA,NA,NA,NA,NA,NA,NA,67,NA,NA,NA,NA,NA,NA,NA,NA,NA,7,Strong R,2,Republican,1,MAGA,Somewhat conservative,0,1,Control R,0,0,Control,60,50,60,50,0,0,0,0,0,0,NA,NA,NA,NA,NA,NA,0,0,0,0,0,0,NA,NA,NA,NA,NA,NA,3.75,strong,2,3.6666666666666665,0,0,0,0,0,0,0,0,1,60,60,50,50,0,0,0,0,0,0,2.3333333333333335,0,0,NA,0,0,0,0,0,0,0,0,0,0,0,0,0,0,0,0,0
NA,NA,0,NA,100,316,1,NA,NA,NA,NA,NA,NA,47.6276,-122.6431,NA,NA,1,1,1,2,NA,2,NA,NA,NA,NA,0,NA,NA,NA,3,3,2,4,3,4,3,70,27,2,1,NA,NA,1,NA,1,NA,NA,NA,3,NA,NA,4,NA,2,NA,NA,NA,NA,NA,70,27,NA,NA,NA,NA,NA,NA,NA,NA,NA,NA,NA,NA,4,2,2,61,46,40,32,23,14,10,10,30,75,40,75,0,NA,NA,NA,control,Democrat,NA,NA,NA,NA,NA,NA,NA,NA,324,NA,3439,NA,NA,NA,NA,NA,NA,NA,NA,NA,NA,53,NA,NA,NA,NA,NA,NA,NA,NA,NA,1,Strong D,1,Democrat,0,Non-MAGA,Somewhat liberal,0,2,Control D,0,0,Control,27,70,27,70,NA,NA,NA,NA,NA,NA,61,40,23,10,30,40,NA,NA,NA,NA,NA,NA,46,32,14,10,75,75,3,strong,2,3.3333333333333335,1,0,0,1,0,1,0,0,0,70,70,27,27,0,0,0,0,0,0,2.6666666666666665,34,42,42,NA,33.5,35,25.5,75,61,40,23,10,30,40,46,32,14,10,75,75
NA,NA,0,NA,100,376,1,NA,NA,NA,NA,NA,NA,33.5141,-112.1235,NA,NA,1,1,3,NA,1,3,NA,NA,NA,NA,0,NA,NA,NA,2,3,2,3,3,3,2,88,9,2,1,NA,NA,1,NA,NA,NA,NA,NA,4,NA,NA,4,NA,NA,NA,NA,NA,NA,NA,88,10,NA,NA,NA,NA,NA,NA,NA,NA,NA,NA,NA,NA,5,5,1,30,86,0,20,0,71,0,85,0,96,0,100,0,NA,NA,NA,treatment,Democrat,NA,NA,NA,NA,NA,NA,NA,NA,386,NA,1313,NA,NA,NA,NA,NA,NA,NA,NA,NA,NA,55,NA,NA,NA,NA,NA,NA,NA,NA,NA,3,Lean D,0,Independent,0,Non-MAGA,Slightly liberal,1,4,Treatment D,0,1,Mismatch,9,88,10,88,NA,NA,NA,NA,NA,NA,30,0,0,0,0,0,NA,NA,NA,NA,NA,NA,86,20,71,85,96,100,2.5,medium,1,2.6666666666666665,1,0,0,1,0,0,0,0,0,88,88,9,10,1,0,1,0,1,-1,11,5,76.33333333333333,76.33333333333333,NA,7.5,0,65.5,98,30,0,0,0,0,0,86,20,71,85,96,100
NA,NA,0,NA,100,709,1,NA,NA,NA,NA,NA,NA,37.751,-97.822,NA,NA,1,1,2,1,NA,6,3,3,4,3,0,3,3,3,NA,NA,NA,NA,NA,NA,NA,39,81,2,NA,NA,NA,NA,NA,NA,NA,1,NA,NA,NA,NA,NA,NA,NA,NA,4,4,4,4,27,89,70,73,20,20,23,26,63,62,74,78,26,30,NA,NA,NA,NA,NA,NA,NA,NA,NA,NA,NA,NA,NA,NA,NA,1,NA,NA,NA,control,Republican,NA,NA,NA,NA,NA,NA,NA,NA,736,NA,494,NA,NA,NA,NA,NA,NA,NA,NA,NA,NA,66,NA,NA,NA,NA,NA,NA,NA,NA,NA,6,Weak R,2,Republican,1,Non-MAGA,Somewhat conservative,0,1,Control R,0,0,Control,81,39,89,27,70,20,23,63,74,26,NA,NA,NA,NA,NA,NA,73,20,26,62,78,30,NA,NA,NA,NA,NA,NA,3.25,strong,2,3,0,0,0,0,0,0,0,1,0,81,89,39,27,8,-12,20,8,-12,20,4,46,48.166666666666664,NA,48.166666666666664,44,50,45.25,54,70,20,23,63,74,26,73,20,26,62,78,30
NA,NA,0,NA,100,383,1,NA,NA,NA,NA,NA,NA,36.3985,-78.1553,NA,NA,1,1,3,NA,3,5,3,2,3,3,0,2,4,2,NA,NA,NA,NA,NA,NA,NA,15,35,2,NA,NA,NA,NA,1,1,1,NA,NA,NA,NA,NA,NA,3,5,2,NA,4,2,1,20,40,35,67,15,35,0,25,0,0,0,30,0,40,NA,NA,NA,NA,NA,NA,NA,NA,NA,NA,NA,NA,NA,NA,NA,1,NA,NA,NA,control,Republican,NA,NA,NA,NA,NA,NA,NA,NA,390,NA,878,NA,NA,NA,NA,NA,NA,NA,NA,NA,NA,38,NA,NA,NA,NA,NA,NA,NA,NA,NA,5,Lean R,0,Independent,1,Non-MAGA,Slightly conservative,0,1,Control R,0,0,Control,35,15,40,20,35,15,0,0,0,0,NA,NA,NA,NA,NA,NA,67,35,25,0,30,40,NA,NA,NA,NA,NA,NA,2.75,medium,1,2.6666666666666665,0,0,0,0,1,1,1,0,0,35,40,15,20,5,5,0,5,5,0,2.3333333333333335,8.333333333333334,32.833333333333336,NA,32.833333333333336,12.5,0,31.75,35,35,15,0,0,0,0,67,35,25,0,30,40
NA,NA,0,NA,100,568,1,NA,NA,NA,NA,NA,NA,40.6862,-73.4573,NA,NA,1,1,2,2,NA,6,4,4,3,4,1,4,4,4,NA,NA,NA,NA,NA,NA,NA,50,50,2,NA,NA,NA,NA,NA,NA,NA,1,NA,NA,NA,NA,NA,NA,NA,NA,3,3,1,1,50,50,50,70,20,30,0,10,0,10,0,10,0,10,NA,NA,NA,NA,NA,NA,NA,NA,NA,NA,NA,NA,NA,NA,NA,2,NA,NA,NA,control,Republican,NA,NA,NA,NA,NA,NA,NA,NA,588,NA,409,NA,NA,NA,NA,NA,NA,NA,NA,NA,NA,51,NA,NA,NA,NA,NA,NA,NA,NA,NA,7,Strong R,2,Republican,1,MAGA,Somewhat conservative,0,1,Control R,0,0,Control,50,50,50,50,50,20,0,0,0,0,NA,NA,NA,NA,NA,NA,70,30,10,10,10,10,NA,NA,NA,NA,NA,NA,3.75,strong,2,4,0,0,0,0,0,0,0,1,0,50,50,50,50,0,0,0,0,0,0,1.6666666666666667,11.666666666666666,23.333333333333332,NA,23.333333333333332,17.5,0,30,10,50,20,0,0,0,0,70,30,10,10,10,10
NA,NA,0,NA,100,113,1,NA,NA,NA,NA,NA,NA,37.4001,-121.8531,NA,NA,1,1,1,1,NA,3,NA,NA,NA,NA,0,NA,NA,NA,3,4,3,3,2,2,2,38,6,2,NA,NA,NA,1,NA,1,NA,NA,NA,NA,NA,NA,3,NA,2,NA,NA,NA,NA,NA,44,26,NA,NA,NA,NA,NA,NA,NA,NA,NA,NA,NA,NA,4,4,4,62,16,28,26,20,31,31,40,24,72,38,47,0,NA,NA,NA,control,Democrat,NA,NA,NA,NA,NA,NA,NA,NA,2114,NA,3902,NA,NA,NA,NA,NA,NA,NA,NA,NA,NA,27,NA,NA,NA,NA,NA,NA,NA,NA,NA,2,Weak D,1,Democrat,0,Non-MAGA,Slightly liberal,0,2,Control D,0,0,Control,6,38,26,44,NA,NA,NA,NA,NA,NA,62,28,20,31,24,38,NA,NA,NA,NA,NA,NA,16,26,31,40,72,47,3.25,strong,2,2,0,0,0,1,0,1,0,0,0,38,44,6,26,20,6,14,6,20,-14,4,33.833333333333336,38.666666666666664,38.666666666666664,NA,35.25,31,28.25,59.5,62,28,20,31,24,38,16,26,31,40,72,47
NA,NA,0,NA,100,418,1,NA,NA,NA,NA,NA,NA,42.2598,-72.2398,NA,NA,1,1,1,1,NA,3,NA,NA,NA,NA,0,NA,NA,NA,2,2,2,2,3,3,3,74,7,2,NA,NA,NA,NA,1,1,NA,NA,NA,NA,NA,NA,NA,3,4,NA,NA,NA,NA,NA,74,5,NA,NA,NA,NA,NA,NA,NA,NA,NA,NA,NA,NA,4,3,1,53,52,0,81,0,69,3,35,71,17,7,68,0,NA,NA,NA,control,Democrat,NA,NA,NA,NA,NA,NA,NA,NA,431,NA,927,NA,NA,NA,NA,NA,NA,NA,NA,NA,NA,51,NA,NA,NA,NA,NA,NA,NA,NA,NA,2,Weak D,1,Democrat,0,Non-MAGA,Slightly liberal,0,2,Control D,0,0,Control,7,74,5,74,NA,NA,NA,NA,NA,NA,53,0,0,3,71,7,NA,NA,NA,NA,NA,NA,52,81,69,35,17,68,2,medium,1,3,0,0,0,0,1,1,0,0,0,74,74,7,5,-2,0,-2,0,-2,2,2.6666666666666665,22.333333333333332,53.666666666666664,53.666666666666664,NA,14,39,59.25,42.5,53,0,0,3,71,7,52,81,69,35,17,68
NA,NA,0,NA,100,192,1,NA,NA,NA,NA,NA,NA,34.0544,-118.244,NA,NA,1,1,2,1,NA,5,4,4,3,4,1,1,1,2,NA,NA,NA,NA,NA,NA,NA,10,85,2,NA,NA,NA,NA,NA,NA,NA,1,NA,NA,NA,NA,NA,NA,NA,NA,4,5,5,4,10,85,0,0,0,0,0,0,0,0,0,0,0,0,NA,NA,NA,NA,NA,NA,NA,NA,NA,NA,NA,NA,NA,NA,NA,2,NA,NA,NA,control,Republican,NA,NA,NA,NA,NA,NA,NA,NA,201,NA,6510,NA,NA,NA,NA,NA,NA,NA,NA,NA,NA,51,NA,NA,NA,NA,NA,NA,NA,NA,NA,6,Weak R,2,Republican,1,MAGA,Slightly conservative,0,1,Control R,0,0,Control,85,10,85,10,0,0,0,0,0,0,NA,NA,NA,NA,NA,NA,0,0,0,0,0,0,NA,NA,NA,NA,NA,NA,3.75,strong,2,1.3333333333333333,0,0,0,0,0,0,0,1,0,85,85,10,10,0,0,0,0,0,0,4.666666666666667,0,0,NA,0,0,0,0,0,0,0,0,0,0,0,0,0,0,0,0,0
NA,NA,0,NA,100,752,1,NA,NA,NA,NA,NA,NA,44.7577,-90.2968,NA,NA,1,1,1,2,NA,2,NA,NA,NA,NA,0,NA,NA,NA,4,4,4,5,2,3,2,91,8,2,1,NA,NA,1,NA,NA,1,NA,NA,4,NA,NA,5,NA,NA,3,NA,NA,NA,NA,93,7,NA,NA,NA,NA,NA,NA,NA,NA,NA,NA,NA,NA,5,4,1,84,59,28,30,1,16,7,17,2,19,2,29,0,NA,NA,NA,treatment,Democrat,NA,NA,NA,NA,NA,NA,NA,NA,777,NA,2280,NA,NA,NA,NA,NA,NA,NA,NA,NA,NA,47,NA,NA,NA,NA,NA,NA,NA,NA,NA,1,Strong D,1,Democrat,0,Non-MAGA,Somewhat liberal,1,4,Treatment D,0,1,Mismatch,8,91,7,93,NA,NA,NA,NA,NA,NA,84,28,1,7,2,2,NA,NA,NA,NA,NA,NA,59,30,16,17,19,29,4.25,strong,2,2.3333333333333335,1,0,0,1,0,0,1,0,0,91,93,8,7,-1,2,-3,2,-1,3,3.3333333333333335,20.666666666666668,28.333333333333332,28.333333333333332,NA,30,2,30.5,24,84,28,1,7,2,2,59,30,16,17,19,29
NA,NA,0,NA,100,458,1,NA,NA,NA,NA,NA,NA,42.2532,-84.3877,NA,NA,0.899999976158142,1,3,NA,3,4,1,2,1,1,0,2,3,2,NA,NA,NA,NA,NA,NA,NA,0,35,2,NA,NA,NA,1,NA,NA,NA,NA,NA,NA,NA,NA,2,NA,NA,NA,NA,5,5,1,0,35,20,25,15,15,0,0,0,0,0,0,0,0,NA,NA,NA,NA,NA,NA,NA,NA,NA,NA,NA,NA,NA,NA,NA,1,NA,NA,NA,control,Republican,NA,NA,NA,NA,NA,NA,NA,NA,466,NA,1598,NA,NA,NA,NA,NA,NA,NA,NA,NA,NA,35,NA,NA,NA,NA,NA,NA,NA,NA,NA,5,Lean R,0,Independent,1,Non-MAGA,Moderate,0,1,Control R,0,0,Control,35,0,35,0,20,15,0,0,0,0,NA,NA,NA,NA,NA,NA,25,15,0,0,0,0,NA,NA,NA,NA,NA,NA,1.25,weak,NA,2.3333333333333335,0,0,0,1,0,0,0,0,0,35,35,0,0,0,0,0,0,0,0,3.6666666666666665,5.833333333333333,6.666666666666667,NA,6.666666666666667,8.75,0,10,0,20,15,0,0,0,0,25,15,0,0,0,0
NA,NA,0,NA,100,1904,1,NA,NA,NA,NA,NA,NA,39.7312,-104.9672,NA,NA,1,1,3,NA,1,4,NA,NA,NA,NA,0,NA,NA,NA,3,3,2,2,1,2,2,83,6,2,1,1,NA,1,1,1,1,NA,NA,5,4,NA,5,5,5,4,NA,NA,NA,NA,83,1,NA,NA,NA,NA,NA,NA,NA,NA,NA,NA,NA,NA,5,5,5,92,95,8,61,0,81,1,76,0,81,0,84,0,NA,NA,NA,treatment,Democrat,NA,NA,NA,NA,NA,NA,NA,NA,1920,NA,6450,NA,NA,NA,NA,NA,NA,NA,NA,NA,NA,62,NA,NA,NA,NA,NA,NA,NA,NA,NA,3,Lean D,0,Independent,0,Non-MAGA,Moderate,1,4,Treatment D,0,1,Mismatch,6,83,1,83,NA,NA,NA,NA,NA,NA,92,8,0,1,0,0,NA,NA,NA,NA,NA,NA,95,61,81,76,81,84,2.5,medium,1,1.6666666666666667,1,1,0,1,1,1,1,0,0,83,83,6,1,-5,0,-5,0,-5,5,15,16.833333333333332,79.66666666666667,79.66666666666667,NA,25.25,0,78.25,82.5,92,8,0,1,0,0,95,61,81,76,81,84
NA,NA,0,NA,100,240,1,NA,NA,NA,NA,NA,NA,36.1172,-115.0528,NA,NA,0.699999988079071,1,3,NA,3,4,1,1,4,2,0,4,4,4,NA,NA,NA,NA,NA,NA,NA,85,92,2,NA,NA,NA,NA,NA,NA,NA,1,NA,NA,NA,NA,NA,NA,NA,NA,3,2,1,1,85,91,50,64,20,16,50,100,14,15,0,6,0,3,NA,NA,NA,NA,NA,NA,NA,NA,NA,NA,NA,NA,NA,NA,NA,1,NA,NA,NA,control,Republican,NA,NA,NA,NA,NA,NA,NA,NA,255,NA,7102,NA,NA,NA,NA,NA,NA,NA,NA,NA,NA,45,NA,NA,NA,NA,NA,NA,NA,NA,NA,5,Lean R,0,Independent,1,Non-MAGA,Moderate,0,1,Control R,0,0,Control,92,85,91,85,50,20,50,14,0,0,NA,NA,NA,NA,NA,NA,64,16,100,15,6,3,NA,NA,NA,NA,NA,NA,2,medium,1,4,0,0,0,0,0,0,0,1,0,92,91,85,85,-1,0,-1,-1,0,-1,1.3333333333333333,22.333333333333332,34,NA,34,33.5,0,48.75,4.5,50,20,50,14,0,0,64,16,100,15,6,3
NA,NA,0,NA,100,532,1,NA,NA,NA,NA,NA,NA,44.885,-68.7223,NA,NA,1,1,1,2,NA,3,NA,NA,NA,NA,0,NA,NA,NA,4,4,3,4,2,3,3,77,25,2,NA,NA,NA,NA,NA,NA,NA,NA,1,NA,NA,NA,NA,NA,NA,NA,NA,NA,NA,NA,75,22,NA,NA,NA,NA,NA,NA,NA,NA,NA,NA,NA,NA,4,4,1,17,52,11,51,3,20,0,24,0,20,0,46,0,NA,NA,NA,control,Democrat,NA,NA,NA,NA,NA,NA,NA,NA,546,NA,3211,NA,NA,NA,NA,NA,NA,NA,NA,NA,NA,73,NA,NA,NA,NA,NA,NA,NA,NA,NA,1,Strong D,1,Democrat,0,Non-MAGA,Slightly liberal,0,2,Control D,0,0,Control,25,77,22,75,NA,NA,NA,NA,NA,NA,17,11,3,0,0,0,NA,NA,NA,NA,NA,NA,52,51,20,24,20,46,3.75,strong,2,2.6666666666666665,0,0,0,0,0,0,0,0,1,77,75,25,22,-3,-2,-1,-2,-3,1,3,5.166666666666667,35.5,35.5,NA,7.75,0,36.75,33,17,11,3,0,0,0,52,51,20,24,20,46
NA,NA,0,NA,100,457,1,NA,NA,NA,NA,NA,NA,40.7099,-73.9591,NA,NA,1,1,1,2,NA,2,NA,NA,NA,NA,0,NA,NA,NA,3,2,2,2,1,2,1,75,0,2,1,NA,NA,1,NA,1,1,NA,NA,2,NA,NA,5,NA,2,4,NA,NA,NA,NA,75,0,NA,NA,NA,NA,NA,NA,NA,NA,NA,NA,NA,NA,5,4,2,60,10,60,15,40,0,30,0,65,80,20,0,0,NA,NA,NA,control,Democrat,NA,NA,NA,NA,NA,NA,NA,NA,464,NA,519,NA,NA,NA,NA,NA,NA,NA,NA,NA,NA,28,NA,NA,NA,NA,NA,NA,NA,NA,NA,1,Strong D,1,Democrat,0,Non-MAGA,Somewhat liberal,0,2,Control D,0,0,Control,0,75,0,75,NA,NA,NA,NA,NA,NA,60,60,40,30,65,20,NA,NA,NA,NA,NA,NA,10,15,0,0,80,0,2.25,medium,1,1.3333333333333333,1,0,0,1,0,1,1,0,0,75,75,0,0,0,0,0,0,0,0,3.6666666666666665,45.833333333333336,17.5,17.5,NA,47.5,42.5,6.25,40,60,60,40,30,65,20,10,15,0,0,80,0
NA,NA,0,NA,100,547,1,NA,NA,NA,NA,NA,NA,34.0397,-117.173,NA,NA,1,1,1,1,NA,2,NA,NA,NA,NA,0,NA,NA,NA,2,3,1,3,3,4,3,72,32,2,NA,NA,NA,NA,NA,NA,1,NA,NA,NA,NA,NA,NA,NA,NA,3,NA,NA,NA,NA,64,29,NA,NA,NA,NA,NA,NA,NA,NA,NA,NA,NA,NA,2,1,1,50,51,0,20,0,33,0,10,0,6,0,3,0,NA,NA,NA,treatment,Democrat,NA,NA,NA,NA,NA,NA,NA,NA,560,NA,11320,NA,NA,NA,NA,NA,NA,NA,NA,NA,NA,48,NA,NA,NA,NA,NA,NA,NA,NA,NA,2,Weak D,1,Democrat,0,Non-MAGA,Somewhat liberal,1,4,Treatment D,0,1,Mismatch,32,72,29,64,NA,NA,NA,NA,NA,NA,50,0,0,0,0,0,NA,NA,NA,NA,NA,NA,51,20,33,10,6,3,2.25,medium,1,3.3333333333333335,0,0,0,0,0,0,1,0,0,72,64,32,29,-3,-8,5,-8,-3,-5,1.3333333333333333,8.333333333333334,20.5,20.5,NA,12.5,0,28.5,4.5,50,0,0,0,0,0,51,20,33,10,6,3
NA,NA,0,NA,100,1036,1,NA,NA,NA,NA,NA,NA,36.999,-76.379,NA,NA,1,1,1,1,NA,2,NA,NA,NA,NA,0,NA,NA,NA,5,5,5,4,2,3,3,99,40,2,NA,NA,NA,NA,NA,1,1,NA,NA,NA,NA,NA,NA,NA,4,4,NA,NA,NA,NA,100,50,NA,NA,NA,NA,NA,NA,NA,NA,NA,NA,NA,NA,5,5,3,28,26,17,75,5,96,15,78,0,50,6,70,0,NA,NA,NA,treatment,Democrat,NA,NA,NA,NA,NA,NA,NA,NA,1070,NA,1443,NA,NA,NA,NA,NA,NA,NA,NA,NA,NA,40,NA,NA,NA,NA,NA,NA,NA,NA,NA,2,Weak D,1,Democrat,0,Non-MAGA,Somewhat liberal,1,4,Treatment D,0,1,Mismatch,40,99,50,100,NA,NA,NA,NA,NA,NA,28,17,5,15,0,6,NA,NA,NA,NA,NA,NA,26,75,96,78,50,70,4.75,strong,2,2.6666666666666665,0,0,0,0,0,1,1,0,0,99,100,40,50,10,1,9,1,10,-9,4.333333333333333,11.833333333333334,65.83333333333333,65.83333333333333,NA,16.25,3,68.75,60,28,17,5,15,0,6,26,75,96,78,50,70
NA,NA,0,NA,100,179,1,NA,NA,NA,NA,NA,NA,42.7831,-88.9538,NA,NA,1,1,1,2,NA,1,NA,NA,NA,NA,0,NA,NA,NA,5,5,5,5,1,1,1,94,0,2,NA,NA,NA,NA,1,1,1,NA,NA,NA,NA,NA,NA,4,4,4,NA,NA,NA,NA,92,0,NA,NA,NA,NA,NA,NA,NA,NA,NA,NA,NA,NA,5,5,5,54,52,82,57,50,50,50,50,50,50,77,26,0,NA,NA,NA,control,Democrat,NA,NA,NA,NA,NA,NA,NA,NA,188,NA,2132,NA,NA,NA,NA,NA,NA,NA,NA,NA,NA,57,NA,NA,NA,NA,NA,NA,NA,NA,NA,1,Strong D,1,Democrat,0,Non-MAGA,Very liberal,0,2,Control D,0,0,Control,0,94,0,92,NA,NA,NA,NA,NA,NA,54,82,50,50,50,77,NA,NA,NA,NA,NA,NA,52,57,50,50,50,26,5,strong,2,1,0,0,0,0,1,1,1,0,0,94,92,0,0,0,-2,2,-2,0,-2,5,60.5,47.5,47.5,NA,59,63.5,52.25,38,54,82,50,50,50,77,52,57,50,50,50,26
NA,NA,0,NA,100,1137,1,NA,NA,NA,NA,NA,NA,44.9056,-93.3352,NA,NA,0.899999976158142,1,3,NA,1,3,NA,NA,NA,NA,0,NA,NA,NA,2,1,1,1,3,4,3,78,22,2,NA,NA,NA,1,NA,NA,1,NA,NA,NA,NA,NA,5,NA,NA,2,NA,NA,NA,NA,78,22,NA,NA,NA,NA,NA,NA,NA,NA,NA,NA,NA,NA,5,3,2,22,83,10,83,0,83,0,83,0,100,0,83,0,NA,NA,NA,treatment,Democrat,NA,NA,NA,NA,NA,NA,NA,NA,1147,NA,1675,NA,NA,NA,NA,NA,NA,NA,NA,NA,NA,58,NA,NA,NA,NA,NA,NA,NA,NA,NA,3,Lean D,0,Independent,0,Non-MAGA,Slightly liberal,1,4,Treatment D,0,1,Mismatch,22,78,22,78,NA,NA,NA,NA,NA,NA,22,10,0,0,0,0,NA,NA,NA,NA,NA,NA,83,83,83,83,100,83,1.25,weak,NA,3.3333333333333335,0,0,0,1,0,0,1,0,0,78,78,22,22,0,0,0,0,0,0,10,5.333333333333333,85.83333333333333,85.83333333333333,NA,8,0,83,91.5,22,10,0,0,0,0,83,83,83,83,100,83
NA,NA,0,NA,100,328,1,NA,NA,NA,NA,NA,NA,37.2117,-93.299,NA,NA,1,1,1,2,NA,1,NA,NA,NA,NA,0,NA,NA,NA,4,4,3,4,3,3,3,92,56,2,NA,NA,NA,NA,NA,1,NA,NA,NA,NA,NA,NA,NA,NA,3,NA,NA,NA,NA,NA,94,54,NA,NA,NA,NA,NA,NA,NA,NA,NA,NA,NA,NA,4,3,3,60,17,28,8,14,2,15,5,2,2,2,0,0,NA,NA,NA,control,Democrat,NA,NA,NA,NA,NA,NA,NA,NA,337,NA,5364,NA,NA,NA,NA,NA,NA,NA,NA,NA,NA,50,NA,NA,NA,NA,NA,NA,NA,NA,NA,1,Strong D,1,Democrat,0,Non-MAGA,Very liberal,0,2,Control D,0,0,Control,56,92,54,94,NA,NA,NA,NA,NA,NA,60,28,14,15,2,2,NA,NA,NA,NA,NA,NA,17,8,2,5,2,0,3.75,strong,2,3,0,0,0,0,0,1,0,0,0,92,94,56,54,-2,2,-4,2,-2,4,3.3333333333333335,20.166666666666668,5.666666666666667,5.666666666666667,NA,29.25,2,8,1,60,28,14,15,2,2,17,8,2,5,2,0
NA,NA,0,NA,100,777,1,NA,NA,NA,NA,NA,NA,37.2555,-80.0531,NA,NA,1,1,2,2,NA,7,4,5,4,4,0,2,3,2,NA,NA,NA,NA,NA,NA,NA,30,100,2,1,NA,NA,NA,NA,1,NA,NA,NA,4,NA,NA,NA,NA,3,NA,NA,4,4,2,5,95,0,10,0,2,0,0,0,2,0,1,0,0,NA,NA,NA,NA,NA,NA,NA,NA,NA,NA,NA,NA,NA,NA,NA,1,NA,NA,NA,treatment,Republican,NA,NA,NA,NA,NA,NA,NA,NA,786,NA,8284,NA,NA,NA,NA,NA,NA,NA,NA,NA,NA,44,NA,NA,NA,NA,NA,NA,NA,NA,NA,7,Strong R,2,Republican,1,Non-MAGA,Very conservative,1,3,Treatment R,1,2,Match,100,30,95,5,0,0,0,0,0,0,NA,NA,NA,NA,NA,NA,10,2,0,2,1,0,NA,NA,NA,NA,NA,NA,4.25,strong,2,2.3333333333333335,1,0,0,0,0,1,0,0,0,100,95,30,5,-5,-25,20,-5,-25,20,3.3333333333333335,0,2.5,NA,2.5,0,0,3.5,0.5,0,0,0,0,0,0,10,2,0,2,1,0
NA,NA,0,NA,100,460,1,NA,NA,NA,NA,NA,NA,46.795,-96.8335,NA,NA,1,1,1,2,NA,2,NA,NA,NA,NA,0,NA,NA,NA,4,4,4,4,1,2,1,80,0,2,1,NA,NA,1,NA,NA,NA,NA,NA,3,NA,NA,5,NA,NA,NA,NA,NA,NA,NA,80,0,NA,NA,NA,NA,NA,NA,NA,NA,NA,NA,NA,NA,5,5,3,100,100,50,100,50,100,20,100,20,100,20,100,0,NA,NA,NA,treatment,Democrat,NA,NA,NA,NA,NA,NA,NA,NA,474,NA,69,NA,NA,NA,NA,NA,NA,NA,NA,NA,NA,30,NA,NA,NA,NA,NA,NA,NA,NA,NA,1,Strong D,1,Democrat,0,Non-MAGA,Somewhat liberal,1,4,Treatment D,0,1,Mismatch,0,80,0,80,NA,NA,NA,NA,NA,NA,100,50,50,20,20,20,NA,NA,NA,NA,NA,NA,100,100,100,100,100,100,4,strong,2,1.3333333333333333,1,0,0,1,0,0,0,0,0,80,80,0,0,0,0,0,0,0,0,4.333333333333333,43.333333333333336,100,100,NA,55,20,100,100,100,50,50,20,20,20,100,100,100,100,100,100
NA,NA,0,NA,100,611,1,NA,NA,NA,NA,NA,NA,34.9458,-81.9334,NA,NA,0.899999976158142,1,2,2,NA,6,4,5,4,4,1,3,3,3,NA,NA,NA,NA,NA,NA,NA,65,90,2,NA,NA,NA,NA,NA,1,NA,1,NA,NA,NA,NA,NA,NA,4,NA,5,2,1,1,60,95,80,90,80,90,85,85,90,80,0,0,5,10,NA,NA,NA,NA,NA,NA,NA,NA,NA,NA,NA,NA,NA,NA,NA,2,NA,NA,NA,control,Republican,NA,NA,NA,NA,NA,NA,NA,NA,633,NA,3414,NA,NA,NA,NA,NA,NA,NA,NA,NA,NA,55,NA,NA,NA,NA,NA,NA,NA,NA,NA,7,Strong R,2,Republican,1,MAGA,Somewhat conservative,0,1,Control R,0,0,Control,90,65,95,60,80,80,85,90,0,5,NA,NA,NA,NA,NA,NA,90,90,85,80,0,10,NA,NA,NA,NA,NA,NA,4.25,strong,2,3,0,0,0,0,0,1,0,1,0,90,95,65,60,5,-5,10,5,-5,10,1.3333333333333333,56.666666666666664,59.166666666666664,NA,59.166666666666664,83.75,2.5,86.25,5,80,80,85,90,0,5,90,90,85,80,0,10
NA,NA,0,NA,100,1058,1,NA,NA,NA,NA,NA,NA,29.451,-98.6169,NA,NA,1,1,2,2,NA,7,4,4,5,5,1,3,3,3,NA,NA,NA,NA,NA,NA,NA,59,100,2,NA,NA,NA,NA,NA,NA,1,NA,NA,NA,NA,NA,NA,NA,NA,3,NA,4,4,3,58,100,0,25,0,6,0,3,0,0,0,4,0,0,NA,NA,NA,NA,NA,NA,NA,NA,NA,NA,NA,NA,NA,NA,NA,2,NA,NA,NA,treatment,Republican,NA,NA,NA,NA,NA,NA,NA,NA,1423,NA,5524,NA,NA,NA,NA,NA,NA,NA,NA,NA,NA,48,NA,NA,NA,NA,NA,NA,NA,NA,NA,7,Strong R,2,Republican,1,MAGA,Very conservative,1,3,Treatment R,1,2,Match,100,59,100,58,0,0,0,0,0,0,NA,NA,NA,NA,NA,NA,25,6,3,0,4,0,NA,NA,NA,NA,NA,NA,4.5,strong,2,3,0,0,0,0,0,0,1,0,0,100,100,59,58,0,-1,1,0,-1,1,3.6666666666666665,0,6.333333333333333,NA,6.333333333333333,0,0,8.5,2,0,0,0,0,0,0,25,6,3,0,4,0
NA,NA,0,NA,100,506,1,NA,NA,NA,NA,NA,NA,36.1213,-115.9471,NA,NA,1,1,1,2,NA,1,NA,NA,NA,NA,0,NA,NA,NA,4,4,3,4,3,3,2,50,50,2,1,NA,NA,1,1,1,1,NA,NA,4,NA,NA,4,4,4,4,NA,NA,NA,NA,50,50,NA,NA,NA,NA,NA,NA,NA,NA,NA,NA,NA,NA,5,5,3,50,25,82,30,0,0,0,0,0,0,0,0,0,NA,NA,NA,treatment,Democrat,NA,NA,NA,NA,NA,NA,NA,NA,516,NA,12268,NA,NA,NA,NA,NA,NA,NA,NA,NA,NA,59,NA,NA,NA,NA,NA,NA,NA,NA,NA,1,Strong D,1,Democrat,0,Non-MAGA,Very liberal,1,4,Treatment D,0,1,Mismatch,50,50,50,50,NA,NA,NA,NA,NA,NA,50,82,0,0,0,0,NA,NA,NA,NA,NA,NA,25,30,0,0,0,0,3.75,strong,2,2.6666666666666665,1,0,0,1,1,1,1,0,0,50,50,50,50,0,0,0,0,0,0,4.333333333333333,22,9.166666666666666,9.166666666666666,NA,33,0,13.75,0,50,82,0,0,0,0,25,30,0,0,0,0
NA,NA,0,NA,100,708,1,NA,NA,NA,NA,NA,NA,39.3329,-76.7594,NA,NA,1,1,1,1,NA,3,NA,NA,NA,NA,0,NA,NA,NA,2,3,2,2,2,2,3,34,3,2,1,1,1,1,1,1,1,NA,NA,5,4,3,5,5,5,5,NA,NA,NA,NA,37,2,NA,NA,NA,NA,NA,NA,NA,NA,NA,NA,NA,NA,5,4,4,53,0,44,0,20,0,45,0,5,20,7,26,0,NA,NA,NA,treatment,Democrat,NA,NA,NA,NA,NA,NA,NA,NA,718,NA,11457,NA,NA,NA,NA,NA,NA,NA,NA,NA,NA,32,NA,NA,NA,NA,NA,NA,NA,NA,NA,2,Weak D,1,Democrat,0,Non-MAGA,Slightly liberal,1,4,Treatment D,0,1,Mismatch,3,34,2,37,NA,NA,NA,NA,NA,NA,53,44,20,45,5,7,NA,NA,NA,NA,NA,NA,0,0,0,0,20,26,2.25,medium,1,2.3333333333333335,1,1,1,1,1,1,1,0,0,34,37,3,2,-1,3,-4,3,-1,4,4.333333333333333,29,7.666666666666667,7.666666666666667,NA,40.5,6,0,23,53,44,20,45,5,7,0,0,0,0,20,26
NA,NA,0,NA,100,188,1,NA,NA,NA,NA,NA,NA,39.7914,-86.2675,NA,NA,1,1,2,1,NA,6,4,4,4,4,0,3,3,3,NA,NA,NA,NA,NA,NA,NA,41,78,2,NA,NA,NA,NA,NA,NA,NA,1,NA,NA,NA,NA,NA,NA,NA,NA,3,3,2,2,42,76,18,19,15,16,0,0,0,0,0,0,0,0,NA,NA,NA,NA,NA,NA,NA,NA,NA,NA,NA,NA,NA,NA,NA,1,NA,NA,NA,control,Republican,NA,NA,NA,NA,NA,NA,NA,NA,198,NA,11496,NA,NA,NA,NA,NA,NA,NA,NA,NA,NA,49,NA,NA,NA,NA,NA,NA,NA,NA,NA,6,Weak R,2,Republican,1,Non-MAGA,Somewhat conservative,0,1,Control R,0,0,Control,78,41,76,42,18,15,0,0,0,0,NA,NA,NA,NA,NA,NA,19,16,0,0,0,0,NA,NA,NA,NA,NA,NA,4,strong,2,3,0,0,0,0,0,0,0,1,0,78,76,41,42,-2,1,-3,-2,1,-3,2.3333333333333335,5.5,5.833333333333333,NA,5.833333333333333,8.25,0,8.75,0,18,15,0,0,0,0,19,16,0,0,0,0
NA,NA,0,NA,100,378,1,NA,NA,NA,NA,NA,NA,42.8575,-72.594,NA,NA,1,1,1,2,NA,2,NA,NA,NA,NA,0,NA,NA,NA,3,4,2,4,4,4,4,81,61,2,NA,NA,NA,1,NA,NA,1,NA,NA,NA,NA,NA,4,NA,NA,3,NA,NA,NA,NA,80,62,NA,NA,NA,NA,NA,NA,NA,NA,NA,NA,NA,NA,2,2,1,47,47,18,20,0,0,0,0,0,0,0,0,0,NA,NA,NA,treatment,Democrat,NA,NA,NA,NA,NA,NA,NA,NA,391,NA,6681,NA,NA,NA,NA,NA,NA,NA,NA,NA,NA,56,NA,NA,NA,NA,NA,NA,NA,NA,NA,1,Strong D,1,Democrat,0,Non-MAGA,Somewhat liberal,1,4,Treatment D,0,1,Mismatch,61,81,62,80,NA,NA,NA,NA,NA,NA,47,18,0,0,0,0,NA,NA,NA,NA,NA,NA,47,20,0,0,0,0,3.25,strong,2,4,0,0,0,1,0,0,1,0,0,81,80,61,62,1,-1,2,-1,1,-2,1.6666666666666667,10.833333333333334,11.166666666666666,11.166666666666666,NA,16.25,0,16.75,0,47,18,0,0,0,0,47,20,0,0,0,0
NA,NA,0,NA,100,422,1,NA,NA,NA,NA,NA,NA,34.1928,-118.4886,NA,NA,1,1,2,2,NA,6,4,4,4,4,1,3,3,2,NA,NA,NA,NA,NA,NA,NA,10,83,2,NA,NA,NA,NA,NA,NA,NA,1,NA,NA,NA,NA,NA,NA,NA,NA,4,3,4,3,10,80,100,80,0,10,0,0,0,0,0,0,0,0,NA,NA,NA,NA,NA,NA,NA,NA,NA,NA,NA,NA,NA,NA,NA,2,NA,NA,NA,control,Republican,NA,NA,NA,NA,NA,NA,NA,NA,433,NA,1521,NA,NA,NA,NA,NA,NA,NA,NA,NA,NA,57,NA,NA,NA,NA,NA,NA,NA,NA,NA,7,Strong R,2,Republican,1,MAGA,Somewhat conservative,0,1,Control R,0,0,Control,83,10,80,10,100,0,0,0,0,0,NA,NA,NA,NA,NA,NA,80,10,0,0,0,0,NA,NA,NA,NA,NA,NA,4,strong,2,2.6666666666666665,0,0,0,0,0,0,0,1,0,83,80,10,10,-3,0,-3,-3,0,-3,3.3333333333333335,16.666666666666668,15,NA,15,25,0,22.5,0,100,0,0,0,0,0,80,10,0,0,0,0
NA,NA,0,NA,100,1214,1,NA,NA,NA,NA,NA,NA,40.6214,-73.9705,NA,NA,0.699999988079071,1,1,2,NA,1,NA,NA,NA,NA,0,NA,NA,NA,5,5,5,5,3,3,3,100,0,2,NA,NA,NA,NA,NA,NA,NA,1,NA,NA,NA,NA,NA,NA,NA,NA,5,NA,NA,NA,100,11,NA,NA,NA,NA,NA,NA,NA,NA,NA,NA,NA,NA,4,4,4,100,13,100,40,100,22,100,1,100,0,46,33,0,NA,NA,NA,treatment,Democrat,NA,NA,NA,NA,NA,NA,NA,NA,1272,NA,5094,NA,NA,NA,NA,NA,NA,NA,NA,NA,NA,39,NA,NA,NA,NA,NA,NA,NA,NA,NA,1,Strong D,1,Democrat,0,Non-MAGA,Very liberal,1,4,Treatment D,0,1,Mismatch,0,100,11,100,NA,NA,NA,NA,NA,NA,100,100,100,100,100,46,NA,NA,NA,NA,NA,NA,13,40,22,1,0,33,5,strong,2,3,0,0,0,0,0,0,0,1,0,100,100,0,11,11,0,11,0,11,-11,4,91,18.166666666666668,18.166666666666668,NA,100,73,19,16.5,100,100,100,100,100,46,13,40,22,1,0,33
NA,NA,0,NA,100,679,1,NA,NA,NA,NA,NA,NA,34.0282,-117.0372,NA,NA,1,1,1,1,NA,4,NA,NA,NA,NA,0,NA,NA,NA,3,3,4,4,4,4,4,95,85,2,NA,NA,NA,NA,NA,NA,NA,1,NA,NA,NA,NA,NA,NA,NA,NA,4,NA,NA,NA,95,85,NA,NA,NA,NA,NA,NA,NA,NA,NA,NA,NA,NA,1,1,1,0,20,0,20,0,20,0,10,0,2,0,1,0,NA,NA,NA,control,Democrat,NA,NA,NA,NA,NA,NA,NA,NA,689,NA,6959,NA,NA,NA,NA,NA,NA,NA,NA,NA,NA,50,NA,NA,NA,NA,NA,NA,NA,NA,NA,2,Weak D,1,Democrat,0,Non-MAGA,Moderate,0,2,Control D,0,0,Control,85,95,85,95,NA,NA,NA,NA,NA,NA,0,0,0,0,0,0,NA,NA,NA,NA,NA,NA,20,20,20,10,2,1,3.5,strong,2,4,0,0,0,0,0,0,0,1,0,95,95,85,85,0,0,0,0,0,0,1,0,12.166666666666666,12.166666666666666,NA,0,0,17.5,1.5,0,0,0,0,0,0,20,20,20,10,2,1
NA,NA,0,NA,100,578,1,NA,NA,NA,NA,NA,NA,42.5836,-83.4989,NA,NA,1,1,1,2,NA,1,NA,NA,NA,NA,0,NA,NA,NA,5,4,4,4,1,1,1,97,0,2,1,NA,NA,NA,NA,NA,NA,NA,NA,3,NA,NA,NA,NA,NA,NA,NA,NA,NA,NA,98,0,NA,NA,NA,NA,NA,NA,NA,NA,NA,NA,NA,NA,4,4,4,50,100,50,100,0,50,0,0,21,70,1,88,0,NA,NA,NA,treatment,Democrat,NA,NA,NA,NA,NA,NA,NA,NA,586,NA,9014,NA,NA,NA,NA,NA,NA,NA,NA,NA,NA,33,NA,NA,NA,NA,NA,NA,NA,NA,NA,1,Strong D,1,Democrat,0,Non-MAGA,Very liberal,1,4,Treatment D,0,1,Mismatch,0,97,0,98,NA,NA,NA,NA,NA,NA,50,50,0,0,21,1,NA,NA,NA,NA,NA,NA,100,100,50,0,70,88,4.25,strong,2,1,1,0,0,0,0,0,0,0,0,97,98,0,0,0,1,-1,1,0,1,4,20.333333333333332,68,68,NA,25,11,62.5,79,50,50,0,0,21,1,100,100,50,0,70,88
NA,NA,0,NA,100,450,1,NA,NA,NA,NA,NA,NA,44.9834,-93.262200000000007,NA,NA,1,1,1,2,NA,2,NA,NA,NA,NA,0,NA,NA,NA,4,4,2,5,3,3,2,100,20,2,NA,NA,NA,NA,NA,NA,NA,NA,1,NA,NA,NA,NA,NA,NA,NA,NA,NA,NA,NA,100,20,NA,NA,NA,NA,NA,NA,NA,NA,NA,NA,NA,NA,4,3,1,30,80,10,10,0,5,0,0,0,50,0,50,0,NA,NA,NA,control,Democrat,NA,NA,NA,NA,NA,NA,NA,NA,464,NA,2583,NA,NA,NA,NA,NA,NA,NA,NA,NA,NA,64,NA,NA,NA,NA,NA,NA,NA,NA,NA,1,Strong D,1,Democrat,0,Non-MAGA,Somewhat liberal,0,2,Control D,0,0,Control,20,100,20,100,NA,NA,NA,NA,NA,NA,30,10,0,0,0,0,NA,NA,NA,NA,NA,NA,80,10,5,0,50,50,3.75,strong,2,2.6666666666666665,0,0,0,0,0,0,0,0,1,100,100,20,20,0,0,0,0,0,0,2.6666666666666665,6.666666666666667,32.5,32.5,NA,10,0,23.75,50,30,10,0,0,0,0,80,10,5,0,50,50
NA,NA,0,NA,100,608,1,NA,NA,NA,NA,NA,NA,36.2625,-115.1732,NA,NA,0.899999976158142,1,3,NA,1,3,NA,NA,NA,NA,0,NA,NA,NA,2,2,3,3,4,3,4,55,33,2,1,NA,NA,1,NA,NA,NA,NA,NA,2,NA,NA,4,NA,NA,NA,NA,NA,NA,NA,56,33,NA,NA,NA,NA,NA,NA,NA,NA,NA,NA,NA,NA,3,1,1,13,65,1,38,0,3,0,7,0,10,0,7,0,NA,NA,NA,treatment,Democrat,NA,NA,NA,NA,NA,NA,NA,NA,635,NA,127,NA,NA,NA,NA,NA,NA,NA,NA,NA,NA,36,NA,NA,NA,NA,NA,NA,NA,NA,NA,3,Lean D,0,Independent,0,Non-MAGA,Slightly liberal,1,4,Treatment D,0,1,Mismatch,33,55,33,56,NA,NA,NA,NA,NA,NA,13,1,0,0,0,0,NA,NA,NA,NA,NA,NA,65,38,3,7,10,7,2.5,medium,1,3.6666666666666665,1,0,0,1,0,0,0,0,0,55,56,33,33,0,1,-1,1,0,1,5,2.3333333333333335,21.666666666666668,21.666666666666668,NA,3.5,0,28.25,8.5,13,1,0,0,0,0,65,38,3,7,10,7
NA,NA,0,NA,100,832,1,NA,NA,NA,NA,NA,NA,29.8772,-95.6938,NA,NA,1,1,1,1,NA,2,NA,NA,NA,NA,0,NA,NA,NA,3,3,3,3,1,1,1,73,0,2,1,NA,NA,1,NA,NA,NA,NA,NA,5,NA,NA,5,NA,NA,NA,NA,NA,NA,NA,72,0,NA,NA,NA,NA,NA,NA,NA,NA,NA,NA,NA,NA,5,5,5,27,94,80,95,22,73,26,85,36,79,27,97,0,NA,NA,NA,treatment,Democrat,NA,NA,NA,NA,NA,NA,NA,NA,840,NA,6417,NA,NA,NA,NA,NA,NA,NA,NA,NA,NA,30,NA,NA,NA,NA,NA,NA,NA,NA,NA,2,Weak D,1,Democrat,0,Non-MAGA,Somewhat liberal,1,4,Treatment D,0,1,Mismatch,0,73,0,72,NA,NA,NA,NA,NA,NA,27,80,22,26,36,27,NA,NA,NA,NA,NA,NA,94,95,73,85,79,97,3,strong,2,1,1,0,0,1,0,0,0,0,0,73,72,0,0,0,-1,1,-1,0,-1,5,36.333333333333336,87.16666666666667,87.16666666666667,NA,38.75,31.5,86.75,88,27,80,22,26,36,27,94,95,73,85,79,97
NA,NA,0,NA,100,386,1,NA,NA,NA,NA,NA,NA,40.9714,-82.1099,NA,NA,1,1,1,2,NA,2,NA,NA,NA,NA,0,NA,NA,NA,4,4,4,4,4,4,4,100,70,2,NA,NA,NA,NA,NA,NA,NA,1,NA,NA,NA,NA,NA,NA,NA,NA,4,NA,NA,NA,100,70,NA,NA,NA,NA,NA,NA,NA,NA,NA,NA,NA,NA,4,1,1,60,80,0,2,0,2,0,1,0,1,0,1,0,NA,NA,NA,control,Democrat,NA,NA,NA,NA,NA,NA,NA,NA,395,NA,8677,NA,NA,NA,NA,NA,NA,NA,NA,NA,NA,73,NA,NA,NA,NA,NA,NA,NA,NA,NA,1,Strong D,1,Democrat,0,Non-MAGA,Somewhat liberal,0,2,Control D,0,0,Control,70,100,70,100,NA,NA,NA,NA,NA,NA,60,0,0,0,0,0,NA,NA,NA,NA,NA,NA,80,2,2,1,1,1,4,strong,2,4,0,0,0,0,0,0,0,1,0,100,100,70,70,0,0,0,0,0,0,2,10,14.5,14.5,NA,15,0,21.25,1,60,0,0,0,0,0,80,2,2,1,1,1
NA,NA,0,NA,100,476,1,NA,NA,NA,NA,NA,NA,41.4711,-75.6061,NA,NA,1,1,2,1,NA,6,3,3,1,3,0,4,4,4,NA,NA,NA,NA,NA,NA,NA,30,84,2,NA,1,NA,1,NA,NA,NA,NA,NA,NA,3,NA,3,NA,NA,NA,NA,3,3,3,42,64,25,66,0,67,0,10,0,16,0,17,0,10,NA,NA,NA,NA,NA,NA,NA,NA,NA,NA,NA,NA,NA,NA,NA,1,NA,NA,NA,treatment,Republican,NA,NA,NA,NA,NA,NA,NA,NA,488,NA,8474,NA,NA,NA,NA,NA,NA,NA,NA,NA,NA,74,NA,NA,NA,NA,NA,NA,NA,NA,NA,6,Weak R,2,Republican,1,Non-MAGA,Somewhat conservative,1,3,Treatment R,1,2,Match,84,30,64,42,25,0,0,0,0,0,NA,NA,NA,NA,NA,NA,66,67,10,16,17,10,NA,NA,NA,NA,NA,NA,2.5,medium,1,4,0,1,0,1,0,0,0,0,0,84,64,30,42,-20,12,-32,-20,12,-32,3,4.166666666666667,31,NA,31,6.25,0,39.75,13.5,25,0,0,0,0,0,66,67,10,16,17,10
NA,NA,0,NA,100,839,1,NA,NA,NA,NA,NA,NA,40.6596,-111.9195,NA,NA,1,1,1,2,NA,1,NA,NA,NA,NA,0,NA,NA,NA,4,4,2,5,4,4,4,70,10,2,1,NA,NA,1,NA,1,1,NA,NA,5,NA,NA,5,NA,4,5,NA,NA,NA,NA,70,10,NA,NA,NA,NA,NA,NA,NA,NA,NA,NA,NA,NA,4,1,1,100,100,50,98,0,10,0,10,0,90,0,92,0,NA,NA,NA,treatment,Democrat,NA,NA,NA,NA,NA,NA,NA,NA,848,NA,168,NA,NA,NA,NA,NA,NA,NA,NA,NA,NA,54,NA,NA,NA,NA,NA,NA,NA,NA,NA,1,Strong D,1,Democrat,0,Non-MAGA,Very liberal,1,4,Treatment D,0,1,Mismatch,10,70,10,70,NA,NA,NA,NA,NA,NA,100,50,0,0,0,0,NA,NA,NA,NA,NA,NA,100,98,10,10,90,92,3.75,strong,2,4,1,0,0,1,0,1,1,0,0,70,70,10,10,0,0,0,0,0,0,2,25,66.66666666666667,66.66666666666667,NA,37.5,0,54.5,91,100,50,0,0,0,0,100,98,10,10,90,92
NA,NA,0,NA,100,536,1,NA,NA,NA,NA,NA,NA,32.213,-110.8279,NA,NA,1,1,1,2,NA,2,NA,NA,NA,NA,0,NA,NA,NA,3,3,4,4,2,2,2,71,3,2,NA,NA,NA,1,NA,NA,NA,NA,NA,NA,NA,NA,4,NA,NA,NA,NA,NA,NA,NA,73,0,NA,NA,NA,NA,NA,NA,NA,NA,NA,NA,NA,NA,4,4,4,63,77,60,76,36,45,0,5,12,35,15,77,0,NA,NA,NA,treatment,Democrat,NA,NA,NA,NA,NA,NA,NA,NA,546,NA,1084,NA,NA,NA,NA,NA,NA,NA,NA,NA,NA,25,NA,NA,NA,NA,NA,NA,NA,NA,NA,1,Strong D,1,Democrat,0,Non-MAGA,Somewhat liberal,1,4,Treatment D,0,1,Mismatch,3,71,0,73,NA,NA,NA,NA,NA,NA,63,60,36,0,12,15,NA,NA,NA,NA,NA,NA,77,76,45,5,35,77,3.5,strong,2,2,0,0,0,1,0,0,0,0,0,71,73,3,0,-3,2,-5,2,-3,5,4,31,52.5,52.5,NA,39.75,13.5,50.75,56,63,60,36,0,12,15,77,76,45,5,35,77
NA,NA,0,NA,100,339,1,NA,NA,NA,NA,NA,NA,40.8494,-73.9016,NA,NA,1,1,1,2,NA,2,NA,NA,NA,NA,0,NA,NA,NA,4,4,3,5,1,1,1,70,0,2,NA,NA,NA,NA,NA,1,NA,NA,NA,NA,NA,NA,NA,NA,4,NA,NA,NA,NA,NA,70,0,NA,NA,NA,NA,NA,NA,NA,NA,NA,NA,NA,NA,5,4,4,50,50,0,0,30,50,0,20,10,30,0,60,0,NA,NA,NA,control,Democrat,NA,NA,NA,NA,NA,NA,NA,NA,347,NA,4781,NA,NA,NA,NA,NA,NA,NA,NA,NA,NA,50,NA,NA,NA,NA,NA,NA,NA,NA,NA,1,Strong D,1,Democrat,0,Non-MAGA,Somewhat liberal,0,2,Control D,0,0,Control,0,70,0,70,NA,NA,NA,NA,NA,NA,50,0,30,0,10,0,NA,NA,NA,NA,NA,NA,50,0,50,20,30,60,4,strong,2,1,0,0,0,0,0,1,0,0,0,70,70,0,0,0,0,0,0,0,0,4.333333333333333,15,35,35,NA,20,5,30,45,50,0,30,0,10,0,50,0,50,20,30,60
NA,NA,0,NA,100,235,1,NA,NA,NA,NA,NA,NA,41.4549,-87.0613,NA,NA,1,1,1,2,NA,2,NA,NA,NA,NA,0,NA,NA,NA,3,4,4,5,3,3,3,81,50,2,1,NA,NA,NA,NA,1,1,NA,NA,3,NA,NA,NA,NA,4,4,NA,NA,NA,NA,81,50,NA,NA,NA,NA,NA,NA,NA,NA,NA,NA,NA,NA,2,2,3,20,30,10,15,0,5,0,3,0,4,0,3,0,NA,NA,NA,control,Democrat,NA,NA,NA,NA,NA,NA,NA,NA,243,NA,471,NA,NA,NA,NA,NA,NA,NA,NA,NA,NA,44,NA,NA,NA,NA,NA,NA,NA,NA,NA,1,Strong D,1,Democrat,0,Non-MAGA,Somewhat liberal,0,2,Control D,0,0,Control,50,81,50,81,NA,NA,NA,NA,NA,NA,20,10,0,0,0,0,NA,NA,NA,NA,NA,NA,30,15,5,3,4,3,4,strong,2,3,1,0,0,0,0,1,1,0,0,81,81,50,50,0,0,0,0,0,0,2.3333333333333335,5,10,10,NA,7.5,0,13.25,3.5,20,10,0,0,0,0,30,15,5,3,4,3
NA,NA,0,NA,100,501,1,NA,NA,NA,NA,NA,NA,35.0781,-106.6583,NA,NA,0.899999976158142,1,2,1,NA,6,4,4,4,4,0,4,4,4,NA,NA,NA,NA,NA,NA,NA,62,91,2,NA,NA,NA,NA,NA,NA,NA,1,NA,NA,NA,NA,NA,NA,NA,NA,4,1,1,1,59,86,0,0,0,0,0,0,0,0,0,0,0,0,NA,NA,NA,NA,NA,NA,NA,NA,NA,NA,NA,NA,NA,NA,NA,1,NA,NA,NA,control,Republican,NA,NA,NA,NA,NA,NA,NA,NA,544,NA,3578,NA,NA,NA,NA,NA,NA,NA,NA,NA,NA,56,NA,NA,NA,NA,NA,NA,NA,NA,NA,6,Weak R,2,Republican,1,Non-MAGA,Somewhat conservative,0,1,Control R,0,0,Control,91,62,86,59,0,0,0,0,0,0,NA,NA,NA,NA,NA,NA,0,0,0,0,0,0,NA,NA,NA,NA,NA,NA,4,strong,2,4,0,0,0,0,0,0,0,1,0,91,86,62,59,-5,-3,-2,-5,-3,-2,1,0,0,NA,0,0,0,0,0,0,0,0,0,0,0,0,0,0,0,0,0
NA,NA,0,NA,100,708,1,NA,NA,NA,NA,NA,NA,42.0733,-78.1418,NA,NA,1,1,3,NA,3,4,2,1,1,2,0,4,4,4,NA,NA,NA,NA,NA,NA,NA,17,62,2,NA,NA,NA,NA,NA,NA,NA,NA,1,NA,NA,NA,NA,NA,NA,NA,NA,5,3,2,32,62,16,59,19,28,0,79,0,76,20,92,0,75,NA,NA,NA,NA,NA,NA,NA,NA,NA,NA,NA,NA,NA,NA,NA,1,NA,NA,NA,treatment,Republican,NA,NA,NA,NA,NA,NA,NA,NA,719,NA,686,NA,NA,NA,NA,NA,NA,NA,NA,NA,NA,48,NA,NA,NA,NA,NA,NA,NA,NA,NA,5,Lean R,0,Independent,1,Non-MAGA,Moderate,1,3,Treatment R,1,2,Match,62,17,62,32,16,19,0,0,20,0,NA,NA,NA,NA,NA,NA,59,28,79,76,92,75,NA,NA,NA,NA,NA,NA,1.5,weak,1,4,0,0,0,0,0,0,0,0,1,62,62,17,32,0,15,-15,0,15,-15,3.3333333333333335,9.166666666666666,68.16666666666667,NA,68.16666666666667,8.75,10,60.5,83.5,16,19,0,0,20,0,59,28,79,76,92,75
NA,NA,0,NA,100,318,1,NA,NA,NA,NA,NA,NA,40.4284,-79.6976,NA,NA,1,1,1,1,NA,3,NA,NA,NA,NA,0,NA,NA,NA,3,4,3,3,NA,NA,3,72,45,2,1,NA,NA,1,1,1,NA,NA,NA,4,NA,NA,4,3,3,NA,NA,NA,NA,NA,75,30,NA,NA,NA,NA,NA,NA,NA,NA,NA,NA,NA,NA,2,2,2,58,59,34,32,5,5,3,4,3,1,2,2,0,NA,NA,NA,treatment,Democrat,NA,NA,NA,NA,NA,NA,NA,NA,331,NA,2204,NA,NA,NA,NA,NA,NA,NA,NA,NA,NA,48,NA,NA,NA,NA,NA,NA,NA,NA,NA,2,Weak D,1,Democrat,0,Non-MAGA,Slightly liberal,1,4,Treatment D,0,1,Mismatch,45,72,30,75,NA,NA,NA,NA,NA,NA,58,34,5,3,3,2,NA,NA,NA,NA,NA,NA,59,32,5,4,1,2,3.25,strong,2,NA,1,0,0,1,1,1,0,0,0,72,75,45,30,-15,3,-18,3,-15,18,2,17.5,17.166666666666668,17.166666666666668,NA,25,2.5,25,1.5,58,34,5,3,3,2,59,32,5,4,1,2
NA,NA,0,NA,100,287,1,NA,NA,NA,NA,NA,NA,38.5755,-121.4883,NA,NA,1,1,1,1,NA,1,NA,NA,NA,NA,0,NA,NA,NA,1,2,2,2,3,3,2,40,40,2,1,NA,NA,1,NA,NA,NA,NA,NA,4,NA,NA,4,NA,NA,NA,NA,NA,NA,NA,40,40,NA,NA,NA,NA,NA,NA,NA,NA,NA,NA,NA,NA,2,1,1,50,60,50,60,0,20,0,20,20,20,20,20,0,NA,NA,NA,treatment,Democrat,NA,NA,NA,NA,NA,NA,NA,NA,295,NA,920,NA,NA,NA,NA,NA,NA,NA,NA,NA,NA,43,NA,NA,NA,NA,NA,NA,NA,NA,NA,2,Weak D,1,Democrat,0,Non-MAGA,Very liberal,1,4,Treatment D,0,1,Mismatch,40,40,40,40,NA,NA,NA,NA,NA,NA,50,50,0,0,20,20,NA,NA,NA,NA,NA,NA,60,60,20,20,20,20,1.75,medium,1,2.6666666666666665,1,0,0,1,0,0,0,0,0,40,40,40,40,0,0,0,0,0,0,1.3333333333333333,23.333333333333332,33.333333333333336,33.333333333333336,NA,25,20,40,20,50,50,0,0,20,20,60,60,20,20,20,20
NA,NA,0,NA,100,282,1,NA,NA,NA,NA,NA,NA,39.4623,-76.2791,NA,NA,1,1,2,1,NA,5,2,3,2,3,0,4,4,4,NA,NA,NA,NA,NA,NA,NA,80,80,2,NA,NA,NA,NA,NA,NA,NA,1,NA,NA,NA,NA,NA,NA,NA,NA,3,2,1,1,80,80,0,0,0,0,0,0,0,0,0,0,0,0,NA,NA,NA,NA,NA,NA,NA,NA,NA,NA,NA,NA,NA,NA,NA,1,NA,NA,NA,control,Republican,NA,NA,NA,NA,NA,NA,NA,NA,294,NA,14845,NA,NA,NA,NA,NA,NA,NA,NA,NA,NA,71,NA,NA,NA,NA,NA,NA,NA,NA,NA,6,Weak R,2,Republican,1,Non-MAGA,Slightly conservative,0,1,Control R,0,0,Control,80,80,80,80,0,0,0,0,0,0,NA,NA,NA,NA,NA,NA,0,0,0,0,0,0,NA,NA,NA,NA,NA,NA,2.5,medium,1,4,0,0,0,0,0,0,0,1,0,80,80,80,80,0,0,0,0,0,0,1.3333333333333333,0,0,NA,0,0,0,0,0,0,0,0,0,0,0,0,0,0,0,0,0
NA,NA,0,NA,100,602,1,NA,NA,NA,NA,NA,NA,41.053,-81.4832,NA,NA,1,1,3,NA,1,3,NA,NA,NA,NA,0,NA,NA,NA,3,3,3,3,1,1,2,51,10,2,NA,NA,NA,NA,NA,NA,NA,NA,1,NA,NA,NA,NA,NA,NA,NA,NA,NA,NA,NA,50,7,NA,NA,NA,NA,NA,NA,NA,NA,NA,NA,NA,NA,4,4,2,76,50,21,10,0,0,0,0,9,10,8,10,0,NA,NA,NA,treatment,Democrat,NA,NA,NA,NA,NA,NA,NA,NA,625,NA,813,NA,NA,NA,NA,NA,NA,NA,NA,NA,NA,42,NA,NA,NA,NA,NA,NA,NA,NA,NA,3,Lean D,0,Independent,0,Non-MAGA,Slightly liberal,1,4,Treatment D,0,1,Mismatch,10,51,7,50,NA,NA,NA,NA,NA,NA,76,21,0,0,9,8,NA,NA,NA,NA,NA,NA,50,10,0,0,10,10,3,strong,2,1.3333333333333333,0,0,0,0,0,0,0,0,1,51,50,10,7,-3,-1,-2,-1,-3,2,10,19,13.333333333333334,13.333333333333334,NA,24.25,8.5,15,10,76,21,0,0,9,8,50,10,0,0,10,10
NA,NA,0,NA,100,428,1,NA,NA,NA,NA,NA,NA,40.2738,-81.8662,NA,NA,0.899999976158142,1,3,NA,1,3,NA,NA,NA,NA,0,NA,NA,NA,1,1,1,1,1,3,2,76,1,2,NA,NA,NA,NA,NA,NA,NA,NA,1,NA,NA,NA,NA,NA,NA,NA,NA,NA,NA,NA,75,1,NA,NA,NA,NA,NA,NA,NA,NA,NA,NA,NA,NA,5,4,1,100,100,0,0,0,0,0,0,0,0,0,0,0,NA,NA,NA,control,Democrat,NA,NA,NA,NA,NA,NA,NA,NA,448,NA,10622,NA,NA,NA,NA,NA,NA,NA,NA,NA,NA,67,NA,NA,NA,NA,NA,NA,NA,NA,NA,3,Lean D,0,Independent,0,Non-MAGA,Slightly liberal,0,2,Control D,0,0,Control,1,76,1,75,NA,NA,NA,NA,NA,NA,100,0,0,0,0,0,NA,NA,NA,NA,NA,NA,100,0,0,0,0,0,1,weak,0,2,0,0,0,0,0,0,0,0,1,76,75,1,1,0,-1,1,-1,0,-1,10,16.666666666666668,16.666666666666668,16.666666666666668,NA,25,0,25,0,100,0,0,0,0,0,100,0,0,0,0,0
NA,NA,0,NA,100,314,1,NA,NA,NA,NA,NA,NA,41.9703,-87.664,NA,NA,0.5,1,1,2,NA,2,NA,NA,NA,NA,0,NA,NA,NA,2,3,3,2,3,3,2,71,29,2,NA,NA,NA,NA,NA,1,1,NA,NA,NA,NA,NA,NA,NA,3,2,NA,NA,NA,NA,70,29,NA,NA,NA,NA,NA,NA,NA,NA,NA,NA,NA,NA,4,2,1,50,50,64,59,0,0,10,9,0,29,15,82,0,NA,NA,NA,control,Democrat,NA,NA,NA,NA,NA,NA,NA,NA,413,NA,28,NA,NA,NA,NA,NA,NA,NA,NA,NA,NA,40,NA,NA,NA,NA,NA,NA,NA,NA,NA,1,Strong D,1,Democrat,0,Non-MAGA,Somewhat liberal,0,2,Control D,0,0,Control,29,71,29,70,NA,NA,NA,NA,NA,NA,50,64,0,10,0,15,NA,NA,NA,NA,NA,NA,50,59,0,9,29,82,2.5,medium,1,2.6666666666666665,0,0,0,0,0,1,1,0,0,71,70,29,29,0,-1,1,-1,0,-1,2.3333333333333335,23.166666666666668,38.166666666666664,38.166666666666664,NA,31,7.5,29.5,55.5,50,64,0,10,0,15,50,59,0,9,29,82
NA,NA,0,NA,100,388,1,NA,NA,NA,NA,NA,NA,42.9685,-78.7492,NA,NA,1,1,1,2,NA,2,NA,NA,NA,NA,0,NA,NA,NA,5,4,5,5,2,2,2,100,49,2,NA,NA,NA,NA,NA,NA,1,NA,NA,NA,NA,NA,NA,NA,NA,4,NA,NA,NA,NA,100,49,NA,NA,NA,NA,NA,NA,NA,NA,NA,NA,NA,NA,4,1,1,15,71,30,80,0,30,0,33,0,40,0,66,0,NA,NA,NA,control,Democrat,NA,NA,NA,NA,NA,NA,NA,NA,397,NA,15,NA,NA,NA,NA,NA,NA,NA,NA,NA,NA,20,NA,NA,NA,NA,NA,NA,NA,NA,NA,1,Strong D,1,Democrat,0,Non-MAGA,Somewhat liberal,0,2,Control D,0,0,Control,49,100,49,100,NA,NA,NA,NA,NA,NA,15,30,0,0,0,0,NA,NA,NA,NA,NA,NA,71,80,30,33,40,66,4.75,strong,2,2,0,0,0,0,0,0,1,0,0,100,100,49,49,0,0,0,0,0,0,2,7.5,53.333333333333336,53.333333333333336,NA,11.25,0,53.5,53,15,30,0,0,0,0,71,80,30,33,40,66
NA,NA,0,NA,100,174,1,NA,NA,NA,NA,NA,NA,29.5839,-98.4101,NA,NA,1,1,1,2,NA,1,NA,NA,NA,NA,0,NA,NA,NA,4,4,3,3,1,1,4,50,4,2,NA,NA,NA,NA,NA,NA,NA,1,NA,NA,NA,NA,NA,NA,NA,NA,4,NA,NA,NA,84,0,NA,NA,NA,NA,NA,NA,NA,NA,NA,NA,NA,NA,1,1,1,77,18,68,30,35,29,26,79,67,36,19,84,0,NA,NA,NA,treatment,Democrat,NA,NA,NA,NA,NA,NA,NA,NA,184,NA,1031,NA,NA,NA,NA,NA,NA,NA,NA,NA,NA,23,NA,NA,NA,NA,NA,NA,NA,NA,NA,1,Strong D,1,Democrat,0,Non-MAGA,Very liberal,1,4,Treatment D,0,1,Mismatch,4,50,0,84,NA,NA,NA,NA,NA,NA,77,68,35,26,67,19,NA,NA,NA,NA,NA,NA,18,30,29,79,36,84,3.5,strong,2,2,0,0,0,0,0,0,0,1,0,50,84,4,0,-4,34,-38,34,-4,38,1,48.666666666666664,46,46,NA,51.5,43,39,60,77,68,35,26,67,19,18,30,29,79,36,84
NA,NA,0,NA,100,540,1,NA,NA,NA,NA,NA,NA,38.9779,-77.0806,NA,NA,1,1,3,NA,1,2,NA,NA,NA,NA,0,NA,NA,NA,4,3,4,4,3,3,3,80,61,2,NA,NA,NA,NA,NA,NA,NA,1,NA,NA,NA,NA,NA,NA,NA,NA,4,NA,NA,NA,75,60,NA,NA,NA,NA,NA,NA,NA,NA,NA,NA,NA,NA,2,1,1,85,50,35,70,56,43,50,45,65,35,43,64,0,NA,NA,NA,treatment,Democrat,NA,NA,NA,NA,NA,NA,NA,NA,560,NA,1319,NA,NA,NA,NA,NA,NA,NA,NA,NA,NA,38,NA,NA,NA,NA,NA,NA,NA,NA,NA,3,Lean D,0,Independent,0,Non-MAGA,Somewhat liberal,1,4,Treatment D,0,1,Mismatch,61,80,60,75,NA,NA,NA,NA,NA,NA,85,35,56,50,65,43,NA,NA,NA,NA,NA,NA,50,70,43,45,35,64,3.75,strong,2,3,0,0,0,0,0,0,0,1,0,80,75,61,60,-1,-5,4,-5,-1,-4,4,55.666666666666664,51.166666666666664,51.166666666666664,NA,56.5,54,52,49.5,85,35,56,50,65,43,50,70,43,45,35,64
NA,NA,0,NA,100,1175,1,NA,NA,NA,NA,NA,NA,38.8715,-94.7713,NA,NA,1,1,1,2,NA,2,NA,NA,NA,NA,0,NA,NA,NA,4,4,4,4,3,3,3,99,77,2,1,NA,NA,1,NA,1,1,NA,NA,3,NA,NA,4,NA,2,4,NA,NA,NA,NA,99,73,NA,NA,NA,NA,NA,NA,NA,NA,NA,NA,NA,NA,4,3,2,19,67,36,66,1,34,1,5,0,5,0,7,0,NA,NA,NA,treatment,Democrat,NA,NA,NA,NA,NA,NA,NA,NA,1385,NA,3771,NA,NA,NA,NA,NA,NA,NA,NA,NA,NA,67,NA,NA,NA,NA,NA,NA,NA,NA,NA,1,Strong D,1,Democrat,0,Non-MAGA,Somewhat liberal,1,4,Treatment D,0,1,Mismatch,77,99,73,99,NA,NA,NA,NA,NA,NA,19,36,1,1,0,0,NA,NA,NA,NA,NA,NA,67,66,34,5,5,7,4,strong,2,3,1,0,0,1,0,1,1,0,0,99,99,77,73,-4,0,-4,0,-4,4,3,9.5,30.666666666666668,30.666666666666668,NA,14.25,0,43,6,19,36,1,1,0,0,67,66,34,5,5,7
NA,NA,0,NA,100,428,1,NA,NA,NA,NA,NA,NA,28.3961,-81.4681,NA,NA,1,1,1,1,NA,3,NA,NA,NA,NA,0,NA,NA,NA,2,2,1,2,4,4,3,35,21,2,NA,NA,NA,NA,NA,NA,NA,1,NA,NA,NA,NA,NA,NA,NA,NA,4,NA,NA,NA,32,17,NA,NA,NA,NA,NA,NA,NA,NA,NA,NA,NA,NA,4,2,1,50,36,60,21,0,0,47,27,0,61,0,40,0,NA,NA,NA,control,Democrat,NA,NA,NA,NA,NA,NA,NA,NA,437,NA,358,NA,NA,NA,NA,NA,NA,NA,NA,NA,NA,30,NA,NA,NA,NA,NA,NA,NA,NA,NA,2,Weak D,1,Democrat,0,Non-MAGA,Slightly liberal,0,2,Control D,0,0,Control,21,35,17,32,NA,NA,NA,NA,NA,NA,50,60,0,47,0,0,NA,NA,NA,NA,NA,NA,36,21,0,27,61,40,1.75,medium,1,3.6666666666666665,0,0,0,0,0,0,0,1,0,35,32,21,17,-4,-3,-1,-3,-4,1,2.3333333333333335,26.166666666666668,30.833333333333332,30.833333333333332,NA,39.25,0,21,50.5,50,60,0,47,0,0,36,21,0,27,61,40
NA,NA,0,NA,100,386,1,NA,NA,NA,NA,NA,NA,34.0544,-118.244,NA,NA,0.899999976158142,1,1,2,NA,2,NA,NA,NA,NA,0,NA,NA,NA,3,3,3,3,3,3,3,69,30,2,NA,NA,NA,1,NA,NA,NA,NA,NA,NA,NA,NA,4,NA,NA,NA,NA,NA,NA,NA,70,30,NA,NA,NA,NA,NA,NA,NA,NA,NA,NA,NA,NA,4,2,1,70,70,5,20,0,0,0,5,0,5,0,10,0,NA,NA,NA,treatment,Democrat,NA,NA,NA,NA,NA,NA,NA,NA,399,NA,303,NA,NA,NA,NA,NA,NA,NA,NA,NA,NA,56,NA,NA,NA,NA,NA,NA,NA,NA,NA,1,Strong D,1,Democrat,0,Non-MAGA,Somewhat liberal,1,4,Treatment D,0,1,Mismatch,30,69,30,70,NA,NA,NA,NA,NA,NA,70,5,0,0,0,0,NA,NA,NA,NA,NA,NA,70,20,0,5,5,10,3,strong,2,3,0,0,0,1,0,0,0,0,0,69,70,30,30,0,1,-1,1,0,1,2.3333333333333335,12.5,18.333333333333332,18.333333333333332,NA,18.75,0,23.75,7.5,70,5,0,0,0,0,70,20,0,5,5,10
NA,NA,0,NA,100,727,1,NA,NA,NA,NA,NA,NA,38.5824,-97.6706,NA,NA,1,1,3,NA,3,5,2,2,3,2,0,3,4,4,NA,NA,NA,NA,NA,NA,NA,74,35,2,1,NA,NA,1,NA,1,NA,NA,NA,5,NA,NA,5,NA,3,NA,NA,1,1,1,77,34,31,84,17,66,10,69,19,74,0,68,0,62,NA,NA,NA,NA,NA,NA,NA,NA,NA,NA,NA,NA,NA,NA,NA,1,NA,NA,NA,treatment,Republican,NA,NA,NA,NA,NA,NA,NA,NA,737,NA,22,NA,NA,NA,NA,NA,NA,NA,NA,NA,NA,51,NA,NA,NA,NA,NA,NA,NA,NA,NA,5,Lean R,0,Independent,1,Non-MAGA,Slightly conservative,1,3,Treatment R,1,2,Match,35,74,34,77,31,17,10,19,0,0,NA,NA,NA,NA,NA,NA,84,66,69,74,68,62,NA,NA,NA,NA,NA,NA,2.25,medium,1,3.6666666666666665,1,0,0,1,0,1,0,0,0,35,34,74,77,-1,3,-4,-1,3,-4,1,12.833333333333334,70.5,NA,70.5,19.25,0,73.25,65,31,17,10,19,0,0,84,66,69,74,68,62
NA,NA,0,NA,100,187,1,NA,NA,NA,NA,NA,NA,29.5799,-95.6085,NA,NA,1,1,1,1,NA,3,NA,NA,NA,NA,0,NA,NA,NA,3,3,2,3,1,1,2,48,8,2,NA,NA,NA,NA,NA,NA,NA,NA,1,NA,NA,NA,NA,NA,NA,NA,NA,NA,NA,NA,55,4,NA,NA,NA,NA,NA,NA,NA,NA,NA,NA,NA,NA,4,4,4,66,100,33,97,9,100,51,100,35,95,0,100,0,NA,NA,NA,control,Democrat,NA,NA,NA,NA,NA,NA,NA,NA,195,NA,30,NA,NA,NA,NA,NA,NA,NA,NA,NA,NA,18,NA,NA,NA,NA,NA,NA,NA,NA,NA,2,Weak D,1,Democrat,0,Non-MAGA,Slightly liberal,0,2,Control D,0,0,Control,8,48,4,55,NA,NA,NA,NA,NA,NA,66,33,9,51,35,0,NA,NA,NA,NA,NA,NA,100,97,100,100,95,100,2.75,medium,1,1.3333333333333333,0,0,0,0,0,0,0,0,1,48,55,8,4,-4,7,-11,7,-4,11,4,32.333333333333336,98.66666666666667,98.66666666666667,NA,39.75,17.5,99.25,97.5,66,33,9,51,35,0,100,97,100,100,95,100
NA,NA,0,NA,100,435,1,NA,NA,NA,NA,NA,NA,34.0737,-81.1863,NA,NA,1,1,2,1,NA,4,2,2,2,2,0,3,3,2,NA,NA,NA,NA,NA,NA,NA,41,46,2,NA,NA,NA,NA,NA,1,NA,NA,NA,NA,NA,NA,NA,NA,4,NA,NA,3,2,2,43,50,26,60,31,43,3,28,0,25,3,32,0,18,NA,NA,NA,NA,NA,NA,NA,NA,NA,NA,NA,NA,NA,NA,NA,1,NA,NA,NA,treatment,Republican,NA,NA,NA,NA,NA,NA,NA,NA,467,NA,587,NA,NA,NA,NA,NA,NA,NA,NA,NA,NA,21,NA,NA,NA,NA,NA,NA,NA,NA,NA,6,Weak R,2,Republican,1,Non-MAGA,Moderate,1,3,Treatment R,1,2,Match,46,41,50,43,26,31,3,0,3,0,NA,NA,NA,NA,NA,NA,60,43,28,25,32,18,NA,NA,NA,NA,NA,NA,2,medium,1,2.6666666666666665,0,0,0,0,0,1,0,0,0,46,50,41,43,4,2,2,4,2,2,2.3333333333333335,10.5,34.333333333333336,NA,34.333333333333336,15,1.5,39,25,26,31,3,0,3,0,60,43,28,25,32,18
NA,NA,0,NA,100,211,1,NA,NA,NA,NA,NA,NA,40.598,-111.9619,NA,NA,1,1,1,2,NA,1,NA,NA,NA,NA,0,NA,NA,NA,5,5,5,5,2,2,2,100,51,2,1,1,NA,NA,1,1,1,NA,NA,5,4,NA,NA,4,3,4,NA,NA,NA,NA,100,35,NA,NA,NA,NA,NA,NA,NA,NA,NA,NA,NA,NA,5,5,5,71,62,79,67,100,61,90,39,73,80,85,39,0,NA,NA,NA,control,Democrat,NA,NA,NA,NA,NA,NA,NA,NA,218,NA,509,NA,NA,NA,NA,NA,NA,NA,NA,NA,NA,22,NA,NA,NA,NA,NA,NA,NA,NA,NA,1,Strong D,1,Democrat,0,Non-MAGA,Very liberal,0,2,Control D,0,0,Control,51,100,35,100,NA,NA,NA,NA,NA,NA,71,79,100,90,73,85,NA,NA,NA,NA,NA,NA,62,67,61,39,80,39,5,strong,2,2,1,1,0,0,1,1,1,0,0,100,100,51,35,-16,0,-16,0,-16,16,5,83,58,58,NA,85,79,57.25,59.5,71,79,100,90,73,85,62,67,61,39,80,39
NA,NA,0,NA,100,401,1,NA,NA,NA,NA,NA,NA,39.6973,-104.8394,NA,NA,1,1,2,1,NA,5,3,3,3,3,0,3,4,3,NA,NA,NA,NA,NA,NA,NA,25,65,2,NA,NA,NA,NA,NA,1,NA,NA,NA,NA,NA,NA,NA,NA,4,NA,NA,4,2,2,25,65,10,25,0,10,0,5,0,5,5,10,5,10,NA,NA,NA,NA,NA,NA,NA,NA,NA,NA,NA,NA,NA,NA,NA,1,NA,NA,NA,control,Republican,NA,NA,NA,NA,NA,NA,NA,NA,412,NA,5141,NA,NA,NA,NA,NA,NA,NA,NA,NA,NA,27,NA,NA,NA,NA,NA,NA,NA,NA,NA,6,Weak R,2,Republican,1,Non-MAGA,Slightly conservative,0,1,Control R,0,0,Control,65,25,65,25,10,0,0,0,5,5,NA,NA,NA,NA,NA,NA,25,10,5,5,10,10,NA,NA,NA,NA,NA,NA,3,strong,2,3.3333333333333335,0,0,0,0,0,1,0,0,0,65,65,25,25,0,0,0,0,0,0,2.6666666666666665,3.3333333333333335,10.833333333333334,NA,10.833333333333334,2.5,5,11.25,10,10,0,0,0,5,5,25,10,5,5,10,10
NA,NA,0,NA,100,279,1,NA,NA,NA,NA,NA,NA,39.1877,-84.4572,NA,NA,1,1,3,NA,3,4,2,1,1,1,0,4,4,4,NA,NA,NA,NA,NA,NA,NA,30,30,2,1,NA,NA,1,NA,NA,1,NA,NA,3,NA,NA,5,NA,NA,5,NA,2,1,1,30,30,51,90,9,92,0,72,0,68,0,72,0,30,NA,NA,NA,NA,NA,NA,NA,NA,NA,NA,NA,NA,NA,NA,NA,1,NA,NA,NA,treatment,Republican,NA,NA,NA,NA,NA,NA,NA,NA,292,NA,1287,NA,NA,NA,NA,NA,NA,NA,NA,NA,NA,41,NA,NA,NA,NA,NA,NA,NA,NA,NA,5,Lean R,0,Independent,1,Non-MAGA,Moderate,1,3,Treatment R,1,2,Match,30,30,30,30,51,9,0,0,0,0,NA,NA,NA,NA,NA,NA,90,92,72,68,72,30,NA,NA,NA,NA,NA,NA,1.25,weak,NA,4,1,0,0,1,0,0,1,0,0,30,30,30,30,0,0,0,0,0,0,1.3333333333333333,10,70.66666666666667,NA,70.66666666666667,15,0,80.5,51,51,9,0,0,0,0,90,92,72,68,72,30
NA,NA,0,NA,100,211,1,NA,NA,NA,NA,NA,NA,44.9834,-93.262200000000007,NA,NA,1,1,1,2,NA,1,NA,NA,NA,NA,0,NA,NA,NA,3,3,4,3,1,1,1,75,0,2,NA,NA,NA,NA,NA,1,NA,NA,NA,NA,NA,NA,NA,NA,3,NA,NA,NA,NA,NA,75,0,NA,NA,NA,NA,NA,NA,NA,NA,NA,NA,NA,NA,5,4,1,100,0,65,0,49,0,51,0,0,25,0,35,0,NA,NA,NA,control,Democrat,NA,NA,NA,NA,NA,NA,NA,NA,218,NA,219,NA,NA,NA,NA,NA,NA,NA,NA,NA,NA,21,NA,NA,NA,NA,NA,NA,NA,NA,NA,1,Strong D,1,Democrat,0,Non-MAGA,Very liberal,0,2,Control D,0,0,Control,0,75,0,75,NA,NA,NA,NA,NA,NA,100,65,49,51,0,0,NA,NA,NA,NA,NA,NA,0,0,0,0,25,35,3.25,strong,2,1,0,0,0,0,0,1,0,0,0,75,75,0,0,0,0,0,0,0,0,3.3333333333333335,44.166666666666664,10,10,NA,66.25,0,0,30,100,65,49,51,0,0,0,0,0,0,25,35
NA,NA,0,NA,100,772,1,NA,NA,NA,NA,NA,NA,38.1163,-122.5714,NA,NA,1,1,1,2,NA,2,NA,NA,NA,NA,0,NA,NA,NA,4,5,5,5,3,3,2,80,20,2,1,NA,NA,1,1,1,1,NA,NA,5,NA,NA,5,4,5,2,NA,NA,NA,NA,100,0,NA,NA,NA,NA,NA,NA,NA,NA,NA,NA,NA,NA,4,5,4,25,80,0,70,0,100,0,100,0,40,0,60,0,NA,NA,NA,treatment,Democrat,NA,NA,NA,NA,NA,NA,NA,NA,783,NA,64,NA,NA,NA,NA,NA,NA,NA,NA,NA,NA,28,NA,NA,NA,NA,NA,NA,NA,NA,NA,1,Strong D,1,Democrat,0,Non-MAGA,Somewhat liberal,1,4,Treatment D,0,1,Mismatch,20,80,0,100,NA,NA,NA,NA,NA,NA,25,0,0,0,0,0,NA,NA,NA,NA,NA,NA,80,70,100,100,40,60,4.75,strong,2,2.6666666666666665,1,0,0,1,1,1,1,0,0,80,100,20,0,-20,20,-40,20,-20,40,4.333333333333333,4.166666666666667,75,75,NA,6.25,0,87.5,50,25,0,0,0,0,0,80,70,100,100,40,60
NA,NA,0,NA,100,426,1,NA,NA,NA,NA,NA,NA,36.0496,-95.8858,NA,NA,1,1,1,2,NA,2,NA,NA,NA,NA,0,NA,NA,NA,4,4,4,4,3,4,3,100,10,2,NA,NA,NA,1,NA,NA,NA,NA,NA,NA,NA,NA,4,NA,NA,NA,NA,NA,NA,NA,100,10,NA,NA,NA,NA,NA,NA,NA,NA,NA,NA,NA,NA,4,4,4,61,62,60,60,1,27,8,13,0,14,0,11,0,NA,NA,NA,treatment,Democrat,NA,NA,NA,NA,NA,NA,NA,NA,436,NA,86,NA,NA,NA,NA,NA,NA,NA,NA,NA,NA,33,NA,NA,NA,NA,NA,NA,NA,NA,NA,1,Strong D,1,Democrat,0,Non-MAGA,Somewhat liberal,1,4,Treatment D,0,1,Mismatch,10,100,10,100,NA,NA,NA,NA,NA,NA,61,60,1,8,0,0,NA,NA,NA,NA,NA,NA,62,60,27,13,14,11,4,strong,2,3.3333333333333335,0,0,0,1,0,0,0,0,0,100,100,10,10,0,0,0,0,0,0,4,21.666666666666668,31.166666666666668,31.166666666666668,NA,32.5,0,40.5,12.5,61,60,1,8,0,0,62,60,27,13,14,11
NA,NA,0,NA,100,795,1,NA,NA,NA,NA,NA,NA,42.7826,-71.1029,NA,NA,1,1,2,1,NA,5,2,2,1,3,1,3,4,3,NA,NA,NA,NA,NA,NA,NA,38,59,2,1,NA,NA,1,1,1,NA,NA,NA,4,NA,NA,1,2,3,NA,NA,2,1,1,33,63,43,67,36,59,24,43,21,33,17,36,15,32,NA,NA,NA,NA,NA,NA,NA,NA,NA,NA,NA,NA,NA,NA,NA,2,NA,NA,NA,treatment,Republican,NA,NA,NA,NA,NA,NA,NA,NA,805,NA,7407,NA,NA,NA,NA,NA,NA,NA,NA,NA,NA,36,NA,NA,NA,NA,NA,NA,NA,NA,NA,6,Weak R,2,Republican,1,MAGA,Slightly conservative,1,3,Treatment R,1,2,Match,59,38,63,33,43,36,24,21,17,15,NA,NA,NA,NA,NA,NA,67,59,43,33,36,32,NA,NA,NA,NA,NA,NA,2,medium,1,3.3333333333333335,1,0,0,1,1,1,0,0,0,59,63,38,33,4,-5,9,4,-5,9,1.3333333333333333,26,45,NA,45,31,16,50.5,34,43,36,24,21,17,15,67,59,43,33,36,32
NA,NA,0,NA,100,174,1,NA,NA,NA,NA,NA,NA,30.4522,-95.71,NA,NA,1,1,3,NA,1,4,NA,NA,NA,NA,0,NA,NA,NA,3,3,2,3,3,3,3,81,71,2,NA,NA,NA,NA,NA,1,NA,NA,NA,NA,NA,NA,NA,NA,2,NA,NA,NA,NA,NA,74,65,NA,NA,NA,NA,NA,NA,NA,NA,NA,NA,NA,NA,2,2,1,33,33,9,8,0,0,0,14,0,0,0,16,0,NA,NA,NA,control,Democrat,NA,NA,NA,NA,NA,NA,NA,NA,185,NA,586,NA,NA,NA,NA,NA,NA,NA,NA,NA,NA,24,NA,NA,NA,NA,NA,NA,NA,NA,NA,3,Lean D,0,Independent,0,Non-MAGA,Moderate,0,2,Control D,0,0,Control,71,81,65,74,NA,NA,NA,NA,NA,NA,33,9,0,0,0,0,NA,NA,NA,NA,NA,NA,33,8,0,14,0,16,2.75,medium,1,3,0,0,0,0,0,1,0,0,0,81,74,71,65,-6,-7,1,-7,-6,-1,5,7,11.833333333333334,11.833333333333334,NA,10.5,0,13.75,8,33,9,0,0,0,0,33,8,0,14,0,16
NA,NA,0,NA,100,544,1,NA,NA,NA,NA,NA,NA,34.0544,-118.244,NA,NA,1,1,1,2,NA,2,NA,NA,NA,NA,0,NA,NA,NA,4,4,4,4,2,2,2,92,13,2,NA,NA,NA,NA,NA,NA,NA,1,NA,NA,NA,NA,NA,NA,NA,NA,3,NA,NA,NA,91,9,NA,NA,NA,NA,NA,NA,NA,NA,NA,NA,NA,NA,4,1,1,53,52,27,9,0,0,0,0,0,0,0,0,0,NA,NA,NA,control,Democrat,NA,NA,NA,NA,NA,NA,NA,NA,581,NA,4122,NA,NA,NA,NA,NA,NA,NA,NA,NA,NA,55,NA,NA,NA,NA,NA,NA,NA,NA,NA,1,Strong D,1,Democrat,0,Non-MAGA,Somewhat liberal,0,2,Control D,0,0,Control,13,92,9,91,NA,NA,NA,NA,NA,NA,53,27,0,0,0,0,NA,NA,NA,NA,NA,NA,52,9,0,0,0,0,4,strong,2,2,0,0,0,0,0,0,0,1,0,92,91,13,9,-4,-1,-3,-1,-4,3,2,13.333333333333334,10.166666666666666,10.166666666666666,NA,20,0,15.25,0,53,27,0,0,0,0,52,9,0,0,0,0
NA,NA,0,NA,100,489,1,NA,NA,NA,NA,NA,NA,39.9046,-82.9703,NA,NA,1,1,1,2,NA,1,NA,NA,NA,NA,0,NA,NA,NA,3,3,3,3,2,2,2,100,0,2,NA,NA,NA,1,NA,NA,NA,NA,NA,NA,NA,NA,2,NA,NA,NA,NA,NA,NA,NA,100,0,NA,NA,NA,NA,NA,NA,NA,NA,NA,NA,NA,NA,4,5,4,71,19,30,0,0,0,0,0,0,0,0,0,0,NA,NA,NA,treatment,Democrat,NA,NA,NA,NA,NA,NA,NA,NA,522,NA,6514,NA,NA,NA,NA,NA,NA,NA,NA,NA,NA,38,NA,NA,NA,NA,NA,NA,NA,NA,NA,1,Strong D,1,Democrat,0,Non-MAGA,Very liberal,1,4,Treatment D,0,1,Mismatch,0,100,0,100,NA,NA,NA,NA,NA,NA,71,30,0,0,0,0,NA,NA,NA,NA,NA,NA,19,0,0,0,0,0,3,strong,2,2,0,0,0,1,0,0,0,0,0,100,100,0,0,0,0,0,0,0,0,4.333333333333333,16.833333333333332,3.1666666666666665,3.1666666666666665,NA,25.25,0,4.75,0,71,30,0,0,0,0,19,0,0,0,0,0
NA,NA,0,NA,100,490,1,NA,NA,NA,NA,NA,NA,30.4421,-97.6339,NA,NA,1,1,3,NA,1,3,NA,NA,NA,NA,0,NA,NA,NA,1,2,1,1,2,3,1,41,19,2,NA,NA,NA,NA,NA,NA,NA,NA,1,NA,NA,NA,NA,NA,NA,NA,NA,NA,NA,NA,40,20,NA,NA,NA,NA,NA,NA,NA,NA,NA,NA,NA,NA,4,1,1,30,45,55,55,0,15,0,20,20,30,5,12,0,NA,NA,NA,control,Democrat,NA,NA,NA,NA,NA,NA,NA,NA,503,NA,1107,NA,NA,NA,NA,NA,NA,NA,NA,NA,NA,62,NA,NA,NA,NA,NA,NA,NA,NA,NA,3,Lean D,0,Independent,0,Non-MAGA,Slightly liberal,0,2,Control D,0,0,Control,19,41,20,40,NA,NA,NA,NA,NA,NA,30,55,0,0,20,5,NA,NA,NA,NA,NA,NA,45,55,15,20,30,12,1.25,weak,NA,2,0,0,0,0,0,0,0,0,1,41,40,19,20,1,-1,2,-1,1,-2,6,18.333333333333332,29.5,29.5,NA,21.25,12.5,33.75,21,30,55,0,0,20,5,45,55,15,20,30,12
NA,NA,0,NA,100,316,1,NA,NA,NA,NA,NA,NA,38.7893,-104.8221,NA,NA,1,1,2,1,NA,7,2,3,3,3,0,2,3,3,NA,NA,NA,NA,NA,NA,NA,47,51,2,NA,NA,NA,NA,NA,NA,1,NA,NA,NA,NA,NA,NA,NA,NA,3,NA,2,1,1,47,53,39,40,12,16,0,2,0,0,0,1,0,0,NA,NA,NA,NA,NA,NA,NA,NA,NA,NA,NA,NA,NA,NA,NA,1,NA,NA,NA,treatment,Republican,NA,NA,NA,NA,NA,NA,NA,NA,326,NA,5201,NA,NA,NA,NA,NA,NA,NA,NA,NA,NA,50,NA,NA,NA,NA,NA,NA,NA,NA,NA,6,Weak R,2,Republican,1,Non-MAGA,Very conservative,1,3,Treatment R,1,2,Match,51,47,53,47,39,12,0,0,0,0,NA,NA,NA,NA,NA,NA,40,16,2,0,1,0,NA,NA,NA,NA,NA,NA,2.75,medium,1,2.6666666666666665,0,0,0,0,0,0,1,0,0,51,53,47,47,2,0,2,2,0,2,1.3333333333333333,8.5,9.833333333333334,NA,9.833333333333334,12.75,0,14.5,0.5,39,12,0,0,0,0,40,16,2,0,1,0
NA,NA,0,NA,100,525,1,NA,NA,NA,NA,NA,NA,36.7539,-119.7085,NA,NA,1,1,3,NA,1,1,NA,NA,NA,NA,0,NA,NA,NA,2,2,2,2,3,3,3,60,35,2,1,NA,NA,1,NA,NA,1,NA,NA,4,NA,NA,5,NA,NA,3,NA,NA,NA,NA,60,35,NA,NA,NA,NA,NA,NA,NA,NA,NA,NA,NA,NA,4,3,2,50,70,30,70,10,60,10,60,10,60,15,75,0,NA,NA,NA,treatment,Democrat,NA,NA,NA,NA,NA,NA,NA,NA,549,NA,147,NA,NA,NA,NA,NA,NA,NA,NA,NA,NA,45,NA,NA,NA,NA,NA,NA,NA,NA,NA,3,Lean D,0,Independent,0,Non-MAGA,Very liberal,1,4,Treatment D,0,1,Mismatch,35,60,35,60,NA,NA,NA,NA,NA,NA,50,30,10,10,10,15,NA,NA,NA,NA,NA,NA,70,70,60,60,60,75,2,medium,1,3,1,0,0,1,0,0,1,0,0,60,60,35,35,0,0,0,0,0,0,9,20.833333333333332,65.83333333333333,65.83333333333333,NA,25,12.5,65,67.5,50,30,10,10,10,15,70,70,60,60,60,75
NA,NA,0,NA,100,1300,1,NA,NA,NA,NA,NA,NA,37.353,-121.9544,NA,NA,0.600000023841858,1,1,2,NA,6,NA,NA,NA,NA,0,NA,NA,NA,4,4,5,5,4,4,4,50,50,2,NA,NA,NA,NA,NA,NA,NA,1,NA,NA,NA,NA,NA,NA,NA,NA,5,NA,NA,NA,95,52,NA,NA,NA,NA,NA,NA,NA,NA,NA,NA,NA,NA,3,3,3,0,83,29,88,32,84,32,84,0,11,0,96,0,NA,NA,NA,control,Democrat,NA,NA,NA,NA,NA,NA,NA,NA,1320,NA,44,NA,NA,NA,NA,NA,NA,NA,NA,NA,NA,33,NA,NA,NA,NA,NA,NA,NA,NA,NA,1,Strong D,1,Democrat,0,Non-MAGA,Somewhat conservative,0,2,Control D,0,0,Control,50,50,52,95,NA,NA,NA,NA,NA,NA,0,29,32,32,0,0,NA,NA,NA,NA,NA,NA,83,88,84,84,11,96,4.5,strong,2,4,0,0,0,0,0,0,0,1,0,50,95,50,52,2,45,-43,45,2,43,3,15.5,74.33333333333333,74.33333333333333,NA,23.25,0,84.75,53.5,0,29,32,32,0,0,83,88,84,84,11,96
NA,NA,0,NA,100,325,1,NA,NA,NA,NA,NA,NA,35.5039,-80.6338,NA,NA,1,1,1,1,NA,3,NA,NA,NA,NA,0,NA,NA,NA,2,3,2,2,3,3,3,51,40,2,1,NA,NA,1,NA,NA,NA,NA,NA,2,NA,NA,2,NA,NA,NA,NA,NA,NA,NA,54,32,NA,NA,NA,NA,NA,NA,NA,NA,NA,NA,NA,NA,4,2,3,50,64,29,41,0,15,0,27,0,8,1,11,0,NA,NA,NA,treatment,Democrat,NA,NA,NA,NA,NA,NA,NA,NA,334,NA,1647,NA,NA,NA,NA,NA,NA,NA,NA,NA,NA,32,NA,NA,NA,NA,NA,NA,NA,NA,NA,2,Weak D,1,Democrat,0,Non-MAGA,Slightly liberal,1,4,Treatment D,0,1,Mismatch,40,51,32,54,NA,NA,NA,NA,NA,NA,50,29,0,0,0,1,NA,NA,NA,NA,NA,NA,64,41,15,27,8,11,2.25,medium,1,3,1,0,0,1,0,0,0,0,0,51,54,40,32,-8,3,-11,3,-8,11,3,13.333333333333334,27.666666666666668,27.666666666666668,NA,19.75,0.5,36.75,9.5,50,29,0,0,0,1,64,41,15,27,8,11
NA,NA,0,NA,100,531,1,NA,NA,NA,NA,NA,NA,38.6975,-121.2714,NA,NA,0.699999988079071,1,1,1,NA,2,NA,NA,NA,NA,0,NA,NA,NA,2,3,3,3,2,2,2,78,16,2,NA,NA,1,NA,NA,1,1,NA,NA,NA,NA,2,NA,NA,3,3,NA,NA,NA,NA,74,11,NA,NA,NA,NA,NA,NA,NA,NA,NA,NA,NA,NA,5,4,3,92,94,23,74,5,94,0,89,9,80,4,78,0,NA,NA,NA,control,Democrat,NA,NA,NA,NA,NA,NA,NA,NA,545,NA,4014,NA,NA,NA,NA,NA,NA,NA,NA,NA,NA,28,NA,NA,NA,NA,NA,NA,NA,NA,NA,2,Weak D,1,Democrat,0,Non-MAGA,Somewhat liberal,0,2,Control D,0,0,Control,16,78,11,74,NA,NA,NA,NA,NA,NA,92,23,5,0,9,4,NA,NA,NA,NA,NA,NA,94,74,94,89,80,78,2.75,medium,1,2,0,0,1,0,0,1,1,0,0,78,74,16,11,-5,-4,-1,-4,-5,1,4,22.166666666666668,84.83333333333333,84.83333333333333,NA,30,6.5,87.75,79,92,23,5,0,9,4,94,74,94,89,80,78
NA,NA,0,NA,100,1825,1,NA,NA,NA,NA,NA,NA,29.9813,-90.1663,NA,NA,0.800000011920929,1,2,2,NA,7,5,5,5,5,0,3,3,4,NA,NA,NA,NA,NA,NA,NA,50,100,2,NA,NA,NA,NA,NA,NA,NA,1,NA,NA,NA,NA,NA,NA,NA,NA,4,3,3,3,50,100,100,100,0,0,0,0,50,50,0,0,0,0,NA,NA,NA,NA,NA,NA,NA,NA,NA,NA,NA,NA,NA,NA,NA,1,NA,NA,NA,treatment,Republican,NA,NA,NA,NA,NA,NA,NA,NA,1858,NA,4435,NA,NA,NA,NA,NA,NA,NA,NA,NA,NA,35,NA,NA,NA,NA,NA,NA,NA,NA,NA,7,Strong R,2,Republican,1,Non-MAGA,Very conservative,1,3,Treatment R,1,2,Match,100,50,100,50,100,0,0,50,0,0,NA,NA,NA,NA,NA,NA,100,0,0,50,0,0,NA,NA,NA,NA,NA,NA,5,strong,2,3.3333333333333335,0,0,0,0,0,0,0,1,0,100,100,50,50,0,0,0,0,0,0,3,25,25,NA,25,37.5,0,37.5,0,100,0,0,50,0,0,100,0,0,50,0,0
NA,NA,0,NA,100,349,1,NA,NA,NA,NA,NA,NA,39.0169,-94.3137,NA,NA,1,1,1,1,NA,2,NA,NA,NA,NA,0,NA,NA,NA,3,3,2,3,3,3,2,85,20,2,NA,NA,NA,NA,NA,1,NA,1,NA,NA,NA,NA,NA,NA,2,NA,4,NA,NA,NA,85,20,NA,NA,NA,NA,NA,NA,NA,NA,NA,NA,NA,NA,4,3,2,75,85,25,65,0,35,5,40,45,60,20,30,0,NA,NA,NA,control,Democrat,NA,NA,NA,NA,NA,NA,NA,NA,360,NA,6276,NA,NA,NA,NA,NA,NA,NA,NA,NA,NA,58,NA,NA,NA,NA,NA,NA,NA,NA,NA,2,Weak D,1,Democrat,0,Non-MAGA,Somewhat liberal,0,2,Control D,0,0,Control,20,85,20,85,NA,NA,NA,NA,NA,NA,75,25,0,5,45,20,NA,NA,NA,NA,NA,NA,85,65,35,40,60,30,2.75,medium,1,2.6666666666666665,0,0,0,0,0,1,0,1,0,85,85,20,20,0,0,0,0,0,0,3,28.333333333333332,52.5,52.5,NA,26.25,32.5,56.25,45,75,25,0,5,45,20,85,65,35,40,60,30
NA,NA,0,NA,100,550,1,NA,NA,NA,NA,NA,NA,39.0814,-77.6443,NA,NA,0.899999976158142,1,2,1,NA,2,4,4,4,4,1,3,3,3,NA,NA,NA,NA,NA,NA,NA,58,100,2,NA,NA,NA,NA,NA,NA,NA,1,NA,NA,NA,NA,NA,NA,NA,NA,3,2,2,2,57,83,44,43,43,21,37,44,14,38,24,38,38,20,NA,NA,NA,NA,NA,NA,NA,NA,NA,NA,NA,NA,NA,NA,NA,2,NA,NA,NA,control,Republican,NA,NA,NA,NA,NA,NA,NA,NA,572,NA,228,NA,NA,NA,NA,NA,NA,NA,NA,NA,NA,21,NA,NA,NA,NA,NA,NA,NA,NA,NA,6,Weak R,2,Republican,1,MAGA,Somewhat liberal,0,1,Control R,0,0,Control,100,58,83,57,44,43,37,14,24,38,NA,NA,NA,NA,NA,NA,43,21,44,38,38,20,NA,NA,NA,NA,NA,NA,4,strong,2,3,0,0,0,0,0,0,0,1,0,100,83,58,57,-17,-1,-16,-17,-1,-16,2,33.333333333333336,34,NA,34,34.5,31,36.5,29,44,43,37,14,24,38,43,21,44,38,38,20
NA,NA,0,NA,100,204,1,NA,NA,NA,NA,NA,NA,28.0823,-82.7297,NA,NA,1,1,1,1,NA,1,NA,NA,NA,NA,0,NA,NA,NA,2,3,3,4,4,4,3,60,20,2,NA,NA,NA,NA,NA,NA,NA,1,NA,NA,NA,NA,NA,NA,NA,NA,3,NA,NA,NA,60,20,NA,NA,NA,NA,NA,NA,NA,NA,NA,NA,NA,NA,4,2,1,40,75,15,20,5,10,5,10,0,10,0,10,0,NA,NA,NA,control,Democrat,NA,NA,NA,NA,NA,NA,NA,NA,213,NA,4980,NA,NA,NA,NA,NA,NA,NA,NA,NA,NA,46,NA,NA,NA,NA,NA,NA,NA,NA,NA,2,Weak D,1,Democrat,0,Non-MAGA,Very liberal,0,2,Control D,0,0,Control,20,60,20,60,NA,NA,NA,NA,NA,NA,40,15,5,5,0,0,NA,NA,NA,NA,NA,NA,75,20,10,10,10,10,3,strong,2,3.6666666666666665,0,0,0,0,0,0,0,1,0,60,60,20,20,0,0,0,0,0,0,2.3333333333333335,10.833333333333334,22.5,22.5,NA,16.25,0,28.75,10,40,15,5,5,0,0,75,20,10,10,10,10
NA,NA,0,NA,100,516,1,NA,NA,NA,NA,NA,NA,31.1138,-97.7283,NA,NA,1,1,3,NA,1,1,NA,NA,NA,NA,0,NA,NA,NA,2,2,2,2,1,1,1,25,0,2,1,NA,NA,1,NA,NA,NA,NA,NA,4,NA,NA,5,NA,NA,NA,NA,NA,NA,NA,25,0,NA,NA,NA,NA,NA,NA,NA,NA,NA,NA,NA,NA,5,5,4,60,100,40,100,0,65,70,80,55,100,50,76,0,NA,NA,NA,treatment,Democrat,NA,NA,NA,NA,NA,NA,NA,NA,529,NA,358,NA,NA,NA,NA,NA,NA,NA,NA,NA,NA,34,NA,NA,NA,NA,NA,NA,NA,NA,NA,3,Lean D,0,Independent,0,Non-MAGA,Very liberal,1,4,Treatment D,0,1,Mismatch,0,25,0,25,NA,NA,NA,NA,NA,NA,60,40,0,70,55,50,NA,NA,NA,NA,NA,NA,100,100,65,80,100,76,2,medium,1,1,1,0,0,1,0,0,0,0,0,25,25,0,0,0,0,0,0,0,0,14,45.833333333333336,86.83333333333333,86.83333333333333,NA,42.5,52.5,86.25,88,60,40,0,70,55,50,100,100,65,80,100,76
NA,NA,0,NA,100,285,1,NA,NA,NA,NA,NA,NA,38.9307,-77.1673,NA,NA,1,1,1,1,NA,3,NA,NA,NA,NA,0,NA,NA,NA,2,3,2,3,2,3,2,29,7,2,NA,NA,NA,NA,NA,1,NA,NA,NA,NA,NA,NA,NA,NA,4,NA,NA,NA,NA,NA,30,9,NA,NA,NA,NA,NA,NA,NA,NA,NA,NA,NA,NA,5,4,3,40,40,30,30,15,15,20,20,10,10,10,10,0,NA,NA,NA,control,Democrat,NA,NA,NA,NA,NA,NA,NA,NA,294,NA,1760,NA,NA,NA,NA,NA,NA,NA,NA,NA,NA,54,NA,NA,NA,NA,NA,NA,NA,NA,NA,2,Weak D,1,Democrat,0,Non-MAGA,Slightly liberal,0,2,Control D,0,0,Control,7,29,9,30,NA,NA,NA,NA,NA,NA,40,30,15,20,10,10,NA,NA,NA,NA,NA,NA,40,30,15,20,10,10,2.5,medium,1,2.3333333333333335,0,0,0,0,0,1,0,0,0,29,30,7,9,2,1,1,1,2,-1,4,20.833333333333332,20.833333333333332,20.833333333333332,NA,26.25,10,26.25,10,40,30,15,20,10,10,40,30,15,20,10,10
NA,NA,0,NA,100,702,1,NA,NA,NA,NA,NA,NA,37.751,-97.822,NA,NA,0.600000023841858,1,1,2,NA,6,NA,NA,NA,NA,0,NA,NA,NA,5,5,5,5,2,4,4,100,60,2,1,NA,NA,1,1,1,NA,NA,NA,3,NA,NA,4,2,3,NA,NA,NA,NA,NA,100,40,NA,NA,NA,NA,NA,NA,NA,NA,NA,NA,NA,NA,3,2,1,NA,30,NA,16,0,0,0,0,0,0,0,0,0,NA,NA,NA,treatment,Democrat,NA,NA,NA,NA,NA,NA,NA,NA,721,NA,348,NA,NA,NA,NA,NA,NA,NA,NA,NA,NA,21,NA,NA,NA,NA,NA,NA,NA,NA,NA,1,Strong D,1,Democrat,0,Non-MAGA,Somewhat conservative,1,4,Treatment D,0,1,Mismatch,60,100,40,100,NA,NA,NA,NA,NA,NA,NA,NA,0,0,0,0,NA,NA,NA,NA,NA,NA,30,16,0,0,0,0,5,strong,2,3.3333333333333335,1,0,0,1,1,1,0,0,0,100,100,60,40,-20,0,-20,0,-20,20,2,NA,7.666666666666667,7.666666666666667,NA,NA,0,11.5,0,NA,NA,0,0,0,0,30,16,0,0,0,0
NA,NA,0,NA,100,321,1,NA,NA,NA,NA,NA,NA,33.9733,-84.2231,NA,NA,1,1,3,NA,3,5,1,2,3,2,1,4,4,3,NA,NA,NA,NA,NA,NA,NA,30,70,2,1,NA,NA,NA,NA,1,NA,1,NA,3,NA,NA,NA,NA,2,NA,4,4,3,1,30,60,100,75,0,20,0,10,0,5,0,3,0,3,NA,NA,NA,NA,NA,NA,NA,NA,NA,NA,NA,NA,NA,NA,NA,2,NA,NA,NA,control,Republican,NA,NA,NA,NA,NA,NA,NA,NA,389,NA,87,NA,NA,NA,NA,NA,NA,NA,NA,NA,NA,47,NA,NA,NA,NA,NA,NA,NA,NA,NA,5,Lean R,0,Independent,1,MAGA,Slightly conservative,0,1,Control R,0,0,Control,70,30,60,30,100,0,0,0,0,0,NA,NA,NA,NA,NA,NA,75,20,10,5,3,3,NA,NA,NA,NA,NA,NA,2,medium,1,3.6666666666666665,1,0,0,0,0,1,0,1,0,70,60,30,30,-10,0,-10,-10,0,-10,2.6666666666666665,16.666666666666668,19.333333333333332,NA,19.333333333333332,25,0,27.5,3,100,0,0,0,0,0,75,20,10,5,3,3
NA,NA,0,NA,100,207,1,NA,NA,NA,NA,NA,NA,34.879,-83.992,NA,NA,1,1,3,NA,1,2,NA,NA,NA,NA,0,NA,NA,NA,2,2,2,2,3,4,4,50,50,2,NA,NA,NA,NA,NA,1,1,NA,NA,NA,NA,NA,NA,NA,3,3,NA,NA,NA,NA,50,50,NA,NA,NA,NA,NA,NA,NA,NA,NA,NA,NA,NA,3,3,1,50,50,0,0,0,0,0,0,0,0,0,0,0,NA,NA,NA,control,Democrat,NA,NA,NA,NA,NA,NA,NA,NA,214,NA,10811,NA,NA,NA,NA,NA,NA,NA,NA,NA,NA,46,NA,NA,NA,NA,NA,NA,NA,NA,NA,3,Lean D,0,Independent,0,Non-MAGA,Somewhat liberal,0,2,Control D,0,0,Control,50,50,50,50,NA,NA,NA,NA,NA,NA,50,0,0,0,0,0,NA,NA,NA,NA,NA,NA,50,0,0,0,0,0,2,medium,1,3.6666666666666665,0,0,0,0,0,1,1,0,0,50,50,50,50,0,0,0,0,0,0,7,8.333333333333334,8.333333333333334,8.333333333333334,NA,12.5,0,12.5,0,50,0,0,0,0,0,50,0,0,0,0,0
NA,NA,0,NA,100,203,1,NA,NA,NA,NA,NA,NA,38.7142,-90.2759,NA,NA,1,1,1,1,NA,3,NA,NA,NA,NA,0,NA,NA,NA,1,3,1,2,3,4,4,76,71,2,NA,NA,NA,NA,NA,NA,NA,1,NA,NA,NA,NA,NA,NA,NA,NA,3,NA,NA,NA,75,71,NA,NA,NA,NA,NA,NA,NA,NA,NA,NA,NA,NA,2,1,1,35,30,40,34,0,0,0,0,0,10,0,5,0,NA,NA,NA,control,Democrat,NA,NA,NA,NA,NA,NA,NA,NA,223,NA,5621,NA,NA,NA,NA,NA,NA,NA,NA,NA,NA,39,NA,NA,NA,NA,NA,NA,NA,NA,NA,2,Weak D,1,Democrat,0,Non-MAGA,Slightly liberal,0,2,Control D,0,0,Control,71,76,71,75,NA,NA,NA,NA,NA,NA,35,40,0,0,0,0,NA,NA,NA,NA,NA,NA,30,34,0,0,10,5,1.75,medium,1,3.6666666666666665,0,0,0,0,0,0,0,1,0,76,75,71,71,0,-1,1,-1,0,-1,1.3333333333333333,12.5,13.166666666666666,13.166666666666666,NA,18.75,0,16,7.5,35,40,0,0,0,0,30,34,0,0,10,5
NA,NA,0,NA,100,2597,1,NA,NA,NA,NA,NA,NA,33.4053,-111.7227,NA,NA,1,1,3,NA,3,5,2,2,1,2,0,3,3,4,NA,NA,NA,NA,NA,NA,NA,40,64,2,NA,NA,NA,NA,NA,NA,NA,NA,1,NA,NA,NA,NA,NA,NA,NA,NA,3,2,1,42,56,10,10,5,7,4,5,2,3,2,4,2,4,NA,NA,NA,NA,NA,NA,NA,NA,NA,NA,NA,NA,NA,NA,NA,1,NA,NA,NA,treatment,Republican,NA,NA,NA,NA,NA,NA,NA,NA,2605,NA,1462,NA,NA,NA,NA,NA,NA,NA,NA,NA,NA,56,NA,NA,NA,NA,NA,NA,NA,NA,NA,5,Lean R,0,Independent,1,Non-MAGA,Slightly conservative,1,3,Treatment R,1,2,Match,64,40,56,42,10,5,4,2,2,2,NA,NA,NA,NA,NA,NA,10,7,5,3,4,4,NA,NA,NA,NA,NA,NA,1.75,medium,1,3.3333333333333335,0,0,0,0,0,0,0,0,1,64,56,40,42,-8,2,-10,-8,2,-10,2,4.166666666666667,5.5,NA,5.5,5.25,2,6.25,4,10,5,4,2,2,2,10,7,5,3,4,4
NA,NA,0,NA,100,777,1,NA,NA,NA,NA,NA,NA,38.9602,-95.2489,NA,NA,1,1,1,2,NA,2,NA,NA,NA,NA,0,NA,NA,NA,4,3,2,4,4,4,3,70,40,2,NA,NA,NA,NA,NA,1,1,NA,NA,NA,NA,NA,NA,NA,4,4,NA,NA,NA,NA,70,40,NA,NA,NA,NA,NA,NA,NA,NA,NA,NA,NA,NA,3,4,1,20,85,0,70,0,70,0,70,0,50,0,70,0,NA,NA,NA,treatment,Democrat,NA,NA,NA,NA,NA,NA,NA,NA,790,NA,139,NA,NA,NA,NA,NA,NA,NA,NA,NA,NA,46,NA,NA,NA,NA,NA,NA,NA,NA,NA,1,Strong D,1,Democrat,0,Non-MAGA,Somewhat liberal,1,4,Treatment D,0,1,Mismatch,40,70,40,70,NA,NA,NA,NA,NA,NA,20,0,0,0,0,0,NA,NA,NA,NA,NA,NA,85,70,70,70,50,70,3.25,strong,2,3.6666666666666665,0,0,0,0,0,1,1,0,0,70,70,40,40,0,0,0,0,0,0,2.6666666666666665,3.3333333333333335,69.16666666666667,69.16666666666667,NA,5,0,73.75,60,20,0,0,0,0,0,85,70,70,70,50,70
NA,NA,0,NA,100,278,1,NA,NA,NA,NA,NA,NA,38.6646,-90.5758,NA,NA,1,1,2,2,NA,6,4,4,3,4,1,4,4,4,NA,NA,NA,NA,NA,NA,NA,25,81,2,NA,NA,NA,NA,NA,NA,NA,1,NA,NA,NA,NA,NA,NA,NA,NA,4,4,4,2,22,83,35,44,19,29,10,14,13,24,1,3,13,19,NA,NA,NA,NA,NA,NA,NA,NA,NA,NA,NA,NA,NA,NA,NA,2,NA,NA,NA,treatment,Republican,NA,NA,NA,NA,NA,NA,NA,NA,290,NA,10405,NA,NA,NA,NA,NA,NA,NA,NA,NA,NA,55,NA,NA,NA,NA,NA,NA,NA,NA,NA,7,Strong R,2,Republican,1,MAGA,Somewhat conservative,1,3,Treatment R,1,2,Match,81,25,83,22,35,19,10,13,1,13,NA,NA,NA,NA,NA,NA,44,29,14,24,3,19,NA,NA,NA,NA,NA,NA,3.75,strong,2,4,0,0,0,0,0,0,0,1,0,81,83,25,22,2,-3,5,2,-3,5,3.3333333333333335,15.166666666666666,22.166666666666668,NA,22.166666666666668,19.25,7,27.75,11,35,19,10,13,1,13,44,29,14,24,3,19
NA,NA,0,NA,100,314,1,NA,NA,NA,NA,NA,NA,40.6704,-73.6981,NA,NA,1,1,2,2,NA,6,4,4,4,5,1,3,3,3,NA,NA,NA,NA,NA,NA,NA,25,85,2,NA,NA,NA,NA,NA,NA,NA,1,NA,NA,NA,NA,NA,NA,NA,NA,3,4,3,2,25,90,15,20,65,85,0,5,0,75,0,0,0,5,NA,NA,NA,NA,NA,NA,NA,NA,NA,NA,NA,NA,NA,NA,NA,2,NA,NA,NA,control,Republican,NA,NA,NA,NA,NA,NA,NA,NA,323,NA,2835,NA,NA,NA,NA,NA,NA,NA,NA,NA,NA,59,NA,NA,NA,NA,NA,NA,NA,NA,NA,7,Strong R,2,Republican,1,MAGA,Somewhat conservative,0,1,Control R,0,0,Control,85,25,90,25,15,65,0,0,0,0,NA,NA,NA,NA,NA,NA,20,85,5,75,0,5,NA,NA,NA,NA,NA,NA,4.25,strong,2,3,0,0,0,0,0,0,0,1,0,85,90,25,25,5,0,5,5,0,5,3,13.333333333333334,31.666666666666668,NA,31.666666666666668,20,0,46.25,2.5,15,65,0,0,0,0,20,85,5,75,0,5
NA,NA,0,NA,100,379,1,NA,NA,NA,NA,NA,NA,35.0742,-85.6261,NA,NA,1,1,1,2,NA,2,NA,NA,NA,NA,0,NA,NA,NA,4,4,2,4,3,3,3,91,68,2,NA,NA,NA,1,NA,NA,NA,NA,NA,NA,NA,NA,4,NA,NA,NA,NA,NA,NA,NA,90,67,NA,NA,NA,NA,NA,NA,NA,NA,NA,NA,NA,NA,2,1,2,50,50,0,0,0,12,0,39,0,21,0,18,0,NA,NA,NA,treatment,Democrat,NA,NA,NA,NA,NA,NA,NA,NA,389,NA,5983,NA,NA,NA,NA,NA,NA,NA,NA,NA,NA,63,NA,NA,NA,NA,NA,NA,NA,NA,NA,1,Strong D,1,Democrat,0,Non-MAGA,Somewhat liberal,1,4,Treatment D,0,1,Mismatch,68,91,67,90,NA,NA,NA,NA,NA,NA,50,0,0,0,0,0,NA,NA,NA,NA,NA,NA,50,0,12,39,21,18,3.5,strong,2,3,0,0,0,1,0,0,0,0,0,91,90,68,67,-1,-1,0,-1,-1,0,1.6666666666666667,8.333333333333334,23.333333333333332,23.333333333333332,NA,12.5,0,25.25,19.5,50,0,0,0,0,0,50,0,12,39,21,18
NA,NA,0,NA,100,531,1,NA,NA,NA,NA,NA,NA,37.751,-97.822,NA,NA,0.899999976158142,1,2,2,NA,6,4,4,4,5,1,3,3,4,NA,NA,NA,NA,NA,NA,NA,40,96,2,NA,NA,NA,NA,NA,NA,NA,1,NA,NA,NA,NA,NA,NA,NA,NA,3,4,4,3,30,93,50,60,30,40,61,61,50,49,20,19,19,18,NA,NA,NA,NA,NA,NA,NA,NA,NA,NA,NA,NA,NA,NA,NA,2,NA,NA,NA,treatment,Republican,NA,NA,NA,NA,NA,NA,NA,NA,551,NA,33,NA,NA,NA,NA,NA,NA,NA,NA,NA,NA,35,NA,NA,NA,NA,NA,NA,NA,NA,NA,7,Strong R,2,Republican,1,MAGA,Somewhat conservative,1,3,Treatment R,1,2,Match,96,40,93,30,50,30,61,50,20,19,NA,NA,NA,NA,NA,NA,60,40,61,49,19,18,NA,NA,NA,NA,NA,NA,4.25,strong,2,3.3333333333333335,0,0,0,0,0,0,0,1,0,96,93,40,30,-3,-10,7,-3,-10,7,3.6666666666666665,38.333333333333336,41.166666666666664,NA,41.166666666666664,47.75,19.5,52.5,18.5,50,30,61,50,20,19,60,40,61,49,19,18
NA,NA,0,NA,100,467,1,NA,NA,NA,NA,NA,NA,39.9943,-75.1181,NA,NA,1,1,1,1,NA,2,NA,NA,NA,NA,0,NA,NA,NA,3,3,3,3,4,4,2,80,74,2,NA,NA,NA,1,NA,NA,NA,NA,NA,NA,NA,NA,2,NA,NA,NA,NA,NA,NA,NA,86,80,NA,NA,NA,NA,NA,NA,NA,NA,NA,NA,NA,NA,2,1,1,50,50,13,11,0,0,0,0,0,0,0,0,0,NA,NA,NA,treatment,Democrat,NA,NA,NA,NA,NA,NA,NA,NA,477,NA,2530,NA,NA,NA,NA,NA,NA,NA,NA,NA,NA,35,NA,NA,NA,NA,NA,NA,NA,NA,NA,2,Weak D,1,Democrat,0,Non-MAGA,Somewhat liberal,1,4,Treatment D,0,1,Mismatch,74,80,80,86,NA,NA,NA,NA,NA,NA,50,13,0,0,0,0,NA,NA,NA,NA,NA,NA,50,11,0,0,0,0,3,strong,2,3.3333333333333335,0,0,0,1,0,0,0,0,0,80,86,74,80,6,6,0,6,6,0,1.3333333333333333,10.5,10.166666666666666,10.166666666666666,NA,15.75,0,15.25,0,50,13,0,0,0,0,50,11,0,0,0,0
NA,NA,0,NA,100,605,1,NA,NA,NA,NA,NA,NA,39.015,-94.1986,NA,NA,1,1,1,2,NA,2,NA,NA,NA,NA,0,NA,NA,NA,3,3,2,3,1,2,2,82,3,2,NA,NA,NA,NA,NA,NA,1,NA,NA,NA,NA,NA,NA,NA,NA,4,NA,NA,NA,NA,83,3,NA,NA,NA,NA,NA,NA,NA,NA,NA,NA,NA,NA,5,4,4,5,5,0,0,0,0,0,0,0,56,0,63,0,NA,NA,NA,control,Democrat,NA,NA,NA,NA,NA,NA,NA,NA,617,NA,7605,NA,NA,NA,NA,NA,NA,NA,NA,NA,NA,54,NA,NA,NA,NA,NA,NA,NA,NA,NA,1,Strong D,1,Democrat,0,Non-MAGA,Somewhat liberal,0,2,Control D,0,0,Control,3,82,3,83,NA,NA,NA,NA,NA,NA,5,0,0,0,0,0,NA,NA,NA,NA,NA,NA,5,0,0,0,56,63,2.75,medium,1,1.6666666666666667,0,0,0,0,0,0,1,0,0,82,83,3,3,0,1,-1,1,0,1,4.333333333333333,0.8333333333333334,20.666666666666668,20.666666666666668,NA,1.25,0,1.25,59.5,5,0,0,0,0,0,5,0,0,0,56,63
NA,NA,0,NA,100,405,1,NA,NA,NA,NA,NA,NA,38.9538,-76.8947,NA,NA,1,1,3,NA,1,3,NA,NA,NA,NA,0,NA,NA,NA,2,1,2,2,2,3,2,41,29,2,NA,1,1,NA,NA,1,NA,NA,NA,NA,3,2,NA,NA,4,NA,NA,NA,NA,NA,45,28,NA,NA,NA,NA,NA,NA,NA,NA,NA,NA,NA,NA,3,2,2,56,40,49,60,71,58,31,20,64,58,69,55,0,NA,NA,NA,treatment,Democrat,NA,NA,NA,NA,NA,NA,NA,NA,423,NA,327,NA,NA,NA,NA,NA,NA,NA,NA,NA,NA,33,NA,NA,NA,NA,NA,NA,NA,NA,NA,3,Lean D,0,Independent,0,Non-MAGA,Slightly liberal,1,4,Treatment D,0,1,Mismatch,29,41,28,45,NA,NA,NA,NA,NA,NA,56,49,71,31,64,69,NA,NA,NA,NA,NA,NA,40,60,58,20,58,55,1.75,medium,1,2.3333333333333335,0,1,1,0,0,1,0,0,0,41,45,29,28,-1,4,-5,4,-1,5,7,56.666666666666664,48.5,48.5,NA,51.75,66.5,44.5,56.5,56,49,71,31,64,69,40,60,58,20,58,55
NA,NA,0,NA,100,411,1,NA,NA,NA,NA,NA,NA,38.596,-121.2127,NA,NA,0.899999976158142,1,3,NA,3,5,3,3,2,3,1,4,4,4,NA,NA,NA,NA,NA,NA,NA,65,75,2,NA,NA,NA,NA,NA,NA,NA,NA,1,NA,NA,NA,NA,NA,NA,NA,NA,2,1,1,65,75,40,85,10,20,0,10,0,5,0,5,0,7,NA,NA,NA,NA,NA,NA,NA,NA,NA,NA,NA,NA,NA,NA,NA,2,NA,NA,NA,control,Republican,NA,NA,NA,NA,NA,NA,NA,NA,419,NA,200,NA,NA,NA,NA,NA,NA,NA,NA,NA,NA,28,NA,NA,NA,NA,NA,NA,NA,NA,NA,5,Lean R,0,Independent,1,MAGA,Slightly conservative,0,1,Control R,0,0,Control,75,65,75,65,40,10,0,0,0,0,NA,NA,NA,NA,NA,NA,85,20,10,5,5,7,NA,NA,NA,NA,NA,NA,2.75,medium,1,4,0,0,0,0,0,0,0,0,1,75,75,65,65,0,0,0,0,0,0,1.3333333333333333,8.333333333333334,22,NA,22,12.5,0,30,6,40,10,0,0,0,0,85,20,10,5,5,7
NA,NA,0,NA,100,856,1,NA,NA,NA,NA,NA,NA,34.0515,-84.0713,NA,NA,0.400000005960464,1,1,2,NA,2,NA,NA,NA,NA,0,NA,NA,NA,5,4,5,5,2,3,1,94,0,2,1,NA,NA,1,NA,NA,NA,NA,NA,4,NA,NA,4,NA,NA,NA,NA,NA,NA,NA,94,0,NA,NA,NA,NA,NA,NA,NA,NA,NA,NA,NA,NA,5,3,4,50,100,60,30,0,0,0,0,0,90,0,90,0,NA,NA,NA,treatment,Democrat,NA,NA,NA,NA,NA,NA,NA,NA,879,NA,202,NA,NA,NA,NA,NA,NA,NA,NA,NA,NA,50,NA,NA,NA,NA,NA,NA,NA,NA,NA,1,Strong D,1,Democrat,0,Non-MAGA,Somewhat liberal,1,4,Treatment D,0,1,Mismatch,0,94,0,94,NA,NA,NA,NA,NA,NA,50,60,0,0,0,0,NA,NA,NA,NA,NA,NA,100,30,0,0,90,90,4.75,strong,2,2,1,0,0,1,0,0,0,0,0,94,94,0,0,0,0,0,0,0,0,4,18.333333333333332,51.666666666666664,51.666666666666664,NA,27.5,0,32.5,90,50,60,0,0,0,0,100,30,0,0,90,90
NA,NA,0,NA,100,639,1,NA,NA,NA,NA,NA,NA,41.8229,-86.2566,NA,NA,1,1,1,1,NA,2,NA,NA,NA,NA,0,NA,NA,NA,3,3,3,3,1,1,1,78,2,2,1,1,1,1,1,1,1,NA,NA,5,5,5,5,5,5,5,NA,NA,NA,NA,78,0,NA,NA,NA,NA,NA,NA,NA,NA,NA,NA,NA,NA,5,5,3,45,45,45,45,30,30,20,20,0,80,0,80,0,NA,NA,NA,treatment,Democrat,NA,NA,NA,NA,NA,NA,NA,NA,654,NA,6896,NA,NA,NA,NA,NA,NA,NA,NA,NA,NA,41,NA,NA,NA,NA,NA,NA,NA,NA,NA,2,Weak D,1,Democrat,0,Non-MAGA,Somewhat liberal,1,4,Treatment D,0,1,Mismatch,2,78,0,78,NA,NA,NA,NA,NA,NA,45,45,30,20,0,0,NA,NA,NA,NA,NA,NA,45,45,30,20,80,80,3,strong,2,1,1,1,1,1,1,1,1,0,0,78,78,2,0,-2,0,-2,0,-2,2,4.333333333333333,23.333333333333332,50,50,NA,35,0,35,80,45,45,30,20,0,0,45,45,30,20,80,80
NA,NA,0,NA,100,434,1,NA,NA,NA,NA,NA,NA,42.2886,-83.4641,NA,NA,1,1,1,2,NA,1,NA,NA,NA,NA,0,NA,NA,NA,5,5,4,5,3,2,2,90,24,2,NA,NA,NA,NA,NA,NA,NA,1,NA,NA,NA,NA,NA,NA,NA,NA,3,NA,NA,NA,94,19,NA,NA,NA,NA,NA,NA,NA,NA,NA,NA,NA,NA,5,5,4,43,41,0,0,0,0,0,0,0,0,0,0,0,NA,NA,NA,control,Democrat,NA,NA,NA,NA,NA,NA,NA,NA,448,NA,1361,NA,NA,NA,NA,NA,NA,NA,NA,NA,NA,71,NA,NA,NA,NA,NA,NA,NA,NA,NA,1,Strong D,1,Democrat,0,Non-MAGA,Very liberal,0,2,Control D,0,0,Control,24,90,19,94,NA,NA,NA,NA,NA,NA,43,0,0,0,0,0,NA,NA,NA,NA,NA,NA,41,0,0,0,0,0,4.75,strong,2,2.3333333333333335,0,0,0,0,0,0,0,1,0,90,94,24,19,-5,4,-9,4,-5,9,4.666666666666667,7.166666666666667,6.833333333333333,6.833333333333333,NA,10.75,0,10.25,0,43,0,0,0,0,0,41,0,0,0,0,0
NA,NA,0,NA,100,221,1,NA,NA,NA,NA,NA,NA,37.3177,-121.938,NA,NA,1,1,1,1,NA,2,NA,NA,NA,NA,0,NA,NA,NA,2,2,2,3,3,2,3,79,18,2,1,1,NA,1,NA,NA,1,NA,NA,4,2,NA,2,NA,NA,2,NA,NA,NA,NA,82,8,NA,NA,NA,NA,NA,NA,NA,NA,NA,NA,NA,NA,4,5,2,27,28,70,34,0,0,0,0,10,20,80,19,0,NA,NA,NA,treatment,Democrat,NA,NA,NA,NA,NA,NA,NA,NA,242,NA,160,NA,NA,NA,NA,NA,NA,NA,NA,NA,NA,28,NA,NA,NA,NA,NA,NA,NA,NA,NA,2,Weak D,1,Democrat,0,Non-MAGA,Somewhat liberal,1,4,Treatment D,0,1,Mismatch,18,79,8,82,NA,NA,NA,NA,NA,NA,27,70,0,0,10,80,NA,NA,NA,NA,NA,NA,28,34,0,0,20,19,2.25,medium,1,2.6666666666666665,1,1,0,1,0,0,1,0,0,79,82,18,8,-10,3,-13,3,-10,13,3.6666666666666665,31.166666666666668,16.833333333333332,16.833333333333332,NA,24.25,45,15.5,19.5,27,70,0,0,10,80,28,34,0,0,20,19
NA,NA,0,NA,100,478,1,NA,NA,NA,NA,NA,NA,40.4409,-79.9857,NA,NA,1,1,2,1,NA,6,3,4,3,4,0,2,3,2,NA,NA,NA,NA,NA,NA,NA,23,65,2,NA,NA,NA,NA,NA,1,1,1,NA,NA,NA,NA,NA,NA,2,2,3,4,4,3,24,66,16,23,19,25,0,5,0,6,0,7,0,8,NA,NA,NA,NA,NA,NA,NA,NA,NA,NA,NA,NA,NA,NA,NA,1,NA,NA,NA,treatment,Republican,NA,NA,NA,NA,NA,NA,NA,NA,510,NA,3929,NA,NA,NA,NA,NA,NA,NA,NA,NA,NA,46,NA,NA,NA,NA,NA,NA,NA,NA,NA,6,Weak R,2,Republican,1,Non-MAGA,Somewhat conservative,1,3,Treatment R,1,2,Match,65,23,66,24,16,19,0,0,0,0,NA,NA,NA,NA,NA,NA,23,25,5,6,7,8,NA,NA,NA,NA,NA,NA,3.5,strong,2,2.3333333333333335,0,0,0,0,0,1,1,1,0,65,66,23,24,1,1,0,1,1,0,3.6666666666666665,5.833333333333333,12.333333333333334,NA,12.333333333333334,8.75,0,14.75,7.5,16,19,0,0,0,0,23,25,5,6,7,8
NA,NA,0,NA,100,679,1,NA,NA,NA,NA,NA,NA,41.7697,-87.6985,NA,NA,1,1,2,1,NA,5,2,3,1,3,1,3,3,4,NA,NA,NA,NA,NA,NA,NA,21,78,2,NA,NA,NA,NA,NA,NA,NA,NA,1,NA,NA,NA,NA,NA,NA,NA,NA,4,3,4,21,76,37,63,50,40,7,25,9,29,0,17,3,2,NA,NA,NA,NA,NA,NA,NA,NA,NA,NA,NA,NA,NA,NA,NA,2,NA,NA,NA,treatment,Republican,NA,NA,NA,NA,NA,NA,NA,NA,687,NA,286,NA,NA,NA,NA,NA,NA,NA,NA,NA,NA,69,NA,NA,NA,NA,NA,NA,NA,NA,NA,6,Weak R,2,Republican,1,MAGA,Slightly conservative,1,3,Treatment R,1,2,Match,78,21,76,21,37,50,7,9,0,3,NA,NA,NA,NA,NA,NA,63,40,25,29,17,2,NA,NA,NA,NA,NA,NA,2.25,medium,1,3.3333333333333335,0,0,0,0,0,0,0,0,1,78,76,21,21,-2,0,-2,-2,0,-2,3.6666666666666665,17.666666666666668,29.333333333333332,NA,29.333333333333332,25.75,1.5,39.25,9.5,37,50,7,9,0,3,63,40,25,29,17,2
NA,NA,0,NA,100,809,1,NA,NA,NA,NA,NA,NA,39.8222,-79.7524,NA,NA,0.899999976158142,1,1,2,NA,3,NA,NA,NA,NA,0,NA,NA,NA,3,3,1,3,1,2,2,78,0,2,1,NA,NA,1,1,1,NA,NA,NA,3,NA,NA,5,4,5,NA,NA,NA,NA,NA,78,0,NA,NA,NA,NA,NA,NA,NA,NA,NA,NA,NA,NA,4,4,3,34,12,0,64,0,64,0,56,0,56,40,58,0,NA,NA,NA,treatment,Democrat,NA,NA,NA,NA,NA,NA,NA,NA,819,NA,7961,NA,NA,NA,NA,NA,NA,NA,NA,NA,NA,36,NA,NA,NA,NA,NA,NA,NA,NA,NA,1,Strong D,1,Democrat,0,Non-MAGA,Slightly liberal,1,4,Treatment D,0,1,Mismatch,0,78,0,78,NA,NA,NA,NA,NA,NA,34,0,0,0,0,40,NA,NA,NA,NA,NA,NA,12,64,64,56,56,58,2.5,medium,1,1.6666666666666667,1,0,0,1,1,1,0,0,0,78,78,0,0,0,0,0,0,0,0,3.6666666666666665,12.333333333333334,51.666666666666664,51.666666666666664,NA,8.5,20,49,57,34,0,0,0,0,40,12,64,64,56,56,58
NA,NA,0,NA,100,334,1,NA,NA,NA,NA,NA,NA,47.6733,-122.3426,NA,NA,1,1,3,NA,1,1,NA,NA,NA,NA,0,NA,NA,NA,1,1,1,1,3,3,3,50,50,2,1,1,1,1,1,1,1,NA,NA,2,4,3,3,3,4,5,NA,NA,NA,NA,50,50,NA,NA,NA,NA,NA,NA,NA,NA,NA,NA,NA,NA,4,2,1,50,50,60,60,0,20,0,4,0,20,0,4,0,NA,NA,NA,treatment,Democrat,NA,NA,NA,NA,NA,NA,NA,NA,344,NA,1573,NA,NA,NA,NA,NA,NA,NA,NA,NA,NA,24,NA,NA,NA,NA,NA,NA,NA,NA,NA,3,Lean D,0,Independent,0,Non-MAGA,Very liberal,1,4,Treatment D,0,1,Mismatch,50,50,50,50,NA,NA,NA,NA,NA,NA,50,60,0,0,0,0,NA,NA,NA,NA,NA,NA,50,60,20,4,20,4,1,weak,0,3,1,1,1,1,1,1,1,0,0,50,50,50,50,0,0,0,0,0,0,7,18.333333333333332,26.333333333333332,26.333333333333332,NA,27.5,0,33.5,12,50,60,0,0,0,0,50,60,20,4,20,4
NA,NA,0,NA,100,259,1,NA,NA,NA,NA,NA,NA,33.9461,-83.418,NA,NA,1,1,1,2,NA,2,NA,NA,NA,NA,0,NA,NA,NA,4,4,2,4,3,3,2,79,50,2,NA,NA,NA,NA,NA,1,NA,NA,NA,NA,NA,NA,NA,NA,3,NA,NA,NA,NA,NA,77,50,NA,NA,NA,NA,NA,NA,NA,NA,NA,NA,NA,NA,3,3,1,26,73,16,28,2,19,11,22,4,33,5,48,0,NA,NA,NA,control,Democrat,NA,NA,NA,NA,NA,NA,NA,NA,270,NA,6972,NA,NA,NA,NA,NA,NA,NA,NA,NA,NA,39,NA,NA,NA,NA,NA,NA,NA,NA,NA,1,Strong D,1,Democrat,0,Non-MAGA,Somewhat liberal,0,2,Control D,0,0,Control,50,79,50,77,NA,NA,NA,NA,NA,NA,26,16,2,11,4,5,NA,NA,NA,NA,NA,NA,73,28,19,22,33,48,3.5,strong,2,2.6666666666666665,0,0,0,0,0,1,0,0,0,79,77,50,50,0,-2,2,-2,0,-2,2.3333333333333335,10.666666666666666,37.166666666666664,37.166666666666664,NA,13.75,4.5,35.5,40.5,26,16,2,11,4,5,73,28,19,22,33,48
NA,NA,0,NA,100,316,1,NA,NA,NA,NA,NA,NA,33.2487,-111.6343,NA,NA,1,1,1,1,NA,1,NA,NA,NA,NA,0,NA,NA,NA,3,3,3,3,2,2,2,60,19,2,NA,NA,NA,1,NA,1,1,NA,NA,NA,NA,NA,4,NA,3,3,NA,NA,NA,NA,60,17,NA,NA,NA,NA,NA,NA,NA,NA,NA,NA,NA,NA,4,3,2,71,16,31,61,7,54,21,19,12,56,11,72,0,NA,NA,NA,control,Democrat,NA,NA,NA,NA,NA,NA,NA,NA,325,NA,140,NA,NA,NA,NA,NA,NA,NA,NA,NA,NA,31,NA,NA,NA,NA,NA,NA,NA,NA,NA,2,Weak D,1,Democrat,0,Non-MAGA,Very liberal,0,2,Control D,0,0,Control,19,60,17,60,NA,NA,NA,NA,NA,NA,71,31,7,21,12,11,NA,NA,NA,NA,NA,NA,16,61,54,19,56,72,3,strong,2,2,0,0,0,1,0,1,1,0,0,60,60,19,17,-2,0,-2,0,-2,2,3,25.5,46.333333333333336,46.333333333333336,NA,32.5,11.5,37.5,64,71,31,7,21,12,11,16,61,54,19,56,72
NA,NA,0,NA,100,195,1,NA,NA,NA,NA,NA,NA,43.0517,-77.6147,NA,NA,1,1,1,2,NA,3,NA,NA,NA,NA,0,NA,NA,NA,5,5,4,5,3,3,3,77,13,2,NA,NA,NA,NA,NA,1,NA,NA,NA,NA,NA,NA,NA,NA,2,NA,NA,NA,NA,NA,79,20,NA,NA,NA,NA,NA,NA,NA,NA,NA,NA,NA,NA,4,3,1,46,45,19,19,23,23,28,28,0,15,0,7,0,NA,NA,NA,control,Democrat,NA,NA,NA,NA,NA,NA,NA,NA,207,NA,7766,NA,NA,NA,NA,NA,NA,NA,NA,NA,NA,57,NA,NA,NA,NA,NA,NA,NA,NA,NA,1,Strong D,1,Democrat,0,Non-MAGA,Slightly liberal,0,2,Control D,0,0,Control,13,77,20,79,NA,NA,NA,NA,NA,NA,46,19,23,28,0,0,NA,NA,NA,NA,NA,NA,45,19,23,28,15,7,4.75,strong,2,3,0,0,0,0,0,1,0,0,0,77,79,13,20,7,2,5,2,7,-5,2.6666666666666665,19.333333333333332,22.833333333333332,22.833333333333332,NA,29,0,28.75,11,46,19,23,28,0,0,45,19,23,28,15,7
NA,NA,0,NA,100,495,1,NA,NA,NA,NA,NA,NA,37.9681,-122.5119,NA,NA,1,1,1,2,NA,1,NA,NA,NA,NA,0,NA,NA,NA,5,5,4,5,1,3,3,100,0,2,NA,NA,NA,NA,NA,NA,NA,NA,1,NA,NA,NA,NA,NA,NA,NA,NA,NA,NA,NA,100,0,NA,NA,NA,NA,NA,NA,NA,NA,NA,NA,NA,NA,5,5,5,100,90,0,100,100,0,0,0,0,0,0,0,0,NA,NA,NA,control,Democrat,NA,NA,NA,NA,NA,NA,NA,NA,508,NA,1266,NA,NA,NA,NA,NA,NA,NA,NA,NA,NA,66,NA,NA,NA,NA,NA,NA,NA,NA,NA,1,Strong D,1,Democrat,0,Non-MAGA,Very liberal,0,2,Control D,0,0,Control,0,100,0,100,NA,NA,NA,NA,NA,NA,100,0,100,0,0,0,NA,NA,NA,NA,NA,NA,90,100,0,0,0,0,4.75,strong,2,2.3333333333333335,0,0,0,0,0,0,0,0,1,100,100,0,0,0,0,0,0,0,0,5,33.333333333333336,31.666666666666668,31.666666666666668,NA,50,0,47.5,0,100,0,100,0,0,0,90,100,0,0,0,0
NA,NA,0,NA,100,419,1,NA,NA,NA,NA,NA,NA,25.8153,-80.3577,NA,NA,1,1,2,1,NA,6,3,3,3,3,0,3,3,4,NA,NA,NA,NA,NA,NA,NA,81,82,2,NA,NA,NA,NA,NA,NA,NA,NA,1,NA,NA,NA,NA,NA,NA,NA,NA,3,3,1,81,81,20,20,0,0,0,0,0,0,0,0,0,0,NA,NA,NA,NA,NA,NA,NA,NA,NA,NA,NA,NA,NA,NA,NA,1,NA,NA,NA,treatment,Republican,NA,NA,NA,NA,NA,NA,NA,NA,432,NA,462,NA,NA,NA,NA,NA,NA,NA,NA,NA,NA,35,NA,NA,NA,NA,NA,NA,NA,NA,NA,6,Weak R,2,Republican,1,Non-MAGA,Somewhat conservative,1,3,Treatment R,1,2,Match,82,81,81,81,20,0,0,0,0,0,NA,NA,NA,NA,NA,NA,20,0,0,0,0,0,NA,NA,NA,NA,NA,NA,3,strong,2,3.3333333333333335,0,0,0,0,0,0,0,0,1,82,81,81,81,-1,0,-1,-1,0,-1,2.3333333333333335,3.3333333333333335,3.3333333333333335,NA,3.3333333333333335,5,0,5,0,20,0,0,0,0,0,20,0,0,0,0,0
NA,NA,0,NA,100,250,1,NA,NA,NA,NA,NA,NA,40.4236,-105.0935,NA,NA,1,1,1,1,NA,2,NA,NA,NA,NA,0,NA,NA,NA,3,3,2,3,3,4,2,70,23,2,1,NA,NA,1,1,1,1,NA,NA,4,NA,NA,5,4,4,2,NA,NA,NA,NA,71,17,NA,NA,NA,NA,NA,NA,NA,NA,NA,NA,NA,NA,4,3,1,98,95,47,87,27,99,0,100,5,41,2,41,0,NA,NA,NA,treatment,Democrat,NA,NA,NA,NA,NA,NA,NA,NA,329,NA,12944,NA,NA,NA,NA,NA,NA,NA,NA,NA,NA,36,NA,NA,NA,NA,NA,NA,NA,NA,NA,2,Weak D,1,Democrat,0,Non-MAGA,Somewhat liberal,1,4,Treatment D,0,1,Mismatch,23,70,17,71,NA,NA,NA,NA,NA,NA,98,47,27,0,5,2,NA,NA,NA,NA,NA,NA,95,87,99,100,41,41,2.75,medium,1,3,1,0,0,1,1,1,1,0,0,70,71,23,17,-6,1,-7,1,-6,7,2.6666666666666665,29.833333333333332,77.16666666666667,77.16666666666667,NA,43,3.5,95.25,41,98,47,27,0,5,2,95,87,99,100,41,41
NA,NA,0,NA,100,333,1,NA,NA,NA,NA,NA,NA,32.9657,-96.8825,NA,NA,1,1,2,2,NA,7,4,4,4,4,1,2,2,1,NA,NA,NA,NA,NA,NA,NA,0,80,2,NA,NA,NA,NA,1,NA,NA,1,NA,NA,NA,NA,NA,1,NA,NA,4,5,5,4,0,80,50,50,50,50,40,40,40,40,10,10,10,10,NA,NA,NA,NA,NA,NA,NA,NA,NA,NA,NA,NA,NA,NA,NA,2,NA,NA,NA,control,Republican,NA,NA,NA,NA,NA,NA,NA,NA,346,NA,3470,NA,NA,NA,NA,NA,NA,NA,NA,NA,NA,71,NA,NA,NA,NA,NA,NA,NA,NA,NA,7,Strong R,2,Republican,1,MAGA,Very conservative,0,1,Control R,0,0,Control,80,0,80,0,50,50,40,40,10,10,NA,NA,NA,NA,NA,NA,50,50,40,40,10,10,NA,NA,NA,NA,NA,NA,4,strong,2,1.6666666666666667,0,0,0,0,1,0,0,1,0,80,80,0,0,0,0,0,0,0,0,4.666666666666667,33.333333333333336,33.333333333333336,NA,33.333333333333336,45,10,45,10,50,50,40,40,10,10,50,50,40,40,10,10
NA,NA,0,NA,100,576,1,NA,NA,NA,NA,NA,NA,34.5485,-87.0036,NA,NA,1,1,3,NA,1,1,NA,NA,NA,NA,0,NA,NA,NA,1,2,2,2,2,3,2,65,21,2,1,NA,NA,1,1,1,1,NA,NA,5,NA,NA,5,3,3,3,NA,NA,NA,NA,65,15,NA,NA,NA,NA,NA,NA,NA,NA,NA,NA,NA,NA,4,4,3,31,90,50,85,0,63,0,63,15,75,21,68,0,NA,NA,NA,treatment,Democrat,NA,NA,NA,NA,NA,NA,NA,NA,588,NA,21,NA,NA,NA,NA,NA,NA,NA,NA,NA,NA,22,NA,NA,NA,NA,NA,NA,NA,NA,NA,3,Lean D,0,Independent,0,Non-MAGA,Very liberal,1,4,Treatment D,0,1,Mismatch,21,65,15,65,NA,NA,NA,NA,NA,NA,31,50,0,0,15,21,NA,NA,NA,NA,NA,NA,90,85,63,63,75,68,1.75,medium,1,2.3333333333333335,1,0,0,1,1,1,1,0,0,65,65,21,15,-6,0,-6,0,-6,6,11,19.5,74,74,NA,20.25,18,75.25,71.5,31,50,0,0,15,21,90,85,63,63,75,68
NA,NA,0,NA,100,281,1,NA,NA,NA,NA,NA,NA,35.7319,-81.7091,NA,NA,1,1,1,2,NA,1,NA,NA,NA,NA,0,NA,NA,NA,4,4,3,4,2,3,1,90,5,2,NA,NA,NA,NA,1,1,1,NA,NA,NA,NA,NA,NA,3,4,4,NA,NA,NA,NA,90,5,NA,NA,NA,NA,NA,NA,NA,NA,NA,NA,NA,NA,4,4,2,65,50,50,40,0,0,0,0,25,66,20,60,0,NA,NA,NA,control,Democrat,NA,NA,NA,NA,NA,NA,NA,NA,290,NA,1852,NA,NA,NA,NA,NA,NA,NA,NA,NA,NA,58,NA,NA,NA,NA,NA,NA,NA,NA,NA,1,Strong D,1,Democrat,0,Non-MAGA,Very liberal,0,2,Control D,0,0,Control,5,90,5,90,NA,NA,NA,NA,NA,NA,65,50,0,0,25,20,NA,NA,NA,NA,NA,NA,50,40,0,0,66,60,3.75,strong,2,2,0,0,0,0,1,1,1,0,0,90,90,5,5,0,0,0,0,0,0,3.3333333333333335,26.666666666666668,36,36,NA,28.75,22.5,22.5,63,65,50,0,0,25,20,50,40,0,0,66,60
NA,NA,0,NA,100,397,1,NA,NA,NA,NA,NA,NA,30.3939,-89.0368,NA,NA,1,1,1,2,NA,1,NA,NA,NA,NA,0,NA,NA,NA,5,5,4,5,1,2,1,90,0,2,NA,NA,NA,NA,NA,NA,NA,1,NA,NA,NA,NA,NA,NA,NA,NA,4,NA,NA,NA,94,0,NA,NA,NA,NA,NA,NA,NA,NA,NA,NA,NA,NA,5,5,4,17,82,14,68,50,76,3,74,28,100,21,96,0,NA,NA,NA,control,Democrat,NA,NA,NA,NA,NA,NA,NA,NA,412,NA,509,NA,NA,NA,NA,NA,NA,NA,NA,NA,NA,24,NA,NA,NA,NA,NA,NA,NA,NA,NA,1,Strong D,1,Democrat,0,Non-MAGA,Very liberal,0,2,Control D,0,0,Control,0,90,0,94,NA,NA,NA,NA,NA,NA,17,14,50,3,28,21,NA,NA,NA,NA,NA,NA,82,68,76,74,100,96,4.75,strong,2,1.3333333333333333,0,0,0,0,0,0,0,1,0,90,94,0,0,0,4,-4,4,0,4,4.666666666666667,22.166666666666668,82.66666666666667,82.66666666666667,NA,21,24.5,75,98,17,14,50,3,28,21,82,68,76,74,100,96
NA,NA,0,NA,100,312,1,NA,NA,NA,NA,NA,NA,41.6015,-93.6127,NA,NA,1,1,3,NA,3,5,1,2,1,3,0,3,3,3,NA,NA,NA,NA,NA,NA,NA,31,59,2,NA,NA,NA,NA,NA,NA,NA,NA,1,NA,NA,NA,NA,NA,NA,NA,NA,4,3,3,29,62,0,27,0,26,0,34,0,14,29,50,10,43,NA,NA,NA,NA,NA,NA,NA,NA,NA,NA,NA,NA,NA,NA,NA,1,NA,NA,NA,control,Republican,NA,NA,NA,NA,NA,NA,NA,NA,323,NA,137,NA,NA,NA,NA,NA,NA,NA,NA,NA,NA,35,NA,NA,NA,NA,NA,NA,NA,NA,NA,5,Lean R,0,Independent,1,Non-MAGA,Slightly conservative,0,1,Control R,0,0,Control,59,31,62,29,0,0,0,0,29,10,NA,NA,NA,NA,NA,NA,27,26,34,14,50,43,NA,NA,NA,NA,NA,NA,1.75,medium,1,3,0,0,0,0,0,0,0,0,1,59,62,31,29,3,-2,5,3,-2,5,3.3333333333333335,6.5,32.333333333333336,NA,32.333333333333336,0,19.5,25.25,46.5,0,0,0,0,29,10,27,26,34,14,50,43
NA,NA,0,NA,100,412,1,NA,NA,NA,NA,NA,NA,42.6791,-84.5767,NA,NA,1,1,1,2,NA,2,NA,NA,NA,NA,0,NA,NA,NA,3,3,2,2,3,3,2,70,20,2,NA,NA,NA,1,1,NA,NA,NA,NA,NA,NA,NA,4,3,NA,NA,NA,NA,NA,NA,70,18,NA,NA,NA,NA,NA,NA,NA,NA,NA,NA,NA,NA,5,4,2,71,80,45,74,3,80,9,61,20,96,25,81,0,NA,NA,NA,treatment,Democrat,NA,NA,NA,NA,NA,NA,NA,NA,422,NA,197,NA,NA,NA,NA,NA,NA,NA,NA,NA,NA,47,NA,NA,NA,NA,NA,NA,NA,NA,NA,1,Strong D,1,Democrat,0,Non-MAGA,Somewhat liberal,1,4,Treatment D,0,1,Mismatch,20,70,18,70,NA,NA,NA,NA,NA,NA,71,45,3,9,20,25,NA,NA,NA,NA,NA,NA,80,74,80,61,96,81,2.5,medium,1,2.6666666666666665,0,0,0,1,1,0,0,0,0,70,70,20,18,-2,0,-2,0,-2,2,3.6666666666666665,28.833333333333332,78.66666666666667,78.66666666666667,NA,32,22.5,73.75,88.5,71,45,3,9,20,25,80,74,80,61,96,81
NA,NA,0,NA,100,183,1,NA,NA,NA,NA,NA,NA,39.9401,-82.8965,NA,NA,1,1,1,2,NA,2,NA,NA,NA,NA,0,NA,NA,NA,4,4,4,3,1,1,4,71,3,2,NA,NA,NA,NA,1,1,NA,NA,NA,NA,NA,NA,NA,3,4,NA,NA,NA,NA,NA,83,5,NA,NA,NA,NA,NA,NA,NA,NA,NA,NA,NA,NA,5,5,5,65,29,42,26,0,0,8,6,26,24,0,0,0,NA,NA,NA,treatment,Democrat,NA,NA,NA,NA,NA,NA,NA,NA,195,NA,11183,NA,NA,NA,NA,NA,NA,NA,NA,NA,NA,31,NA,NA,NA,NA,NA,NA,NA,NA,NA,1,Strong D,1,Democrat,0,Non-MAGA,Somewhat liberal,1,4,Treatment D,0,1,Mismatch,3,71,5,83,NA,NA,NA,NA,NA,NA,65,42,0,8,26,0,NA,NA,NA,NA,NA,NA,29,26,0,6,24,0,3.75,strong,2,2,0,0,0,0,1,1,0,0,0,71,83,3,5,2,12,-10,12,2,10,5,23.5,14.166666666666666,14.166666666666666,NA,28.75,13,15.25,12,65,42,0,8,26,0,29,26,0,6,24,0
NA,NA,0,NA,100,200,1,NA,NA,NA,NA,NA,NA,34.0882,-118.3211,NA,NA,1,1,1,1,NA,1,NA,NA,NA,NA,0,NA,NA,NA,3,2,1,2,1,3,4,73,28,2,NA,NA,NA,NA,NA,1,NA,NA,NA,NA,NA,NA,NA,NA,3,NA,NA,NA,NA,NA,75,34,NA,NA,NA,NA,NA,NA,NA,NA,NA,NA,NA,NA,5,4,1,72,70,30,30,5,4,0,0,0,0,6,5,0,NA,NA,NA,control,Democrat,NA,NA,NA,NA,NA,NA,NA,NA,209,NA,2945,NA,NA,NA,NA,NA,NA,NA,NA,NA,NA,51,NA,NA,NA,NA,NA,NA,NA,NA,NA,2,Weak D,1,Democrat,0,Non-MAGA,Very liberal,0,2,Control D,0,0,Control,28,73,34,75,NA,NA,NA,NA,NA,NA,72,30,5,0,0,6,NA,NA,NA,NA,NA,NA,70,30,4,0,0,5,2,medium,1,2.6666666666666665,0,0,0,0,0,1,0,0,0,73,75,28,34,6,2,4,2,6,-4,3.3333333333333335,18.833333333333332,18.166666666666668,18.166666666666668,NA,26.75,3,26,2.5,72,30,5,0,0,6,70,30,4,0,0,5
NA,NA,0,NA,100,464,1,NA,NA,NA,NA,NA,NA,40.2645,-82.8504,NA,NA,1,1,1,2,NA,1,NA,NA,NA,NA,0,NA,NA,NA,4,4,3,4,3,4,2,99,1,2,NA,NA,NA,NA,NA,NA,NA,1,NA,NA,NA,NA,NA,NA,NA,NA,3,NA,NA,NA,100,2,NA,NA,NA,NA,NA,NA,NA,NA,NA,NA,NA,NA,4,4,2,89,77,29,57,1,60,4,53,4,76,3,68,0,NA,NA,NA,control,Democrat,NA,NA,NA,NA,NA,NA,NA,NA,474,NA,2923,NA,NA,NA,NA,NA,NA,NA,NA,NA,NA,38,NA,NA,NA,NA,NA,NA,NA,NA,NA,1,Strong D,1,Democrat,0,Non-MAGA,Very liberal,0,2,Control D,0,0,Control,1,99,2,100,NA,NA,NA,NA,NA,NA,89,29,1,4,4,3,NA,NA,NA,NA,NA,NA,77,57,60,53,76,68,3.75,strong,2,3,0,0,0,0,0,0,0,1,0,99,100,1,2,1,1,0,1,1,0,3.3333333333333335,21.666666666666668,65.16666666666667,65.16666666666667,NA,30.75,3.5,61.75,72,89,29,1,4,4,3,77,57,60,53,76,68
NA,NA,0,NA,100,592,1,NA,NA,NA,NA,NA,NA,46.0662,-118.3514,NA,NA,1,1,1,1,NA,2,NA,NA,NA,NA,0,NA,NA,NA,2,2,2,2,4,4,3,30,40,2,1,1,1,1,1,1,1,NA,NA,2,4,3,4,4,4,4,NA,NA,NA,NA,30,40,NA,NA,NA,NA,NA,NA,NA,NA,NA,NA,NA,NA,4,2,1,90,100,0,70,0,30,0,60,1,70,1,75,0,NA,NA,NA,treatment,Democrat,NA,NA,NA,NA,NA,NA,NA,NA,609,NA,213,NA,NA,NA,NA,NA,NA,NA,NA,NA,NA,45,NA,NA,NA,NA,NA,NA,NA,NA,NA,2,Weak D,1,Democrat,0,Non-MAGA,Somewhat liberal,1,4,Treatment D,0,1,Mismatch,40,30,40,30,NA,NA,NA,NA,NA,NA,90,0,0,0,1,1,NA,NA,NA,NA,NA,NA,100,70,30,60,70,75,2,medium,1,3.6666666666666665,1,1,1,1,1,1,1,0,0,30,30,40,40,0,0,0,0,0,0,2.3333333333333335,15.333333333333334,67.5,67.5,NA,22.5,1,65,72.5,90,0,0,0,1,1,100,70,30,60,70,75
NA,NA,0,NA,100,422,1,NA,NA,NA,NA,NA,NA,29.6475,-82.404,NA,NA,1,1,1,2,NA,1,NA,NA,NA,NA,0,NA,NA,NA,5,5,1,4,2,3,2,62,0,2,1,NA,NA,1,NA,NA,1,NA,NA,4,NA,NA,5,NA,NA,2,NA,NA,NA,NA,70,0,NA,NA,NA,NA,NA,NA,NA,NA,NA,NA,NA,NA,5,4,1,100,100,82,18,20,19,0,0,27,84,10,85,0,NA,NA,NA,treatment,Democrat,NA,NA,NA,NA,NA,NA,NA,NA,434,NA,753,NA,NA,NA,NA,NA,NA,NA,NA,NA,NA,32,NA,NA,NA,NA,NA,NA,NA,NA,NA,1,Strong D,1,Democrat,0,Non-MAGA,Very liberal,1,4,Treatment D,0,1,Mismatch,0,62,0,70,NA,NA,NA,NA,NA,NA,100,82,20,0,27,10,NA,NA,NA,NA,NA,NA,100,18,19,0,84,85,3.75,strong,2,2.3333333333333335,1,0,0,1,0,0,1,0,0,62,70,0,0,0,8,-8,8,0,8,3.3333333333333335,39.833333333333336,51,51,NA,50.5,18.5,34.25,84.5,100,82,20,0,27,10,100,18,19,0,84,85
NA,NA,0,NA,100,252,1,NA,NA,NA,NA,NA,NA,35.6865,-81.3664,NA,NA,1,1,2,2,NA,6,5,4,4,5,0,2,2,2,NA,NA,NA,NA,NA,NA,NA,5,95,2,NA,NA,NA,NA,1,1,NA,NA,NA,NA,NA,NA,NA,4,4,NA,NA,5,5,5,5,95,30,60,10,40,0,0,5,5,0,5,0,10,NA,NA,NA,NA,NA,NA,NA,NA,NA,NA,NA,NA,NA,NA,NA,1,NA,NA,NA,control,Republican,NA,NA,NA,NA,NA,NA,NA,NA,261,NA,8796,NA,NA,NA,NA,NA,NA,NA,NA,NA,NA,41,NA,NA,NA,NA,NA,NA,NA,NA,NA,7,Strong R,2,Republican,1,Non-MAGA,Somewhat conservative,0,1,Control R,0,0,Control,95,5,95,5,30,10,0,5,0,0,NA,NA,NA,NA,NA,NA,60,40,0,5,5,10,NA,NA,NA,NA,NA,NA,4.5,strong,2,2,0,0,0,0,1,1,0,0,0,95,95,5,5,0,0,0,0,0,0,5,7.5,20,NA,20,11.25,0,26.25,7.5,30,10,0,5,0,0,60,40,0,5,5,10
NA,NA,0,NA,100,254,1,NA,NA,NA,NA,NA,NA,41.8732,-88.0002,NA,NA,1,1,1,2,NA,1,NA,NA,NA,NA,0,NA,NA,NA,4,4,4,4,2,3,1,97,3,2,NA,NA,NA,NA,1,NA,NA,1,NA,NA,NA,NA,NA,3,NA,NA,3,NA,NA,NA,97,2,NA,NA,NA,NA,NA,NA,NA,NA,NA,NA,NA,NA,5,2,1,42,65,15,77,5,66,0,38,0,43,0,47,0,NA,NA,NA,control,Democrat,NA,NA,NA,NA,NA,NA,NA,NA,286,NA,2247,NA,NA,NA,NA,NA,NA,NA,NA,NA,NA,52,NA,NA,NA,NA,NA,NA,NA,NA,NA,1,Strong D,1,Democrat,0,Non-MAGA,Very liberal,0,2,Control D,0,0,Control,3,97,2,97,NA,NA,NA,NA,NA,NA,42,15,5,0,0,0,NA,NA,NA,NA,NA,NA,65,77,66,38,43,47,4,strong,2,2,0,0,0,0,1,0,0,1,0,97,97,3,2,-1,0,-1,0,-1,1,2.6666666666666665,10.333333333333334,56,56,NA,15.5,0,61.5,45,42,15,5,0,0,0,65,77,66,38,43,47
NA,NA,0,NA,100,1272,1,NA,NA,NA,NA,NA,NA,30.8,-81.6898,NA,NA,1,1,1,2,NA,1,NA,NA,NA,NA,0,NA,NA,NA,3,3,3,3,1,1,1,58,3,2,1,1,NA,1,NA,1,1,NA,NA,3,3,NA,3,NA,4,3,NA,NA,NA,NA,78,0,NA,NA,NA,NA,NA,NA,NA,NA,NA,NA,NA,NA,5,5,4,88,66,81,33,59,17,29,81,71,11,69,20,0,NA,NA,NA,treatment,Democrat,NA,NA,NA,NA,NA,NA,NA,NA,1280,NA,5561,NA,NA,NA,NA,NA,NA,NA,NA,NA,NA,38,NA,NA,NA,NA,NA,NA,NA,NA,NA,1,Strong D,1,Democrat,0,Non-MAGA,Very liberal,1,4,Treatment D,0,1,Mismatch,3,58,0,78,NA,NA,NA,NA,NA,NA,88,81,59,29,71,69,NA,NA,NA,NA,NA,NA,66,33,17,81,11,20,3,strong,2,1,1,1,0,1,0,1,1,0,0,58,78,3,0,-3,20,-23,20,-3,23,4.666666666666667,66.16666666666667,38,38,NA,64.25,70,49.25,15.5,88,81,59,29,71,69,66,33,17,81,11,20
NA,NA,0,NA,100,328,1,NA,NA,NA,NA,NA,NA,30.5154,-97.6689,NA,NA,1,1,3,NA,1,1,NA,NA,NA,NA,0,NA,NA,NA,2,2,3,2,1,1,1,60,10,2,1,NA,1,NA,NA,1,NA,1,NA,2,NA,1,NA,NA,3,NA,3,NA,NA,NA,60,10,NA,NA,NA,NA,NA,NA,NA,NA,NA,NA,NA,NA,4,4,3,60,40,81,40,80,40,20,20,10,60,10,60,0,NA,NA,NA,control,Democrat,NA,NA,NA,NA,NA,NA,NA,NA,337,NA,62,NA,NA,NA,NA,NA,NA,NA,NA,NA,NA,23,NA,NA,NA,NA,NA,NA,NA,NA,NA,3,Lean D,0,Independent,0,Non-MAGA,Very liberal,0,2,Control D,0,0,Control,10,60,10,60,NA,NA,NA,NA,NA,NA,60,81,80,20,10,10,NA,NA,NA,NA,NA,NA,40,40,40,20,60,60,2.25,medium,1,1,1,0,1,0,0,1,0,1,0,60,60,10,10,0,0,0,0,0,0,11,43.5,43.333333333333336,43.333333333333336,NA,60.25,10,35,60,60,81,80,20,10,10,40,40,40,20,60,60
NA,NA,0,NA,100,326,1,NA,NA,NA,NA,NA,NA,42.2789,-85.6904,NA,NA,1,1,1,1,NA,2,NA,NA,NA,NA,0,NA,NA,NA,3,3,3,4,2,2,1,63,15,2,1,NA,NA,1,NA,1,NA,NA,NA,4,NA,NA,5,NA,3,NA,NA,NA,NA,NA,65,15,NA,NA,NA,NA,NA,NA,NA,NA,NA,NA,NA,NA,4,4,2,24,68,0,10,0,72,0,76,0,81,0,92,0,NA,NA,NA,treatment,Democrat,NA,NA,NA,NA,NA,NA,NA,NA,335,NA,3,NA,NA,NA,NA,NA,NA,NA,NA,NA,NA,20,NA,NA,NA,NA,NA,NA,NA,NA,NA,2,Weak D,1,Democrat,0,Non-MAGA,Somewhat liberal,1,4,Treatment D,0,1,Mismatch,15,63,15,65,NA,NA,NA,NA,NA,NA,24,0,0,0,0,0,NA,NA,NA,NA,NA,NA,68,10,72,76,81,92,3.25,strong,2,1.6666666666666667,1,0,0,1,0,1,0,0,0,63,65,15,15,0,2,-2,2,0,2,3.3333333333333335,4,66.5,66.5,NA,6,0,56.5,86.5,24,0,0,0,0,0,68,10,72,76,81,92
NA,NA,0,NA,100,864,1,NA,NA,NA,NA,NA,NA,41.9377,-85.0124,NA,NA,1,1,2,2,NA,6,4,3,4,4,1,3,3,3,NA,NA,NA,NA,NA,NA,NA,20,77,2,NA,NA,NA,NA,NA,NA,NA,1,NA,NA,NA,NA,NA,NA,NA,NA,4,4,5,4,12,82,28,59,80,66,83,73,87,77,74,58,36,43,NA,NA,NA,NA,NA,NA,NA,NA,NA,NA,NA,NA,NA,NA,NA,2,NA,NA,NA,treatment,Republican,NA,NA,NA,NA,NA,NA,NA,NA,881,NA,4244,NA,NA,NA,NA,NA,NA,NA,NA,NA,NA,32,NA,NA,NA,NA,NA,NA,NA,NA,NA,7,Strong R,2,Republican,1,MAGA,Somewhat conservative,1,3,Treatment R,1,2,Match,77,20,82,12,28,80,83,87,74,36,NA,NA,NA,NA,NA,NA,59,66,73,77,58,43,NA,NA,NA,NA,NA,NA,3.75,strong,2,3,0,0,0,0,0,0,0,1,0,77,82,20,12,5,-8,13,5,-8,13,4.333333333333333,64.66666666666667,62.666666666666664,NA,62.666666666666664,69.5,55,68.75,50.5,28,80,83,87,74,36,59,66,73,77,58,43
NA,NA,0,NA,100,339,1,NA,NA,NA,NA,NA,NA,45.9979,-112.5988,NA,NA,1,1,1,1,NA,3,NA,NA,NA,NA,0,NA,NA,NA,3,3,3,3,3,3,3,68,50,2,1,NA,NA,1,1,1,1,NA,NA,4,NA,NA,4,4,4,4,NA,NA,NA,NA,68,50,NA,NA,NA,NA,NA,NA,NA,NA,NA,NA,NA,NA,4,3,2,74,68,50,50,18,17,0,0,0,0,0,20,0,NA,NA,NA,treatment,Democrat,NA,NA,NA,NA,NA,NA,NA,NA,349,NA,2113,NA,NA,NA,NA,NA,NA,NA,NA,NA,NA,25,NA,NA,NA,NA,NA,NA,NA,NA,NA,2,Weak D,1,Democrat,0,Non-MAGA,Slightly liberal,1,4,Treatment D,0,1,Mismatch,50,68,50,68,NA,NA,NA,NA,NA,NA,74,50,18,0,0,0,NA,NA,NA,NA,NA,NA,68,50,17,0,0,20,3,strong,2,3,1,0,0,1,1,1,1,0,0,68,68,50,50,0,0,0,0,0,0,3,23.666666666666668,25.833333333333332,25.833333333333332,NA,35.5,0,33.75,10,74,50,18,0,0,0,68,50,17,0,0,20
NA,NA,0,NA,100,494,1,NA,NA,NA,NA,NA,NA,35.7145,-83.5119,NA,NA,1,1,2,1,NA,7,2,2,1,2,1,1,2,1,NA,NA,NA,NA,NA,NA,NA,0,82,2,NA,NA,NA,NA,NA,NA,NA,1,NA,NA,NA,NA,NA,NA,NA,NA,5,5,5,3,0,82,50,50,0,10,0,0,0,0,0,0,0,0,NA,NA,NA,NA,NA,NA,NA,NA,NA,NA,NA,NA,NA,NA,NA,2,NA,NA,NA,treatment,Republican,NA,NA,NA,NA,NA,NA,NA,NA,505,NA,6019,NA,NA,NA,NA,NA,NA,NA,NA,NA,NA,64,NA,NA,NA,NA,NA,NA,NA,NA,NA,6,Weak R,2,Republican,1,MAGA,Very conservative,1,3,Treatment R,1,2,Match,82,0,82,0,50,0,0,0,0,0,NA,NA,NA,NA,NA,NA,50,10,0,0,0,0,NA,NA,NA,NA,NA,NA,1.75,medium,1,1.3333333333333333,0,0,0,0,0,0,0,1,0,82,82,0,0,0,0,0,0,0,0,4.333333333333333,8.333333333333334,10,NA,10,12.5,0,15,0,50,0,0,0,0,0,50,10,0,0,0,0
NA,NA,0,NA,100,273,1,NA,NA,NA,NA,NA,NA,33.491,-112.1699,NA,NA,1,1,1,1,NA,1,NA,NA,NA,NA,0,NA,NA,NA,2,3,2,3,3,3,2,65,15,2,NA,NA,NA,NA,NA,NA,NA,NA,1,NA,NA,NA,NA,NA,NA,NA,NA,NA,NA,NA,65,15,NA,NA,NA,NA,NA,NA,NA,NA,NA,NA,NA,NA,4,4,4,100,100,85,100,45,100,40,100,45,100,10,100,0,NA,NA,NA,control,Democrat,NA,NA,NA,NA,NA,NA,NA,NA,307,NA,207,NA,NA,NA,NA,NA,NA,NA,NA,NA,NA,54,NA,NA,NA,NA,NA,NA,NA,NA,NA,2,Weak D,1,Democrat,0,Non-MAGA,Very liberal,0,2,Control D,0,0,Control,15,65,15,65,NA,NA,NA,NA,NA,NA,100,85,45,40,45,10,NA,NA,NA,NA,NA,NA,100,100,100,100,100,100,2.5,medium,1,2.6666666666666665,0,0,0,0,0,0,0,0,1,65,65,15,15,0,0,0,0,0,0,4,54.166666666666664,100,100,NA,67.5,27.5,100,100,100,85,45,40,45,10,100,100,100,100,100,100
NA,NA,0,NA,100,483,1,NA,NA,NA,NA,NA,NA,30.9252,-88.59,NA,NA,1,1,1,2,NA,2,NA,NA,NA,NA,0,NA,NA,NA,3,3,4,3,2,2,2,80,5,2,NA,NA,NA,NA,NA,1,NA,NA,NA,NA,NA,NA,NA,NA,4,NA,NA,NA,NA,NA,80,5,NA,NA,NA,NA,NA,NA,NA,NA,NA,NA,NA,NA,5,4,3,20,75,10,60,0,25,0,40,10,70,5,85,0,NA,NA,NA,control,Democrat,NA,NA,NA,NA,NA,NA,NA,NA,502,NA,5022,NA,NA,NA,NA,NA,NA,NA,NA,NA,NA,46,NA,NA,NA,NA,NA,NA,NA,NA,NA,1,Strong D,1,Democrat,0,Non-MAGA,Somewhat liberal,0,2,Control D,0,0,Control,5,80,5,80,NA,NA,NA,NA,NA,NA,20,10,0,0,10,5,NA,NA,NA,NA,NA,NA,75,60,25,40,70,85,3.25,strong,2,2,0,0,0,0,0,1,0,0,0,80,80,5,5,0,0,0,0,0,0,4,7.5,59.166666666666664,59.166666666666664,NA,7.5,7.5,50,77.5,20,10,0,0,10,5,75,60,25,40,70,85
NA,NA,0,NA,100,305,1,NA,NA,NA,NA,NA,NA,41.318600000000004,-72.9302,NA,NA,1,1,2,1,NA,5,2,3,2,4,0,4,4,4,NA,NA,NA,NA,NA,NA,NA,80,80,2,NA,NA,NA,NA,NA,1,NA,NA,NA,NA,NA,NA,NA,NA,2,NA,NA,2,1,1,80,80,40,80,30,80,20,60,0,50,0,20,0,70,NA,NA,NA,NA,NA,NA,NA,NA,NA,NA,NA,NA,NA,NA,NA,1,NA,NA,NA,treatment,Republican,NA,NA,NA,NA,NA,NA,NA,NA,314,NA,21,NA,NA,NA,NA,NA,NA,NA,NA,NA,NA,32,NA,NA,NA,NA,NA,NA,NA,NA,NA,6,Weak R,2,Republican,1,Non-MAGA,Slightly conservative,1,3,Treatment R,1,2,Match,80,80,80,80,40,30,20,0,0,0,NA,NA,NA,NA,NA,NA,80,80,60,50,20,70,NA,NA,NA,NA,NA,NA,2.75,medium,1,4,0,0,0,0,0,1,0,0,0,80,80,80,80,0,0,0,0,0,0,1.3333333333333333,15,60,NA,60,22.5,0,67.5,45,40,30,20,0,0,0,80,80,60,50,20,70
NA,NA,0,NA,100,706,1,NA,NA,NA,NA,NA,NA,34.1211,-117.4362,NA,NA,1,1,1,1,NA,3,NA,NA,NA,NA,0,NA,NA,NA,3,3,4,4,4,4,4,85,55,2,NA,1,NA,1,NA,1,1,NA,NA,NA,4,NA,4,NA,3,3,NA,NA,NA,NA,85,55,NA,NA,NA,NA,NA,NA,NA,NA,NA,NA,NA,NA,4,2,1,45,80,30,70,10,70,10,55,1,55,1,65,0,NA,NA,NA,treatment,Democrat,NA,NA,NA,NA,NA,NA,NA,NA,715,NA,58,NA,NA,NA,NA,NA,NA,NA,NA,NA,NA,63,NA,NA,NA,NA,NA,NA,NA,NA,NA,2,Weak D,1,Democrat,0,Non-MAGA,Slightly liberal,1,4,Treatment D,0,1,Mismatch,55,85,55,85,NA,NA,NA,NA,NA,NA,45,30,10,10,1,1,NA,NA,NA,NA,NA,NA,80,70,70,55,55,65,3.5,strong,2,4,0,1,0,1,0,1,1,0,0,85,85,55,55,0,0,0,0,0,0,2.3333333333333335,16.166666666666668,65.83333333333333,65.83333333333333,NA,23.75,1,68.75,60,45,30,10,10,1,1,80,70,70,55,55,65
NA,NA,0,NA,100,571,1,NA,NA,NA,NA,NA,NA,34.2069,-79.2557,NA,NA,1,1,1,2,NA,2,NA,NA,NA,NA,0,NA,NA,NA,4,4,1,4,3,3,4,100,50,2,1,NA,NA,1,NA,NA,1,NA,NA,4,NA,NA,5,NA,NA,5,NA,NA,NA,NA,100,50,NA,NA,NA,NA,NA,NA,NA,NA,NA,NA,NA,NA,5,4,1,0,14,0,51,0,53,0,44,0,44,0,45,0,NA,NA,NA,treatment,Democrat,NA,NA,NA,NA,NA,NA,NA,NA,581,NA,4564,NA,NA,NA,NA,NA,NA,NA,NA,NA,NA,71,NA,NA,NA,NA,NA,NA,NA,NA,NA,1,Strong D,1,Democrat,0,Non-MAGA,Somewhat liberal,1,4,Treatment D,0,1,Mismatch,50,100,50,100,NA,NA,NA,NA,NA,NA,0,0,0,0,0,0,NA,NA,NA,NA,NA,NA,14,51,53,44,44,45,3.25,strong,2,3.3333333333333335,1,0,0,1,0,0,1,0,0,100,100,50,50,0,0,0,0,0,0,3.3333333333333335,0,41.833333333333336,41.833333333333336,NA,0,0,40.5,44.5,0,0,0,0,0,0,14,51,53,44,44,45
NA,NA,0,NA,100,388,1,NA,NA,NA,NA,NA,NA,33.9388,-117.416,NA,NA,1,1,1,1,NA,2,NA,NA,NA,NA,0,NA,NA,NA,4,4,3,4,3,4,3,80,45,2,NA,NA,NA,NA,NA,NA,NA,1,NA,NA,NA,NA,NA,NA,NA,NA,4,NA,NA,NA,80,45,NA,NA,NA,NA,NA,NA,NA,NA,NA,NA,NA,NA,4,4,2,60,85,40,55,15,45,30,40,20,35,10,70,0,NA,NA,NA,control,Democrat,NA,NA,NA,NA,NA,NA,NA,NA,399,NA,3742,NA,NA,NA,NA,NA,NA,NA,NA,NA,NA,33,NA,NA,NA,NA,NA,NA,NA,NA,NA,2,Weak D,1,Democrat,0,Non-MAGA,Somewhat liberal,0,2,Control D,0,0,Control,45,80,45,80,NA,NA,NA,NA,NA,NA,60,40,15,30,20,10,NA,NA,NA,NA,NA,NA,85,55,45,40,35,70,3.75,strong,2,3.3333333333333335,0,0,0,0,0,0,0,1,0,80,80,45,45,0,0,0,0,0,0,3.3333333333333335,29.166666666666668,55,55,NA,36.25,15,56.25,52.5,60,40,15,30,20,10,85,55,45,40,35,70
NA,NA,0,NA,100,722,1,NA,NA,NA,NA,NA,NA,39.8079,-86.0949,NA,NA,1,1,2,2,NA,7,5,5,4,4,0,2,2,2,NA,NA,NA,NA,NA,NA,NA,22,89,2,1,NA,NA,NA,NA,NA,NA,NA,NA,3,NA,NA,NA,NA,NA,NA,NA,5,4,4,13,95,0,21,2,0,0,0,0,0,0,0,0,0,NA,NA,NA,NA,NA,NA,NA,NA,NA,NA,NA,NA,NA,NA,NA,1,NA,NA,NA,treatment,Republican,NA,NA,NA,NA,NA,NA,NA,NA,740,NA,11536,NA,NA,NA,NA,NA,NA,NA,NA,NA,NA,63,NA,NA,NA,NA,NA,NA,NA,NA,NA,7,Strong R,2,Republican,1,Non-MAGA,Very conservative,1,3,Treatment R,1,2,Match,89,22,95,13,0,2,0,0,0,0,NA,NA,NA,NA,NA,NA,21,0,0,0,0,0,NA,NA,NA,NA,NA,NA,4.5,strong,2,2,1,0,0,0,0,0,0,0,0,89,95,22,13,6,-9,15,6,-9,15,4.333333333333333,0.3333333333333333,3.5,NA,3.5,0.5,0,5.25,0,0,2,0,0,0,0,21,0,0,0,0,0
NA,NA,0,NA,100,726,1,NA,NA,NA,NA,NA,NA,35.032,-90.0139,NA,NA,1,1,1,2,NA,6,NA,NA,NA,NA,0,NA,NA,NA,3,1,3,1,4,1,4,80,32,2,NA,NA,NA,NA,NA,1,NA,1,NA,NA,NA,NA,NA,NA,3,NA,4,NA,NA,NA,87,36,NA,NA,NA,NA,NA,NA,NA,NA,NA,NA,NA,NA,4,5,2,34,52,47,60,66,75,84,25,90,29,NA,35,0,NA,NA,NA,control,Democrat,NA,NA,NA,NA,NA,NA,NA,NA,755,NA,1627,NA,NA,NA,NA,NA,NA,NA,NA,NA,NA,40,NA,NA,NA,NA,NA,NA,NA,NA,NA,1,Strong D,1,Democrat,0,Non-MAGA,Somewhat conservative,0,2,Control D,0,0,Control,32,80,36,87,NA,NA,NA,NA,NA,NA,34,47,66,84,90,NA,NA,NA,NA,NA,NA,NA,52,60,75,25,29,35,2,medium,1,3,0,0,0,0,0,1,0,1,0,80,87,32,36,4,7,-3,7,4,3,3.6666666666666665,NA,46,46,NA,57.75,NA,53,32,34,47,66,84,90,NA,52,60,75,25,29,35
NA,NA,0,NA,100,248,1,NA,NA,NA,NA,NA,NA,40.7193,-73.6008,NA,NA,1,1,1,1,NA,3,NA,NA,NA,NA,0,NA,NA,NA,2,2,2,2,4,4,3,56,45,2,NA,NA,NA,NA,NA,NA,NA,1,NA,NA,NA,NA,NA,NA,NA,NA,3,NA,NA,NA,54,47,NA,NA,NA,NA,NA,NA,NA,NA,NA,NA,NA,NA,2,2,1,30,30,8,7,0,0,13,13,0,0,0,0,0,NA,NA,NA,control,Democrat,NA,NA,NA,NA,NA,NA,NA,NA,254,NA,2164,NA,NA,NA,NA,NA,NA,NA,NA,NA,NA,25,NA,NA,NA,NA,NA,NA,NA,NA,NA,2,Weak D,1,Democrat,0,Non-MAGA,Slightly liberal,0,2,Control D,0,0,Control,45,56,47,54,NA,NA,NA,NA,NA,NA,30,8,0,13,0,0,NA,NA,NA,NA,NA,NA,30,7,0,13,0,0,2,medium,1,3.6666666666666665,0,0,0,0,0,0,0,1,0,56,54,45,47,2,-2,4,-2,2,-4,1.6666666666666667,8.5,8.333333333333334,8.333333333333334,NA,12.75,0,12.5,0,30,8,0,13,0,0,30,7,0,13,0,0
NA,NA,0,NA,100,1660,1,NA,NA,NA,NA,NA,NA,40.6832,-76.2113,NA,NA,1,1,1,1,NA,6,NA,NA,NA,NA,0,NA,NA,NA,3,3,2,3,4,4,4,60,40,2,NA,NA,NA,NA,NA,NA,NA,NA,1,NA,NA,NA,NA,NA,NA,NA,NA,NA,NA,NA,60,40,NA,NA,NA,NA,NA,NA,NA,NA,NA,NA,NA,NA,4,3,2,30,20,0,0,0,0,0,0,0,0,0,0,0,NA,NA,NA,control,Democrat,NA,NA,NA,NA,NA,NA,NA,NA,1672,NA,750,NA,NA,NA,NA,NA,NA,NA,NA,NA,NA,66,NA,NA,NA,NA,NA,NA,NA,NA,NA,2,Weak D,1,Democrat,0,Non-MAGA,Somewhat conservative,0,2,Control D,0,0,Control,40,60,40,60,NA,NA,NA,NA,NA,NA,30,0,0,0,0,0,NA,NA,NA,NA,NA,NA,20,0,0,0,0,0,2.75,medium,1,4,0,0,0,0,0,0,0,0,1,60,60,40,40,0,0,0,0,0,0,3,5,3.3333333333333335,3.3333333333333335,NA,7.5,0,5,0,30,0,0,0,0,0,20,0,0,0,0,0
NA,NA,0,NA,100,361,1,NA,NA,NA,NA,NA,NA,28.3961,-81.4681,NA,NA,1,1,2,2,NA,6,4,4,3,4,1,4,4,4,NA,NA,NA,NA,NA,NA,NA,NA,NA,2,NA,NA,NA,NA,NA,1,NA,NA,NA,NA,NA,NA,NA,NA,3,NA,NA,4,1,1,50,50,20,20,20,20,0,0,0,0,0,0,0,0,NA,NA,NA,NA,NA,NA,NA,NA,NA,NA,NA,NA,NA,NA,NA,2,NA,NA,NA,treatment,Republican,NA,NA,NA,NA,NA,NA,NA,NA,405,NA,60,NA,NA,NA,NA,NA,NA,NA,NA,NA,NA,40,NA,NA,NA,NA,NA,NA,NA,NA,NA,7,Strong R,2,Republican,1,MAGA,Somewhat conservative,1,3,Treatment R,1,2,Match,NA,NA,50,50,20,20,0,0,0,0,NA,NA,NA,NA,NA,NA,20,20,0,0,0,0,NA,NA,NA,NA,NA,NA,3.75,strong,2,4,0,0,0,0,0,1,0,0,0,NA,50,NA,50,NA,NA,NA,NA,NA,NA,2,6.666666666666667,6.666666666666667,NA,6.666666666666667,10,0,10,0,20,20,0,0,0,0,20,20,0,0,0,0
NA,NA,0,NA,100,646,1,NA,NA,NA,NA,NA,NA,45.4383,-122.6147,NA,NA,1,1,1,2,NA,1,NA,NA,NA,NA,0,NA,NA,NA,5,5,3,5,2,3,2,90,10,2,NA,NA,NA,NA,NA,1,NA,NA,NA,NA,NA,NA,NA,NA,3,NA,NA,NA,NA,NA,92,15,NA,NA,NA,NA,NA,NA,NA,NA,NA,NA,NA,NA,5,4,1,75,35,25,25,0,0,0,0,0,0,0,0,0,NA,NA,NA,control,Democrat,NA,NA,NA,NA,NA,NA,NA,NA,655,NA,98,NA,NA,NA,NA,NA,NA,NA,NA,NA,NA,26,NA,NA,NA,NA,NA,NA,NA,NA,NA,1,Strong D,1,Democrat,0,Non-MAGA,Very liberal,0,2,Control D,0,0,Control,10,90,15,92,NA,NA,NA,NA,NA,NA,75,25,0,0,0,0,NA,NA,NA,NA,NA,NA,35,25,0,0,0,0,4.5,strong,2,2.3333333333333335,0,0,0,0,0,1,0,0,0,90,92,10,15,5,2,3,2,5,-3,3.3333333333333335,16.666666666666668,10,10,NA,25,0,15,0,75,25,0,0,0,0,35,25,0,0,0,0
NA,NA,0,NA,100,825,1,NA,NA,NA,NA,NA,NA,38.6614,-121.2636,NA,NA,1,1,2,1,NA,6,4,4,4,4,0,4,4,4,NA,NA,NA,NA,NA,NA,NA,0,10,2,NA,NA,NA,NA,NA,NA,1,NA,NA,NA,NA,NA,NA,NA,NA,4,NA,1,1,1,0,10,0,0,0,0,0,0,0,0,0,0,0,0,NA,NA,NA,NA,NA,NA,NA,NA,NA,NA,NA,NA,NA,NA,NA,1,NA,NA,NA,treatment,Republican,NA,NA,NA,NA,NA,NA,NA,NA,839,NA,2762,NA,NA,NA,NA,NA,NA,NA,NA,NA,NA,70,NA,NA,NA,NA,NA,NA,NA,NA,NA,6,Weak R,2,Republican,1,Non-MAGA,Somewhat conservative,1,3,Treatment R,1,2,Match,10,0,10,0,0,0,0,0,0,0,NA,NA,NA,NA,NA,NA,0,0,0,0,0,0,NA,NA,NA,NA,NA,NA,4,strong,2,4,0,0,0,0,0,0,1,0,0,10,10,0,0,0,0,0,0,0,0,1,0,0,NA,0,0,0,0,0,0,0,0,0,0,0,0,0,0,0,0,0
NA,NA,0,NA,100,880,1,NA,NA,NA,NA,NA,NA,41.4866,-81.8037,NA,NA,1,1,1,2,NA,3,NA,NA,NA,NA,0,NA,NA,NA,3,3,2,4,3,3,3,80,55,2,NA,NA,NA,1,1,1,1,1,NA,NA,NA,NA,2,2,4,4,3,NA,NA,NA,82,55,NA,NA,NA,NA,NA,NA,NA,NA,NA,NA,NA,NA,2,2,2,17,56,31,71,0,58,16,66,39,68,20,62,0,NA,NA,NA,control,Democrat,NA,NA,NA,NA,NA,NA,NA,NA,896,NA,111,NA,NA,NA,NA,NA,NA,NA,NA,NA,NA,20,NA,NA,NA,NA,NA,NA,NA,NA,NA,1,Strong D,1,Democrat,0,Non-MAGA,Slightly liberal,0,2,Control D,0,0,Control,55,80,55,82,NA,NA,NA,NA,NA,NA,17,31,0,16,39,20,NA,NA,NA,NA,NA,NA,56,71,58,66,68,62,3,strong,2,3,0,0,0,1,1,1,1,1,0,80,82,55,55,0,2,-2,2,0,2,2,20.5,63.5,63.5,NA,16,29.5,62.75,65,17,31,0,16,39,20,56,71,58,66,68,62
NA,NA,0,NA,100,345,1,NA,NA,NA,NA,NA,NA,38.271,-77.5495,NA,NA,0.899999976158142,1,3,NA,1,2,NA,NA,NA,NA,0,NA,NA,NA,4,3,2,3,1,1,1,78,0,2,1,1,1,NA,1,1,1,NA,NA,4,5,4,NA,4,4,5,NA,NA,NA,NA,76,0,NA,NA,NA,NA,NA,NA,NA,NA,NA,NA,NA,NA,5,5,1,50,0,72,0,50,0,0,0,77,0,100,100,0,NA,NA,NA,control,Democrat,NA,NA,NA,NA,NA,NA,NA,NA,354,NA,6113,NA,NA,NA,NA,NA,NA,NA,NA,NA,NA,34,NA,NA,NA,NA,NA,NA,NA,NA,NA,3,Lean D,0,Independent,0,Non-MAGA,Somewhat liberal,0,2,Control D,0,0,Control,0,78,0,76,NA,NA,NA,NA,NA,NA,50,72,50,0,77,100,NA,NA,NA,NA,NA,NA,0,0,0,0,0,100,3,strong,2,1,1,1,1,0,1,1,1,0,0,78,76,0,0,0,-2,2,-2,0,-2,11,58.166666666666664,16.666666666666668,16.666666666666668,NA,43,88.5,0,50,50,72,50,0,77,100,0,0,0,0,0,100
NA,NA,0,NA,100,290,1,NA,NA,NA,NA,NA,NA,40.7424,-74.0325,NA,NA,1,1,1,2,NA,1,NA,NA,NA,NA,0,NA,NA,NA,3,4,1,3,2,3,3,64,14,2,NA,NA,NA,NA,NA,NA,NA,NA,1,NA,NA,NA,NA,NA,NA,NA,NA,NA,NA,NA,67,13,NA,NA,NA,NA,NA,NA,NA,NA,NA,NA,NA,NA,2,1,2,35,80,13,72,5,65,30,63,9,66,5,62,0,NA,NA,NA,control,Democrat,NA,NA,NA,NA,NA,NA,NA,NA,299,NA,1296,NA,NA,NA,NA,NA,NA,NA,NA,NA,NA,35,NA,NA,NA,NA,NA,NA,NA,NA,NA,1,Strong D,1,Democrat,0,Non-MAGA,Very liberal,0,2,Control D,0,0,Control,14,64,13,67,NA,NA,NA,NA,NA,NA,35,13,5,30,9,5,NA,NA,NA,NA,NA,NA,80,72,65,63,66,62,2.75,medium,1,2.6666666666666665,0,0,0,0,0,0,0,0,1,64,67,14,13,-1,3,-4,3,-1,4,1.6666666666666667,16.166666666666668,68,68,NA,20.75,7,70,64,35,13,5,30,9,5,80,72,65,63,66,62
NA,NA,0,NA,100,599,1,NA,NA,NA,NA,NA,NA,34.248,-116.9065,NA,NA,1,1,1,2,NA,1,NA,NA,NA,NA,0,NA,NA,NA,4,4,2,4,3,3,3,91,27,2,NA,1,NA,1,NA,NA,NA,NA,NA,NA,3,NA,5,NA,NA,NA,NA,NA,NA,NA,96,28,NA,NA,NA,NA,NA,NA,NA,NA,NA,NA,NA,NA,3,1,1,77,43,57,50,2,5,0,1,3,3,10,15,0,NA,NA,NA,treatment,Democrat,NA,NA,NA,NA,NA,NA,NA,NA,613,NA,1017,NA,NA,NA,NA,NA,NA,NA,NA,NA,NA,46,NA,NA,NA,NA,NA,NA,NA,NA,NA,1,Strong D,1,Democrat,0,Non-MAGA,Very liberal,1,4,Treatment D,0,1,Mismatch,27,91,28,96,NA,NA,NA,NA,NA,NA,77,57,2,0,3,10,NA,NA,NA,NA,NA,NA,43,50,5,1,3,15,3.5,strong,2,3,0,1,0,1,0,0,0,0,0,91,96,27,28,1,5,-4,5,1,4,1.6666666666666667,24.833333333333332,19.5,19.5,NA,34,6.5,24.75,9,77,57,2,0,3,10,43,50,5,1,3,15
NA,NA,0,NA,100,178,1,NA,NA,NA,NA,NA,NA,37.2681,-79.9404,NA,NA,1,1,2,1,NA,7,1,1,3,2,0,4,4,2,NA,NA,NA,NA,NA,NA,NA,54,60,2,NA,NA,NA,NA,NA,NA,NA,NA,1,NA,NA,NA,NA,NA,NA,NA,NA,3,3,1,27,34,82,50,100,65,0,0,0,0,0,6,0,0,NA,NA,NA,NA,NA,NA,NA,NA,NA,NA,NA,NA,NA,NA,NA,1,NA,NA,NA,treatment,Republican,NA,NA,NA,NA,NA,NA,NA,NA,186,NA,676,NA,NA,NA,NA,NA,NA,NA,NA,NA,NA,37,NA,NA,NA,NA,NA,NA,NA,NA,NA,6,Weak R,2,Republican,1,Non-MAGA,Very conservative,1,3,Treatment R,1,2,Match,60,54,34,27,82,100,0,0,0,0,NA,NA,NA,NA,NA,NA,50,65,0,0,6,0,NA,NA,NA,NA,NA,NA,1.75,medium,1,3.3333333333333335,0,0,0,0,0,0,0,0,1,60,34,54,27,-26,-27,1,-26,-27,1,2.3333333333333335,30.333333333333332,20.166666666666668,NA,20.166666666666668,45.5,0,28.75,3,82,100,0,0,0,0,50,65,0,0,6,0
NA,NA,0,NA,100,449,1,NA,NA,NA,NA,NA,NA,36.0877,-94.3093,NA,NA,0.600000023841858,1,3,NA,1,3,NA,NA,NA,NA,0,NA,NA,NA,2,2,3,2,4,4,4,81,27,2,NA,1,1,1,1,1,1,NA,NA,NA,2,2,4,4,3,4,NA,NA,NA,NA,85,18,NA,NA,NA,NA,NA,NA,NA,NA,NA,NA,NA,NA,4,3,2,97,100,93,100,61,100,68,100,0,100,0,100,0,NA,NA,NA,treatment,Democrat,NA,NA,NA,NA,NA,NA,NA,NA,458,NA,1163,NA,NA,NA,NA,NA,NA,NA,NA,NA,NA,38,NA,NA,NA,NA,NA,NA,NA,NA,NA,3,Lean D,0,Independent,0,Non-MAGA,Slightly liberal,1,4,Treatment D,0,1,Mismatch,27,81,18,85,NA,NA,NA,NA,NA,NA,97,93,61,68,0,0,NA,NA,NA,NA,NA,NA,100,100,100,100,100,100,2.25,medium,1,4,0,1,1,1,1,1,1,0,0,81,85,27,18,-9,4,-13,4,-9,13,9,53.166666666666664,100,100,NA,79.75,0,100,100,97,93,61,68,0,0,100,100,100,100,100,100
NA,NA,0,NA,100,832,1,NA,NA,NA,NA,NA,NA,29.7959,-95.4973,NA,NA,1,1,1,1,NA,3,NA,NA,NA,NA,0,NA,NA,NA,2,2,2,1,3,3,2,55,48,2,1,NA,1,1,NA,1,NA,NA,NA,2,NA,2,2,NA,4,NA,NA,NA,NA,NA,58,46,NA,NA,NA,NA,NA,NA,NA,NA,NA,NA,NA,NA,5,4,4,64,61,46,61,0,0,0,0,0,0,0,0,0,NA,NA,NA,control,Democrat,NA,NA,NA,NA,NA,NA,NA,NA,NA,NA,16,NA,NA,NA,NA,NA,NA,NA,NA,NA,NA,NA,NA,NA,NA,NA,NA,NA,NA,NA,NA,2,Weak D,1,Democrat,0,Non-MAGA,Slightly liberal,0,2,Control D,0,0,Control,48,55,46,58,NA,NA,NA,NA,NA,NA,64,46,0,0,0,0,NA,NA,NA,NA,NA,NA,61,61,0,0,0,0,1.75,medium,1,2.6666666666666665,1,0,1,1,0,1,0,0,0,55,58,48,46,-2,3,-5,3,-2,5,4.333333333333333,18.333333333333332,20.333333333333332,20.333333333333332,NA,27.5,0,30.5,0,64,46,0,0,0,0,61,61,0,0,0,0
NA,NA,0,NA,100,253,1,NA,NA,NA,NA,NA,NA,28.5436,-81.3738,NA,NA,1,1,3,NA,1,1,NA,NA,NA,NA,0,NA,NA,NA,1,1,1,1,2,2,2,20,0,2,NA,NA,NA,NA,NA,1,1,NA,NA,NA,NA,NA,NA,NA,2,2,NA,NA,NA,NA,20,0,NA,NA,NA,NA,NA,NA,NA,NA,NA,NA,NA,NA,5,2,1,50,50,50,50,0,50,0,50,0,100,0,100,0,NA,NA,NA,control,Democrat,NA,NA,NA,NA,NA,NA,NA,NA,261,NA,6402,NA,NA,NA,NA,NA,NA,NA,NA,NA,NA,41,NA,NA,NA,NA,NA,NA,NA,NA,NA,3,Lean D,0,Independent,0,Non-MAGA,Very liberal,0,2,Control D,0,0,Control,0,20,0,20,NA,NA,NA,NA,NA,NA,50,50,0,0,0,0,NA,NA,NA,NA,NA,NA,50,50,50,50,100,100,1,weak,0,2,0,0,0,0,0,1,1,0,0,20,20,0,0,0,0,0,0,0,0,8,16.666666666666668,66.66666666666667,66.66666666666667,NA,25,0,50,100,50,50,0,0,0,0,50,50,50,50,100,100
NA,NA,0,NA,100,418,1,NA,NA,NA,NA,NA,NA,43.1139,-79.0425,NA,NA,1,1,1,1,NA,5,NA,NA,NA,NA,0,NA,NA,NA,3,3,2,4,3,2,2,64,33,2,NA,NA,NA,1,NA,1,1,NA,NA,NA,NA,NA,4,NA,3,3,NA,NA,NA,NA,64,19,NA,NA,NA,NA,NA,NA,NA,NA,NA,NA,NA,NA,3,2,3,48,59,42,62,37,51,34,61,60,61,64,41,0,NA,NA,NA,control,Democrat,NA,NA,NA,NA,NA,NA,NA,NA,427,NA,2123,NA,NA,NA,NA,NA,NA,NA,NA,NA,NA,30,NA,NA,NA,NA,NA,NA,NA,NA,NA,2,Weak D,1,Democrat,0,Non-MAGA,Slightly conservative,0,2,Control D,0,0,Control,33,64,19,64,NA,NA,NA,NA,NA,NA,48,42,37,34,60,64,NA,NA,NA,NA,NA,NA,59,62,51,61,61,41,3,strong,2,2.3333333333333335,0,0,0,1,0,1,1,0,0,64,64,33,19,-14,0,-14,0,-14,14,2.6666666666666665,47.5,55.833333333333336,55.833333333333336,NA,40.25,62,58.25,51,48,42,37,34,60,64,59,62,51,61,61,41
NA,NA,0,NA,100,369,1,NA,NA,NA,NA,NA,NA,42.1501,-71.8684,NA,NA,0.699999988079071,1,1,2,NA,2,NA,NA,NA,NA,0,NA,NA,NA,4,3,3,4,2,2,3,89,10,2,1,1,NA,1,NA,1,NA,NA,NA,4,4,NA,5,NA,5,NA,NA,NA,NA,NA,98,0,NA,NA,NA,NA,NA,NA,NA,NA,NA,NA,NA,NA,5,5,5,83,11,12,17,0,0,1,0,0,0,0,0,0,NA,NA,NA,treatment,Democrat,NA,NA,NA,NA,NA,NA,NA,NA,380,NA,23,NA,NA,NA,NA,NA,NA,NA,NA,NA,NA,24,NA,NA,NA,NA,NA,NA,NA,NA,NA,1,Strong D,1,Democrat,0,Non-MAGA,Somewhat liberal,1,4,Treatment D,0,1,Mismatch,10,89,0,98,NA,NA,NA,NA,NA,NA,83,12,0,1,0,0,NA,NA,NA,NA,NA,NA,11,17,0,0,0,0,3.5,strong,2,2.3333333333333335,1,1,0,1,0,1,0,0,0,89,98,10,0,-10,9,-19,9,-10,19,5,16,4.666666666666667,4.666666666666667,NA,24,0,7,0,83,12,0,1,0,0,11,17,0,0,0,0
NA,NA,0,NA,100,164,1,NA,NA,NA,NA,NA,NA,29.9396,-90.3645,NA,NA,1,1,1,1,NA,3,NA,NA,NA,NA,0,NA,NA,NA,3,2,2,3,3,3,3,72,36,2,NA,NA,NA,NA,1,1,NA,1,NA,NA,NA,NA,NA,2,3,NA,4,NA,NA,NA,69,35,NA,NA,NA,NA,NA,NA,NA,NA,NA,NA,NA,NA,4,3,3,46,59,50,50,57,58,50,50,32,64,35,41,0,NA,NA,NA,control,Democrat,NA,NA,NA,NA,NA,NA,NA,NA,185,NA,262,NA,NA,NA,NA,NA,NA,NA,NA,NA,NA,27,NA,NA,NA,NA,NA,NA,NA,NA,NA,2,Weak D,1,Democrat,0,Non-MAGA,Slightly liberal,0,2,Control D,0,0,Control,36,72,35,69,NA,NA,NA,NA,NA,NA,46,50,57,50,32,35,NA,NA,NA,NA,NA,NA,59,50,58,50,64,41,2.5,medium,1,3,0,0,0,0,1,1,0,1,0,72,69,36,35,-1,-3,2,-3,-1,-2,3.3333333333333335,45,53.666666666666664,53.666666666666664,NA,50.75,33.5,54.25,52.5,46,50,57,50,32,35,59,50,58,50,64,41
NA,NA,0,NA,100,977,1,NA,NA,NA,NA,NA,NA,42.8651,-71.4934,NA,NA,1,1,1,2,NA,1,NA,NA,NA,NA,0,NA,NA,NA,5,5,5,5,1,1,2,100,0,2,1,NA,NA,1,1,1,NA,NA,NA,5,NA,NA,5,5,5,NA,NA,NA,NA,NA,100,0,NA,NA,NA,NA,NA,NA,NA,NA,NA,NA,NA,NA,5,4,4,83,23,90,3,21,0,0,0,72,0,100,95,0,NA,NA,NA,treatment,Democrat,NA,NA,NA,NA,NA,NA,NA,NA,984,NA,4929,NA,NA,NA,NA,NA,NA,NA,NA,NA,NA,31,NA,NA,NA,NA,NA,NA,NA,NA,NA,1,Strong D,1,Democrat,0,Non-MAGA,Very liberal,1,4,Treatment D,0,1,Mismatch,0,100,0,100,NA,NA,NA,NA,NA,NA,83,90,21,0,72,100,NA,NA,NA,NA,NA,NA,23,3,0,0,0,95,5,strong,2,1.3333333333333333,1,0,0,1,1,1,0,0,0,100,100,0,0,0,0,0,0,0,0,4.333333333333333,61,20.166666666666668,20.166666666666668,NA,48.5,86,6.5,47.5,83,90,21,0,72,100,23,3,0,0,0,95
NA,NA,0,NA,100,335,1,NA,NA,NA,NA,NA,NA,39.8294,-104.9095,NA,NA,1,1,3,NA,1,2,NA,NA,NA,NA,0,NA,NA,NA,2,3,3,3,3,3,2,70,19,2,1,1,NA,1,NA,1,1,NA,NA,4,4,NA,5,NA,4,4,NA,NA,NA,NA,70,19,NA,NA,NA,NA,NA,NA,NA,NA,NA,NA,NA,NA,4,3,1,60,76,36,60,5,34,2,29,24,50,20,50,0,NA,NA,NA,treatment,Democrat,NA,NA,NA,NA,NA,NA,NA,NA,345,NA,336,NA,NA,NA,NA,NA,NA,NA,NA,NA,NA,39,NA,NA,NA,NA,NA,NA,NA,NA,NA,3,Lean D,0,Independent,0,Non-MAGA,Somewhat liberal,1,4,Treatment D,0,1,Mismatch,19,70,19,70,NA,NA,NA,NA,NA,NA,60,36,5,2,24,20,NA,NA,NA,NA,NA,NA,76,60,34,29,50,50,2.75,medium,1,2.6666666666666665,1,1,0,1,0,1,1,0,0,70,70,19,19,0,0,0,0,0,0,8,24.5,49.833333333333336,49.833333333333336,NA,25.75,22,49.75,50,60,36,5,2,24,20,76,60,34,29,50,50
NA,NA,0,NA,100,320,1,NA,NA,NA,NA,NA,NA,34.0322,-118.2836,NA,NA,1,1,1,2,NA,1,NA,NA,NA,NA,0,NA,NA,NA,4,4,3,4,1,1,1,83,0,2,1,NA,NA,1,NA,NA,NA,NA,NA,5,NA,NA,5,NA,NA,NA,NA,NA,NA,NA,89,0,NA,NA,NA,NA,NA,NA,NA,NA,NA,NA,NA,NA,5,5,5,100,58,61,14,0,0,0,0,8,0,9,0,0,NA,NA,NA,treatment,Democrat,NA,NA,NA,NA,NA,NA,NA,NA,339,NA,3263,NA,NA,NA,NA,NA,NA,NA,NA,NA,NA,42,NA,NA,NA,NA,NA,NA,NA,NA,NA,1,Strong D,1,Democrat,0,Non-MAGA,Very liberal,1,4,Treatment D,0,1,Mismatch,0,83,0,89,NA,NA,NA,NA,NA,NA,100,61,0,0,8,9,NA,NA,NA,NA,NA,NA,58,14,0,0,0,0,3.75,strong,2,1,1,0,0,1,0,0,0,0,0,83,89,0,0,0,6,-6,6,0,6,5,29.666666666666668,12,12,NA,40.25,8.5,18,0,100,61,0,0,8,9,58,14,0,0,0,0
NA,NA,0,NA,100,227,1,NA,NA,NA,NA,NA,NA,28.0508,-82.4484,NA,NA,1,1,1,1,NA,3,NA,NA,NA,NA,0,NA,NA,NA,2,3,2,2,3,3,2,55,15,2,1,NA,NA,NA,NA,1,1,NA,NA,3,NA,NA,NA,NA,2,3,NA,NA,NA,NA,25,0,NA,NA,NA,NA,NA,NA,NA,NA,NA,NA,NA,NA,5,5,3,77,100,40,100,20,49,9,60,70,80,80,89,0,NA,NA,NA,control,Democrat,NA,NA,NA,NA,NA,NA,NA,NA,235,NA,3173,NA,NA,NA,NA,NA,NA,NA,NA,NA,NA,31,NA,NA,NA,NA,NA,NA,NA,NA,NA,2,Weak D,1,Democrat,0,Non-MAGA,Slightly liberal,0,2,Control D,0,0,Control,15,55,0,25,NA,NA,NA,NA,NA,NA,77,40,20,9,70,80,NA,NA,NA,NA,NA,NA,100,100,49,60,80,89,2.25,medium,1,2.6666666666666665,1,0,0,0,0,1,1,0,0,55,25,15,0,-15,-30,15,-30,-15,-15,4.333333333333333,49.333333333333336,79.66666666666667,79.66666666666667,NA,36.5,75,77.25,84.5,77,40,20,9,70,80,100,100,49,60,80,89
NA,NA,0,NA,100,174,1,NA,NA,NA,NA,NA,NA,28.2137,-82.6809,NA,NA,0.899999976158142,1,3,NA,3,6,1,2,1,1,1,2,3,2,NA,NA,NA,NA,NA,NA,NA,1,36,2,NA,NA,NA,NA,NA,NA,NA,1,NA,NA,NA,NA,NA,NA,NA,NA,3,5,4,3,0,24,8,50,1,16,0,6,0,3,0,7,0,4,NA,NA,NA,NA,NA,NA,NA,NA,NA,NA,NA,NA,NA,NA,NA,2,NA,NA,NA,control,Republican,NA,NA,NA,NA,NA,NA,NA,NA,183,NA,9639,NA,NA,NA,NA,NA,NA,NA,NA,NA,NA,71,NA,NA,NA,NA,NA,NA,NA,NA,NA,5,Lean R,0,Independent,1,MAGA,Somewhat conservative,0,1,Control R,0,0,Control,36,1,24,0,8,1,0,0,0,0,NA,NA,NA,NA,NA,NA,50,16,6,3,7,4,NA,NA,NA,NA,NA,NA,1.25,weak,NA,2.3333333333333335,0,0,0,0,0,0,0,1,0,36,24,1,0,-12,-1,-11,-12,-1,-11,4,1.5,14.333333333333334,NA,14.333333333333334,2.25,0,18.75,5.5,8,1,0,0,0,0,50,16,6,3,7,4
NA,NA,0,NA,100,2216,1,NA,NA,NA,NA,NA,NA,43.131100000000004,-77.6053,NA,NA,1,1,3,NA,1,4,NA,NA,NA,NA,0,NA,NA,NA,1,3,1,3,1,1,4,92,5,2,NA,1,1,NA,1,1,1,NA,NA,NA,5,5,NA,5,5,5,NA,NA,NA,NA,100,0,NA,NA,NA,NA,NA,NA,NA,NA,NA,NA,NA,NA,5,5,5,100,0,100,0,100,0,100,0,100,0,82,0,0,NA,NA,NA,control,Democrat,NA,NA,NA,NA,NA,NA,NA,NA,2226,NA,4840,NA,NA,NA,NA,NA,NA,NA,NA,NA,NA,43,NA,NA,NA,NA,NA,NA,NA,NA,NA,3,Lean D,0,Independent,0,Non-MAGA,Moderate,0,2,Control D,0,0,Control,5,92,0,100,NA,NA,NA,NA,NA,NA,100,100,100,100,100,82,NA,NA,NA,NA,NA,NA,0,0,0,0,0,0,2,medium,1,2,0,1,1,0,1,1,1,0,0,92,100,5,0,-5,8,-13,8,-5,13,15,97,0,0,NA,100,91,0,0,100,100,100,100,100,82,0,0,0,0,0,0
NA,NA,0,NA,100,302,1,NA,NA,NA,NA,NA,NA,39.9517,-76.7064,NA,NA,1,1,1,2,NA,1,NA,NA,NA,NA,0,NA,NA,NA,3,3,3,3,3,3,3,62,29,2,NA,NA,NA,NA,NA,1,NA,NA,NA,NA,NA,NA,NA,NA,2,NA,NA,NA,NA,NA,71,27,NA,NA,NA,NA,NA,NA,NA,NA,NA,NA,NA,NA,4,3,1,50,73,50,40,9,60,20,70,25,50,31,92,0,NA,NA,NA,control,Democrat,NA,NA,NA,NA,NA,NA,NA,NA,314,NA,178,NA,NA,NA,NA,NA,NA,NA,NA,NA,NA,34,NA,NA,NA,NA,NA,NA,NA,NA,NA,1,Strong D,1,Democrat,0,Non-MAGA,Very liberal,0,2,Control D,0,0,Control,29,62,27,71,NA,NA,NA,NA,NA,NA,50,50,9,20,25,31,NA,NA,NA,NA,NA,NA,73,40,60,70,50,92,3,strong,2,3,0,0,0,0,0,1,0,0,0,62,71,29,27,-2,9,-11,9,-2,11,2.6666666666666665,30.833333333333332,64.16666666666667,64.16666666666667,NA,32.25,28,60.75,71,50,50,9,20,25,31,73,40,60,70,50,92
NA,NA,0,NA,100,380,1,NA,NA,NA,NA,NA,NA,42.2186,-89.0465,NA,NA,1,1,3,NA,1,1,NA,NA,NA,NA,0,NA,NA,NA,3,4,4,4,1,1,1,77,6,2,NA,1,NA,1,1,1,1,NA,NA,NA,2,NA,5,4,4,4,NA,NA,NA,NA,65,10,NA,NA,NA,NA,NA,NA,NA,NA,NA,NA,NA,NA,5,5,5,66,92,50,97,50,100,50,100,72,98,100,100,0,NA,NA,NA,control,Democrat,NA,NA,NA,NA,NA,NA,NA,NA,404,NA,2399,NA,NA,NA,NA,NA,NA,NA,NA,NA,NA,24,NA,NA,NA,NA,NA,NA,NA,NA,NA,3,Lean D,0,Independent,0,Non-MAGA,Very liberal,0,2,Control D,0,0,Control,6,77,10,65,NA,NA,NA,NA,NA,NA,66,50,50,50,72,100,NA,NA,NA,NA,NA,NA,92,97,100,100,98,100,3.75,strong,2,1,0,1,0,1,1,1,1,0,0,77,65,6,10,4,-12,16,-12,4,-16,15,64.66666666666667,97.83333333333333,97.83333333333333,NA,54,86,97.25,99,66,50,50,50,72,100,92,97,100,100,98,100
NA,NA,0,NA,100,661,1,NA,NA,NA,NA,NA,NA,44.9399,-93.2548,NA,NA,1,1,3,NA,1,3,NA,NA,NA,NA,0,NA,NA,NA,1,1,2,1,1,1,1,52,13,2,1,NA,NA,1,1,1,1,NA,NA,4,NA,NA,4,3,4,3,NA,NA,NA,NA,30,0,NA,NA,NA,NA,NA,NA,NA,NA,NA,NA,NA,NA,5,4,5,72,23,71,22,54,42,40,77,40,37,53,53,0,NA,NA,NA,treatment,Democrat,NA,NA,NA,NA,NA,NA,NA,NA,676,NA,66,NA,NA,NA,NA,NA,NA,NA,NA,NA,NA,24,NA,NA,NA,NA,NA,NA,NA,NA,NA,3,Lean D,0,Independent,0,Non-MAGA,Slightly liberal,1,4,Treatment D,0,1,Mismatch,13,52,0,30,NA,NA,NA,NA,NA,NA,72,71,54,40,40,53,NA,NA,NA,NA,NA,NA,23,22,42,77,37,53,1.25,weak,NA,1,1,0,0,1,1,1,1,0,0,52,30,13,0,-13,-22,9,-22,-13,-9,14,55,42.333333333333336,42.333333333333336,NA,59.25,46.5,41,45,72,71,54,40,40,53,23,22,42,77,37,53
NA,NA,0,NA,100,1443,1,NA,NA,NA,NA,NA,NA,36.1682,-115.2166,NA,NA,1,1,1,1,NA,2,NA,NA,NA,NA,0,NA,NA,NA,3,3,4,2,2,1,4,75,21,2,NA,NA,NA,NA,NA,NA,NA,NA,1,NA,NA,NA,NA,NA,NA,NA,NA,NA,NA,NA,77,17,NA,NA,NA,NA,NA,NA,NA,NA,NA,NA,NA,NA,3,2,3,74,32,76,72,32,65,33,65,19,23,33,23,0,NA,NA,NA,treatment,Democrat,NA,NA,NA,NA,NA,NA,NA,NA,1587,NA,3348,NA,NA,NA,NA,NA,NA,NA,NA,NA,NA,26,NA,NA,NA,NA,NA,NA,NA,NA,NA,2,Weak D,1,Democrat,0,Non-MAGA,Somewhat liberal,1,4,Treatment D,0,1,Mismatch,21,75,17,77,NA,NA,NA,NA,NA,NA,74,76,32,33,19,33,NA,NA,NA,NA,NA,NA,32,72,65,65,23,23,3,strong,2,2.3333333333333335,0,0,0,0,0,0,0,0,1,75,77,21,17,-4,2,-6,2,-4,6,2.6666666666666665,44.5,46.666666666666664,46.666666666666664,NA,53.75,26,58.5,23,74,76,32,33,19,33,32,72,65,65,23,23
NA,NA,0,NA,100,1266,1,NA,NA,NA,NA,NA,NA,39.3127,-76.581,NA,NA,1,1,1,1,NA,3,NA,NA,NA,NA,0,NA,NA,NA,3,3,3,3,1,1,1,49,1,2,1,NA,NA,1,1,1,1,NA,NA,5,NA,NA,5,5,5,5,NA,NA,NA,NA,49,1,NA,NA,NA,NA,NA,NA,NA,NA,NA,NA,NA,NA,5,5,5,51,100,100,100,100,100,35,100,49,100,77,100,0,NA,NA,NA,treatment,Democrat,NA,NA,NA,NA,NA,NA,NA,NA,2135,NA,11865,NA,NA,NA,NA,NA,NA,NA,NA,NA,NA,44,NA,NA,NA,NA,NA,NA,NA,NA,NA,2,Weak D,1,Democrat,0,Non-MAGA,Slightly liberal,1,4,Treatment D,0,1,Mismatch,1,49,1,49,NA,NA,NA,NA,NA,NA,51,100,100,35,49,77,NA,NA,NA,NA,NA,NA,100,100,100,100,100,100,3,strong,2,1,1,0,0,1,1,1,1,0,0,49,49,1,1,0,0,0,0,0,0,5,68.66666666666667,100,100,NA,71.5,63,100,100,51,100,100,35,49,77,100,100,100,100,100,100
NA,NA,0,NA,100,541,1,NA,NA,NA,NA,NA,NA,34.1371,-117.6599,NA,NA,1,1,1,2,NA,1,NA,NA,NA,NA,0,NA,NA,NA,3,2,3,2,2,3,2,60,20,2,NA,NA,NA,NA,NA,1,NA,1,NA,NA,NA,NA,NA,NA,3,NA,4,NA,NA,NA,60,20,NA,NA,NA,NA,NA,NA,NA,NA,NA,NA,NA,NA,5,5,4,45,80,45,80,30,80,20,70,30,70,40,80,0,NA,NA,NA,control,Democrat,NA,NA,NA,NA,NA,NA,NA,NA,550,NA,92,NA,NA,NA,NA,NA,NA,NA,NA,NA,NA,30,NA,NA,NA,NA,NA,NA,NA,NA,NA,1,Strong D,1,Democrat,0,Non-MAGA,Very liberal,0,2,Control D,0,0,Control,20,60,20,60,NA,NA,NA,NA,NA,NA,45,45,30,20,30,40,NA,NA,NA,NA,NA,NA,80,80,80,70,70,80,2.5,medium,1,2.3333333333333335,0,0,0,0,0,1,0,1,0,60,60,20,20,0,0,0,0,0,0,4.666666666666667,35,76.66666666666667,76.66666666666667,NA,35,35,77.5,75,45,45,30,20,30,40,80,80,80,70,70,80
NA,NA,0,NA,100,660,1,NA,NA,NA,NA,NA,NA,38.2444,-85.6953,NA,NA,1,1,1,2,NA,1,NA,NA,NA,NA,0,NA,NA,NA,4,4,5,5,3,3,3,100,80,2,NA,NA,NA,NA,NA,NA,NA,1,NA,NA,NA,NA,NA,NA,NA,NA,4,NA,NA,NA,100,80,NA,NA,NA,NA,NA,NA,NA,NA,NA,NA,NA,NA,5,2,2,0,0,0,0,0,0,0,0,0,20,0,20,0,NA,NA,NA,control,Democrat,NA,NA,NA,NA,NA,NA,NA,NA,680,NA,117,NA,NA,NA,NA,NA,NA,NA,NA,NA,NA,49,NA,NA,NA,NA,NA,NA,NA,NA,NA,1,Strong D,1,Democrat,0,Non-MAGA,Very liberal,0,2,Control D,0,0,Control,80,100,80,100,NA,NA,NA,NA,NA,NA,0,0,0,0,0,0,NA,NA,NA,NA,NA,NA,0,0,0,0,20,20,4.5,strong,2,3,0,0,0,0,0,0,0,1,0,100,100,80,80,0,0,0,0,0,0,3,0,6.666666666666667,6.666666666666667,NA,0,0,0,20,0,0,0,0,0,0,0,0,0,0,20,20
NA,NA,0,NA,100,516,1,NA,NA,NA,NA,NA,NA,32.797,-80.003,NA,NA,0.899999976158142,1,2,2,NA,6,4,4,2,5,1,4,4,4,NA,NA,NA,NA,NA,NA,NA,8,96,2,NA,NA,NA,NA,NA,NA,NA,NA,1,NA,NA,NA,NA,NA,NA,NA,NA,4,3,1,9,92,50,50,30,36,0,2,0,0,0,0,0,0,NA,NA,NA,NA,NA,NA,NA,NA,NA,NA,NA,NA,NA,NA,NA,2,NA,NA,NA,treatment,Republican,NA,NA,NA,NA,NA,NA,NA,NA,528,NA,416,NA,NA,NA,NA,NA,NA,NA,NA,NA,NA,74,NA,NA,NA,NA,NA,NA,NA,NA,NA,7,Strong R,2,Republican,1,MAGA,Somewhat conservative,1,3,Treatment R,1,2,Match,96,8,92,9,50,30,0,0,0,0,NA,NA,NA,NA,NA,NA,50,36,2,0,0,0,NA,NA,NA,NA,NA,NA,3.75,strong,2,4,0,0,0,0,0,0,0,0,1,96,92,8,9,-4,1,-5,-4,1,-5,2.6666666666666665,13.333333333333334,14.666666666666666,NA,14.666666666666666,20,0,22,0,50,30,0,0,0,0,50,36,2,0,0,0
NA,NA,0,NA,100,375,1,NA,NA,NA,NA,NA,NA,36.2695,-95.8547,NA,NA,1,1,2,1,NA,5,2,3,3,3,0,4,4,1,NA,NA,NA,NA,NA,NA,NA,56,62,2,NA,NA,NA,NA,NA,NA,NA,1,NA,NA,NA,NA,NA,NA,NA,NA,4,2,1,1,55,58,27,42,0,27,0,9,0,8,0,11,0,7,NA,NA,NA,NA,NA,NA,NA,NA,NA,NA,NA,NA,NA,NA,NA,1,NA,NA,NA,control,Republican,NA,NA,NA,NA,NA,NA,NA,NA,383,NA,8709,NA,NA,NA,NA,NA,NA,NA,NA,NA,NA,40,NA,NA,NA,NA,NA,NA,NA,NA,NA,6,Weak R,2,Republican,1,Non-MAGA,Slightly conservative,0,1,Control R,0,0,Control,62,56,58,55,27,0,0,0,0,0,NA,NA,NA,NA,NA,NA,42,27,9,8,11,7,NA,NA,NA,NA,NA,NA,2.75,medium,1,3,0,0,0,0,0,0,0,1,0,62,58,56,55,-4,-1,-3,-4,-1,-3,1.3333333333333333,4.5,17.333333333333332,NA,17.333333333333332,6.75,0,21.5,9,27,0,0,0,0,0,42,27,9,8,11,7
NA,NA,0,NA,100,462,1,NA,NA,NA,NA,NA,NA,38.5317,-89.9988,NA,NA,1,1,3,NA,1,4,NA,NA,NA,NA,0,NA,NA,NA,3,3,3,3,2,2,2,65,20,2,NA,NA,NA,NA,NA,NA,NA,NA,1,NA,NA,NA,NA,NA,NA,NA,NA,NA,NA,NA,65,20,NA,NA,NA,NA,NA,NA,NA,NA,NA,NA,NA,NA,4,4,4,60,40,30,10,40,20,25,15,65,30,60,75,0,NA,NA,NA,treatment,Democrat,NA,NA,NA,NA,NA,NA,NA,NA,477,NA,1291,NA,NA,NA,NA,NA,NA,NA,NA,NA,NA,40,NA,NA,NA,NA,NA,NA,NA,NA,NA,3,Lean D,0,Independent,0,Non-MAGA,Moderate,1,4,Treatment D,0,1,Mismatch,20,65,20,65,NA,NA,NA,NA,NA,NA,60,30,40,25,65,60,NA,NA,NA,NA,NA,NA,40,10,20,15,30,75,3,strong,2,2,0,0,0,0,0,0,0,0,1,65,65,20,20,0,0,0,0,0,0,12,46.666666666666664,31.666666666666668,31.666666666666668,NA,38.75,62.5,21.25,52.5,60,30,40,25,65,60,40,10,20,15,30,75
NA,NA,0,NA,100,518,1,NA,NA,NA,NA,NA,NA,40.7126,-74.0066,NA,NA,1,1,1,1,NA,3,NA,NA,NA,NA,0,NA,NA,NA,2,3,1,3,2,2,1,77,9,2,1,NA,NA,1,NA,NA,NA,NA,NA,2,NA,NA,2,NA,NA,NA,NA,NA,NA,NA,74,5,NA,NA,NA,NA,NA,NA,NA,NA,NA,NA,NA,NA,5,4,2,50,100,31,100,0,82,0,80,0,97,0,82,0,NA,NA,NA,treatment,Democrat,NA,NA,NA,NA,NA,NA,NA,NA,528,NA,107,NA,NA,NA,NA,NA,NA,NA,NA,NA,NA,39,NA,NA,NA,NA,NA,NA,NA,NA,NA,2,Weak D,1,Democrat,0,Non-MAGA,Slightly liberal,1,4,Treatment D,0,1,Mismatch,9,77,5,74,NA,NA,NA,NA,NA,NA,50,31,0,0,0,0,NA,NA,NA,NA,NA,NA,100,100,82,80,97,82,2.25,medium,1,1.6666666666666667,1,0,0,1,0,0,0,0,0,77,74,9,5,-4,-3,-1,-3,-4,1,3.6666666666666665,13.5,90.16666666666667,90.16666666666667,NA,20.25,0,90.5,89.5,50,31,0,0,0,0,100,100,82,80,97,82
NA,NA,0,NA,100,451,1,NA,NA,NA,NA,NA,NA,30.4941,-90.4751,NA,NA,1,1,3,NA,1,2,NA,NA,NA,NA,0,NA,NA,NA,4,4,3,4,2,2,1,80,10,2,NA,NA,NA,NA,NA,NA,NA,NA,1,NA,NA,NA,NA,NA,NA,NA,NA,NA,NA,NA,80,10,NA,NA,NA,NA,NA,NA,NA,NA,NA,NA,NA,NA,5,4,4,40,85,0,50,0,30,0,70,0,60,0,70,0,NA,NA,NA,control,Democrat,NA,NA,NA,NA,NA,NA,NA,NA,469,NA,7324,NA,NA,NA,NA,NA,NA,NA,NA,NA,NA,48,NA,NA,NA,NA,NA,NA,NA,NA,NA,3,Lean D,0,Independent,0,Non-MAGA,Somewhat liberal,0,2,Control D,0,0,Control,10,80,10,80,NA,NA,NA,NA,NA,NA,40,0,0,0,0,0,NA,NA,NA,NA,NA,NA,85,50,30,70,60,70,3.75,strong,2,1.6666666666666667,0,0,0,0,0,0,0,0,1,80,80,10,10,0,0,0,0,0,0,13,6.666666666666667,60.833333333333336,60.833333333333336,NA,10,0,58.75,65,40,0,0,0,0,0,85,50,30,70,60,70
NA,NA,0,NA,100,368,1,NA,NA,NA,NA,NA,NA,35.8546,-77.0555,NA,NA,1,1,3,NA,3,5,2,2,1,2,1,4,4,3,NA,NA,NA,NA,NA,NA,NA,20,70,2,NA,NA,NA,NA,NA,NA,NA,NA,1,NA,NA,NA,NA,NA,NA,NA,NA,5,4,3,20,70,50,60,60,50,0,0,0,0,0,0,0,0,NA,NA,NA,NA,NA,NA,NA,NA,NA,NA,NA,NA,NA,NA,NA,2,NA,NA,NA,control,Republican,NA,NA,NA,NA,NA,NA,NA,NA,377,NA,144,NA,NA,NA,NA,NA,NA,NA,NA,NA,NA,47,NA,NA,NA,NA,NA,NA,NA,NA,NA,5,Lean R,0,Independent,1,MAGA,Slightly conservative,0,1,Control R,0,0,Control,70,20,70,20,50,60,0,0,0,0,NA,NA,NA,NA,NA,NA,60,50,0,0,0,0,NA,NA,NA,NA,NA,NA,1.75,medium,1,3.6666666666666665,0,0,0,0,0,0,0,0,1,70,70,20,20,0,0,0,0,0,0,4,18.333333333333332,18.333333333333332,NA,18.333333333333332,27.5,0,27.5,0,50,60,0,0,0,0,60,50,0,0,0,0
NA,NA,0,NA,100,232,1,NA,NA,NA,NA,NA,NA,38.8939,-94.7067,NA,NA,1,1,2,2,NA,7,4,4,3,4,1,1,2,2,NA,NA,NA,NA,NA,NA,NA,3,97,2,NA,NA,NA,NA,NA,1,NA,NA,NA,NA,NA,NA,NA,NA,3,NA,NA,1,1,4,3,97,75,82,5,31,2,56,1,33,9,66,9,82,NA,NA,NA,NA,NA,NA,NA,NA,NA,NA,NA,NA,NA,NA,NA,2,NA,NA,NA,control,Republican,NA,NA,NA,NA,NA,NA,NA,NA,247,NA,4533,NA,NA,NA,NA,NA,NA,NA,NA,NA,NA,52,NA,NA,NA,NA,NA,NA,NA,NA,NA,7,Strong R,2,Republican,1,MAGA,Very conservative,0,1,Control R,0,0,Control,97,3,97,3,75,5,2,1,9,9,NA,NA,NA,NA,NA,NA,82,31,56,33,66,82,NA,NA,NA,NA,NA,NA,3.75,strong,2,1.6666666666666667,0,0,0,0,0,1,0,0,0,97,97,3,3,0,0,0,0,0,0,2,16.833333333333332,58.333333333333336,NA,58.333333333333336,20.75,9,50.5,74,75,5,2,1,9,9,82,31,56,33,66,82
NA,NA,0,NA,100,376,1,NA,NA,NA,NA,NA,NA,35.9424,-78.6358,NA,NA,1,1,2,1,NA,4,2,2,1,2,0,4,4,4,NA,NA,NA,NA,NA,NA,NA,100,100,2,NA,NA,NA,1,NA,NA,1,NA,NA,NA,NA,NA,5,NA,NA,5,NA,2,1,1,100,86,4,50,0,42,0,1,0,0,0,0,0,12,NA,NA,NA,NA,NA,NA,NA,NA,NA,NA,NA,NA,NA,NA,NA,1,NA,NA,NA,treatment,Republican,NA,NA,NA,NA,NA,NA,NA,NA,385,NA,157,NA,NA,NA,NA,NA,NA,NA,NA,NA,NA,60,NA,NA,NA,NA,NA,NA,NA,NA,NA,6,Weak R,2,Republican,1,Non-MAGA,Moderate,1,3,Treatment R,1,2,Match,100,100,86,100,4,0,0,0,0,0,NA,NA,NA,NA,NA,NA,50,42,1,0,0,12,NA,NA,NA,NA,NA,NA,1.75,medium,1,4,0,0,0,1,0,0,1,0,0,100,86,100,100,-14,0,-14,-14,0,-14,1.3333333333333333,0.6666666666666666,17.5,NA,17.5,1,0,23.25,6,4,0,0,0,0,0,50,42,1,0,0,12
NA,NA,0,NA,100,434,1,NA,NA,NA,NA,NA,NA,29.7978,-90.8097,NA,NA,1,1,1,2,NA,1,NA,NA,NA,NA,0,NA,NA,NA,4,4,4,4,1,3,1,93,2,2,1,NA,NA,1,NA,1,NA,NA,NA,4,NA,NA,5,NA,4,NA,NA,NA,NA,NA,95,1,NA,NA,NA,NA,NA,NA,NA,NA,NA,NA,NA,NA,5,4,1,84,95,90,93,2,5,2,3,0,2,0,3,0,NA,NA,NA,treatment,Democrat,NA,NA,NA,NA,NA,NA,NA,NA,447,NA,762,NA,NA,NA,NA,NA,NA,NA,NA,NA,NA,22,NA,NA,NA,NA,NA,NA,NA,NA,NA,1,Strong D,1,Democrat,0,Non-MAGA,Very liberal,1,4,Treatment D,0,1,Mismatch,2,93,1,95,NA,NA,NA,NA,NA,NA,84,90,2,2,0,0,NA,NA,NA,NA,NA,NA,95,93,5,3,2,3,4,strong,2,1.6666666666666667,1,0,0,1,0,1,0,0,0,93,95,2,1,-1,2,-3,2,-1,3,3.3333333333333335,29.666666666666668,33.5,33.5,NA,44.5,0,49,2.5,84,90,2,2,0,0,95,93,5,3,2,3
NA,NA,0,NA,100,426,1,NA,NA,NA,NA,NA,NA,45.4407,-122.7792,NA,NA,1,1,1,2,NA,2,NA,NA,NA,NA,0,NA,NA,NA,5,5,4,5,2,4,2,86,22,2,1,NA,NA,NA,NA,NA,1,NA,NA,4,NA,NA,NA,NA,NA,2,NA,NA,NA,NA,92,17,NA,NA,NA,NA,NA,NA,NA,NA,NA,NA,NA,NA,5,4,3,81,28,45,13,37,10,17,3,11,23,12,21,0,NA,NA,NA,control,Democrat,NA,NA,NA,NA,NA,NA,NA,NA,441,NA,4083,NA,NA,NA,NA,NA,NA,NA,NA,NA,NA,59,NA,NA,NA,NA,NA,NA,NA,NA,NA,1,Strong D,1,Democrat,0,Non-MAGA,Somewhat liberal,0,2,Control D,0,0,Control,22,86,17,92,NA,NA,NA,NA,NA,NA,81,45,37,17,11,12,NA,NA,NA,NA,NA,NA,28,13,10,3,23,21,4.75,strong,2,2.6666666666666665,1,0,0,0,0,0,1,0,0,86,92,22,17,-5,6,-11,6,-5,11,4,33.833333333333336,16.333333333333332,16.333333333333332,NA,45,11.5,13.5,22,81,45,37,17,11,12,28,13,10,3,23,21
NA,NA,0,NA,100,661,1,NA,NA,NA,NA,NA,NA,45.5375,-122.5989,NA,NA,1,1,3,NA,1,2,NA,NA,NA,NA,0,NA,NA,NA,1,3,2,2,2,2,2,70,5,2,1,NA,NA,1,NA,1,1,NA,NA,5,NA,NA,5,NA,3,3,NA,NA,NA,NA,80,0,NA,NA,NA,NA,NA,NA,NA,NA,NA,NA,NA,NA,5,4,1,100,100,85,100,0,90,0,100,0,95,0,80,0,NA,NA,NA,treatment,Democrat,NA,NA,NA,NA,NA,NA,NA,NA,672,NA,887,NA,NA,NA,NA,NA,NA,NA,NA,NA,NA,42,NA,NA,NA,NA,NA,NA,NA,NA,NA,3,Lean D,0,Independent,0,Non-MAGA,Somewhat liberal,1,4,Treatment D,0,1,Mismatch,5,70,0,80,NA,NA,NA,NA,NA,NA,100,85,0,0,0,0,NA,NA,NA,NA,NA,NA,100,100,90,100,95,80,2,medium,1,2,1,0,0,1,0,1,1,0,0,70,80,5,0,-5,10,-15,10,-5,15,10,30.833333333333332,94.16666666666667,94.16666666666667,NA,46.25,0,97.5,87.5,100,85,0,0,0,0,100,100,90,100,95,80
NA,NA,0,NA,100,484,1,NA,NA,NA,NA,NA,NA,40.3201,-75.6102,NA,NA,0.899999976158142,1,2,1,NA,5,1,2,1,1,0,3,4,3,NA,NA,NA,NA,NA,NA,NA,29,9,2,1,1,NA,1,NA,NA,1,NA,NA,5,4,NA,5,NA,NA,2,NA,1,1,1,31,8,0,87,0,70,0,40,0,50,0,60,0,52,NA,NA,NA,NA,NA,NA,NA,NA,NA,NA,NA,NA,NA,NA,NA,1,NA,NA,NA,treatment,Republican,NA,NA,NA,NA,NA,NA,NA,NA,599,NA,3557,NA,NA,NA,NA,NA,NA,NA,NA,NA,NA,38,NA,NA,NA,NA,NA,NA,NA,NA,NA,6,Weak R,2,Republican,1,Non-MAGA,Slightly conservative,1,3,Treatment R,1,2,Match,9,29,8,31,0,0,0,0,0,0,NA,NA,NA,NA,NA,NA,87,70,40,50,60,52,NA,NA,NA,NA,NA,NA,1.25,weak,NA,3.3333333333333335,1,1,0,1,0,0,1,0,0,9,8,29,31,-1,2,-3,-1,2,-3,1,0,59.833333333333336,NA,59.833333333333336,0,0,61.75,56,0,0,0,0,0,0,87,70,40,50,60,52
NA,NA,0,NA,100,320,1,NA,NA,NA,NA,NA,NA,40.3965,-80.0442,NA,NA,1,1,1,2,NA,2,NA,NA,NA,NA,0,NA,NA,NA,4,4,2,4,2,3,1,82,9,2,1,1,NA,1,NA,NA,1,NA,NA,4,4,NA,4,NA,NA,4,NA,NA,NA,NA,84,10,NA,NA,NA,NA,NA,NA,NA,NA,NA,NA,NA,NA,4,2,2,30,71,10,71,8,63,11,72,2,80,3,82,0,NA,NA,NA,treatment,Democrat,NA,NA,NA,NA,NA,NA,NA,NA,334,NA,541,NA,NA,NA,NA,NA,NA,NA,NA,NA,NA,47,NA,NA,NA,NA,NA,NA,NA,NA,NA,1,Strong D,1,Democrat,0,Non-MAGA,Somewhat liberal,1,4,Treatment D,0,1,Mismatch,9,82,10,84,NA,NA,NA,NA,NA,NA,30,10,8,11,2,3,NA,NA,NA,NA,NA,NA,71,71,63,72,80,82,3.5,strong,2,2,1,1,0,1,0,0,1,0,0,82,84,9,10,1,2,-1,2,1,1,2.6666666666666665,10.666666666666666,73.16666666666667,73.16666666666667,NA,14.75,2.5,69.25,81,30,10,8,11,2,3,71,71,63,72,80,82
NA,NA,0,NA,100,515,1,NA,NA,NA,NA,NA,NA,35.7798,-78.6654,NA,NA,1,1,2,2,NA,7,5,5,5,5,0,4,4,4,NA,NA,NA,NA,NA,NA,NA,25,100,2,NA,NA,NA,NA,NA,NA,NA,1,NA,NA,NA,NA,NA,NA,NA,NA,3,2,1,1,25,100,60,75,0,60,0,10,0,50,0,40,0,10,NA,NA,NA,NA,NA,NA,NA,NA,NA,NA,NA,NA,NA,NA,NA,1,NA,NA,NA,control,Republican,NA,NA,NA,NA,NA,NA,NA,NA,542,NA,7285,NA,NA,NA,NA,NA,NA,NA,NA,NA,NA,20,NA,NA,NA,NA,NA,NA,NA,NA,NA,7,Strong R,2,Republican,1,Non-MAGA,Very conservative,0,1,Control R,0,0,Control,100,25,100,25,60,0,0,0,0,0,NA,NA,NA,NA,NA,NA,75,60,10,50,40,10,NA,NA,NA,NA,NA,NA,5,strong,2,4,0,0,0,0,0,0,0,1,0,100,100,25,25,0,0,0,0,0,0,1.3333333333333333,10,40.833333333333336,NA,40.833333333333336,15,0,48.75,25,60,0,0,0,0,0,75,60,10,50,40,10
NA,NA,0,NA,100,490,1,NA,NA,NA,NA,NA,NA,33.7147,-112.2401,NA,NA,1,1,2,1,NA,5,1,1,1,1,0,1,1,1,NA,NA,NA,NA,NA,NA,NA,5,71,2,NA,NA,NA,NA,NA,1,NA,NA,NA,NA,NA,NA,NA,NA,3,NA,NA,5,5,4,0,64,15,82,0,29,0,16,0,7,0,19,0,19,NA,NA,NA,NA,NA,NA,NA,NA,NA,NA,NA,NA,NA,NA,NA,1,NA,NA,NA,control,Republican,NA,NA,NA,NA,NA,NA,NA,NA,501,NA,6573,NA,NA,NA,NA,NA,NA,NA,NA,NA,NA,35,NA,NA,NA,NA,NA,NA,NA,NA,NA,6,Weak R,2,Republican,1,Non-MAGA,Slightly conservative,0,1,Control R,0,0,Control,71,5,64,0,15,0,0,0,0,0,NA,NA,NA,NA,NA,NA,82,29,16,7,19,19,NA,NA,NA,NA,NA,NA,1,weak,0,1,0,0,0,0,0,1,0,0,0,71,64,5,0,-7,-5,-2,-7,-5,-2,4.666666666666667,2.5,28.666666666666668,NA,28.666666666666668,3.75,0,33.5,19,15,0,0,0,0,0,82,29,16,7,19,19
NA,NA,0,NA,100,1239,1,NA,NA,NA,NA,NA,NA,33.3124,-111.9195,NA,NA,1,1,1,1,NA,2,NA,NA,NA,NA,0,NA,NA,NA,3,3,4,3,3,3,3,90,10,2,1,NA,NA,1,1,1,1,NA,NA,4,NA,NA,4,4,4,4,NA,NA,NA,NA,90,10,NA,NA,NA,NA,NA,NA,NA,NA,NA,NA,NA,NA,5,4,2,10,40,10,40,0,20,0,20,0,10,0,10,0,NA,NA,NA,treatment,Democrat,NA,NA,NA,NA,NA,NA,NA,NA,1248,NA,1422,NA,NA,NA,NA,NA,NA,NA,NA,NA,NA,72,NA,NA,NA,NA,NA,NA,NA,NA,NA,2,Weak D,1,Democrat,0,Non-MAGA,Somewhat liberal,1,4,Treatment D,0,1,Mismatch,10,90,10,90,NA,NA,NA,NA,NA,NA,10,10,0,0,0,0,NA,NA,NA,NA,NA,NA,40,40,20,20,10,10,3.25,strong,2,3,1,0,0,1,1,1,1,0,0,90,90,10,10,0,0,0,0,0,0,3.6666666666666665,3.3333333333333335,23.333333333333332,23.333333333333332,NA,5,0,30,10,10,10,0,0,0,0,40,40,20,20,10,10
NA,NA,0,NA,100,249,1,NA,NA,NA,NA,NA,NA,25.7701,-80.1928,NA,NA,1,1,3,NA,1,4,NA,NA,NA,NA,0,NA,NA,NA,1,1,1,1,4,4,4,50,50,2,1,NA,NA,1,1,1,1,NA,NA,4,NA,NA,4,3,3,5,NA,NA,NA,NA,50,50,NA,NA,NA,NA,NA,NA,NA,NA,NA,NA,NA,NA,3,3,3,0,0,100,100,0,0,100,100,0,0,0,0,0,NA,NA,NA,treatment,Democrat,NA,NA,NA,NA,NA,NA,NA,NA,268,NA,1805,NA,NA,NA,NA,NA,NA,NA,NA,NA,NA,33,NA,NA,NA,NA,NA,NA,NA,NA,NA,3,Lean D,0,Independent,0,Non-MAGA,Moderate,1,4,Treatment D,0,1,Mismatch,50,50,50,50,NA,NA,NA,NA,NA,NA,0,100,0,100,0,0,NA,NA,NA,NA,NA,NA,0,100,0,100,0,0,1,weak,0,4,1,0,0,1,1,1,1,0,0,50,50,50,50,0,0,0,0,0,0,9,33.333333333333336,33.333333333333336,33.333333333333336,NA,50,0,50,0,0,100,0,100,0,0,0,100,0,100,0,0
NA,NA,0,NA,100,494,1,NA,NA,NA,NA,NA,NA,39.8378,-84.1111,NA,NA,1,1,3,NA,1,1,NA,NA,NA,NA,0,NA,NA,NA,2,1,2,2,3,3,2,25,0,2,1,1,NA,1,NA,1,1,NA,NA,4,3,NA,5,NA,3,4,NA,NA,NA,NA,25,0,NA,NA,NA,NA,NA,NA,NA,NA,NA,NA,NA,NA,5,2,1,85,90,40,85,0,70,0,65,0,75,0,65,0,NA,NA,NA,treatment,Democrat,NA,NA,NA,NA,NA,NA,NA,NA,502,NA,589,NA,NA,NA,NA,NA,NA,NA,NA,NA,NA,53,NA,NA,NA,NA,NA,NA,NA,NA,NA,3,Lean D,0,Independent,0,Non-MAGA,Very liberal,1,4,Treatment D,0,1,Mismatch,0,25,0,25,NA,NA,NA,NA,NA,NA,85,40,0,0,0,0,NA,NA,NA,NA,NA,NA,90,85,70,65,75,65,1.75,medium,1,2.6666666666666665,1,1,0,1,0,1,1,0,0,25,25,0,0,0,0,0,0,0,0,8,20.833333333333332,75,75,NA,31.25,0,77.5,70,85,40,0,0,0,0,90,85,70,65,75,65
NA,NA,0,NA,100,250,1,NA,NA,NA,NA,NA,NA,36.1163,-83.481,NA,NA,1,1,2,2,NA,7,3,3,2,4,1,4,4,4,NA,NA,NA,NA,NA,NA,NA,9,82,2,NA,NA,NA,NA,NA,NA,NA,NA,1,NA,NA,NA,NA,NA,NA,NA,NA,5,5,3,9,82,27,73,0,72,0,0,0,13,0,64,0,60,NA,NA,NA,NA,NA,NA,NA,NA,NA,NA,NA,NA,NA,NA,NA,2,NA,NA,NA,control,Republican,NA,NA,NA,NA,NA,NA,NA,NA,258,NA,1302,NA,NA,NA,NA,NA,NA,NA,NA,NA,NA,61,NA,NA,NA,NA,NA,NA,NA,NA,NA,7,Strong R,2,Republican,1,MAGA,Very conservative,0,1,Control R,0,0,Control,82,9,82,9,27,0,0,0,0,0,NA,NA,NA,NA,NA,NA,73,72,0,13,64,60,NA,NA,NA,NA,NA,NA,3,strong,2,4,0,0,0,0,0,0,0,0,1,82,82,9,9,0,0,0,0,0,0,4.333333333333333,4.5,47,NA,47,6.75,0,39.5,62,27,0,0,0,0,0,73,72,0,13,64,60
NA,NA,0,NA,100,396,1,NA,NA,NA,NA,NA,NA,39.9206,-75.1826,NA,NA,1,1,1,2,NA,1,NA,NA,NA,NA,0,NA,NA,NA,4,4,4,4,1,1,1,91,0,2,NA,NA,NA,NA,NA,NA,NA,1,NA,NA,NA,NA,NA,NA,NA,NA,3,NA,NA,NA,94,0,NA,NA,NA,NA,NA,NA,NA,NA,NA,NA,NA,NA,5,5,5,85,34,91,35,97,39,94,41,93,32,95,25,0,NA,NA,NA,control,Democrat,NA,NA,NA,NA,NA,NA,NA,NA,404,NA,18151,NA,NA,NA,NA,NA,NA,NA,NA,NA,NA,39,NA,NA,NA,NA,NA,NA,NA,NA,NA,1,Strong D,1,Democrat,0,Non-MAGA,Very liberal,0,2,Control D,0,0,Control,0,91,0,94,NA,NA,NA,NA,NA,NA,85,91,97,94,93,95,NA,NA,NA,NA,NA,NA,34,35,39,41,32,25,4,strong,2,1,0,0,0,0,0,0,0,1,0,91,94,0,0,0,3,-3,3,0,3,5,92.5,34.333333333333336,34.333333333333336,NA,91.75,94,37.25,28.5,85,91,97,94,93,95,34,35,39,41,32,25
NA,NA,0,NA,100,213,1,NA,NA,NA,NA,NA,NA,36.7943,-119.8856,NA,NA,1,1,3,NA,1,4,NA,NA,NA,NA,0,NA,NA,NA,1,2,1,2,3,3,3,82,56,2,1,NA,NA,NA,NA,NA,NA,NA,NA,2,NA,NA,NA,NA,NA,NA,NA,NA,NA,NA,78,54,NA,NA,NA,NA,NA,NA,NA,NA,NA,NA,NA,NA,2,2,1,0,0,0,0,0,0,0,0,0,61,0,78,0,NA,NA,NA,control,Democrat,NA,NA,NA,NA,NA,NA,NA,NA,222,NA,1002,NA,NA,NA,NA,NA,NA,NA,NA,NA,NA,20,NA,NA,NA,NA,NA,NA,NA,NA,NA,3,Lean D,0,Independent,0,Non-MAGA,Moderate,0,2,Control D,0,0,Control,56,82,54,78,NA,NA,NA,NA,NA,NA,0,0,0,0,0,0,NA,NA,NA,NA,NA,NA,0,0,0,0,61,78,1.5,weak,1,3,1,0,0,0,0,0,0,0,0,82,78,56,54,-2,-4,2,-4,-2,-2,5,0,23.166666666666668,23.166666666666668,NA,0,0,0,69.5,0,0,0,0,0,0,0,0,0,0,61,78
NA,NA,0,NA,100,745,1,NA,NA,NA,NA,NA,NA,37.3512,-121.8846,NA,NA,1,1,1,1,NA,2,NA,NA,NA,NA,0,NA,NA,NA,4,4,5,5,3,2,4,83,50,2,NA,NA,NA,1,1,1,NA,NA,NA,NA,NA,NA,4,3,4,NA,NA,NA,NA,NA,82,61,NA,NA,NA,NA,NA,NA,NA,NA,NA,NA,NA,NA,3,1,1,31,21,83,73,0,0,21,50,0,0,0,0,0,NA,NA,NA,treatment,Democrat,NA,NA,NA,NA,NA,NA,NA,NA,763,NA,3390,NA,NA,NA,NA,NA,NA,NA,NA,NA,NA,54,NA,NA,NA,NA,NA,NA,NA,NA,NA,2,Weak D,1,Democrat,0,Non-MAGA,Somewhat liberal,1,4,Treatment D,0,1,Mismatch,50,83,61,82,NA,NA,NA,NA,NA,NA,31,83,0,21,0,0,NA,NA,NA,NA,NA,NA,21,73,0,50,0,0,4.5,strong,2,3,0,0,0,1,1,1,0,0,0,83,82,50,61,11,-1,12,-1,11,-12,1.6666666666666667,22.5,24,24,NA,33.75,0,36,0,31,83,0,21,0,0,21,73,0,50,0,0
NA,NA,0,NA,100,531,1,NA,NA,NA,NA,NA,NA,35.4834,-97.6315,NA,NA,1,1,1,1,NA,2,NA,NA,NA,NA,0,NA,NA,NA,3,3,2,3,3,3,3,70,10,2,NA,NA,NA,NA,1,1,NA,NA,NA,NA,NA,NA,NA,3,4,NA,NA,NA,NA,NA,70,10,NA,NA,NA,NA,NA,NA,NA,NA,NA,NA,NA,NA,5,3,1,50,50,10,18,0,85,0,70,0,70,0,91,0,NA,NA,NA,control,Democrat,NA,NA,NA,NA,NA,NA,NA,NA,552,NA,2054,NA,NA,NA,NA,NA,NA,NA,NA,NA,NA,49,NA,NA,NA,NA,NA,NA,NA,NA,NA,2,Weak D,1,Democrat,0,Non-MAGA,Somewhat liberal,0,2,Control D,0,0,Control,10,70,10,70,NA,NA,NA,NA,NA,NA,50,10,0,0,0,0,NA,NA,NA,NA,NA,NA,50,18,85,70,70,91,2.75,medium,1,3,0,0,0,0,1,1,0,0,0,70,70,10,10,0,0,0,0,0,0,3,10,64,64,NA,15,0,55.75,80.5,50,10,0,0,0,0,50,18,85,70,70,91
NA,NA,0,NA,100,209,1,NA,NA,NA,NA,NA,NA,45.0546,-93.2566,NA,NA,1,1,1,1,NA,3,NA,NA,NA,NA,0,NA,NA,NA,1,3,2,2,3,3,3,55,40,2,NA,NA,NA,NA,NA,1,NA,NA,NA,NA,NA,NA,NA,NA,2,NA,NA,NA,NA,NA,55,40,NA,NA,NA,NA,NA,NA,NA,NA,NA,NA,NA,NA,2,1,1,100,100,40,60,30,40,0,5,8,20,0,10,0,NA,NA,NA,control,Democrat,NA,NA,NA,NA,NA,NA,NA,NA,217,NA,3006,NA,NA,NA,NA,NA,NA,NA,NA,NA,NA,38,NA,NA,NA,NA,NA,NA,NA,NA,NA,2,Weak D,1,Democrat,0,Non-MAGA,Slightly liberal,0,2,Control D,0,0,Control,40,55,40,55,NA,NA,NA,NA,NA,NA,100,40,30,0,8,0,NA,NA,NA,NA,NA,NA,100,60,40,5,20,10,2,medium,1,3,0,0,0,0,0,1,0,0,0,55,55,40,40,0,0,0,0,0,0,1.3333333333333333,29.666666666666668,39.166666666666664,39.166666666666664,NA,42.5,4,51.25,15,100,40,30,0,8,0,100,60,40,5,20,10
NA,NA,0,NA,100,249,1,NA,NA,NA,NA,NA,NA,38.7776,-75.3099,NA,NA,0.899999976158142,1,1,2,NA,3,NA,NA,NA,NA,0,NA,NA,NA,5,3,1,5,3,3,1,75,0,2,NA,NA,NA,NA,NA,NA,NA,1,NA,NA,NA,NA,NA,NA,NA,NA,3,NA,NA,NA,75,0,NA,NA,NA,NA,NA,NA,NA,NA,NA,NA,NA,NA,1,5,1,0,51,0,51,0,51,0,51,0,25,0,51,0,NA,NA,NA,control,Democrat,NA,NA,NA,NA,NA,NA,NA,NA,260,NA,4359,NA,NA,NA,NA,NA,NA,NA,NA,NA,NA,75,NA,NA,NA,NA,NA,NA,NA,NA,NA,1,Strong D,1,Democrat,0,Non-MAGA,Slightly liberal,0,2,Control D,0,0,Control,0,75,0,75,NA,NA,NA,NA,NA,NA,0,0,0,0,0,0,NA,NA,NA,NA,NA,NA,51,51,51,51,25,51,3.5,strong,2,2.3333333333333335,0,0,0,0,0,0,0,1,0,75,75,0,0,0,0,0,0,0,0,2.3333333333333335,0,46.666666666666664,46.666666666666664,NA,0,0,51,38,0,0,0,0,0,0,51,51,51,51,25,51
NA,NA,0,NA,100,443,1,NA,NA,NA,NA,NA,NA,40.1149,-82.9054,NA,NA,1,1,2,1,NA,5,3,3,3,3,0,3,3,3,NA,NA,NA,NA,NA,NA,NA,40,65,2,NA,NA,NA,NA,NA,NA,NA,NA,1,NA,NA,NA,NA,NA,NA,NA,NA,4,2,2,NA,65,NA,80,NA,55,25,25,NA,NA,5,15,15,20,NA,NA,NA,NA,NA,NA,NA,NA,NA,NA,NA,NA,NA,NA,NA,1,NA,NA,NA,control,Republican,NA,NA,NA,NA,NA,NA,NA,NA,456,NA,65,NA,NA,NA,NA,NA,NA,NA,NA,NA,NA,65,NA,NA,NA,NA,NA,NA,NA,NA,NA,6,Weak R,2,Republican,1,Non-MAGA,Slightly conservative,0,1,Control R,0,0,Control,65,40,65,NA,NA,NA,25,NA,5,15,NA,NA,NA,NA,NA,NA,80,55,25,NA,15,20,NA,NA,NA,NA,NA,NA,3,strong,2,3,0,0,0,0,0,0,0,0,1,65,65,40,NA,0,NA,NA,0,NA,NA,2.6666666666666665,NA,39,NA,39,NA,10,NA,17.5,NA,NA,25,NA,5,15,80,55,25,NA,15,20
NA,NA,0,NA,100,274,1,NA,NA,NA,NA,NA,NA,26.3796,-80.1029,NA,NA,1,1,3,NA,1,3,NA,NA,NA,NA,0,NA,NA,NA,1,2,3,2,4,4,4,62,60,2,NA,NA,NA,NA,NA,NA,NA,1,NA,NA,NA,NA,NA,NA,NA,NA,3,NA,NA,NA,62,60,NA,NA,NA,NA,NA,NA,NA,NA,NA,NA,NA,NA,4,1,1,50,50,50,50,0,0,0,0,19,8,0,2,0,NA,NA,NA,control,Democrat,NA,NA,NA,NA,NA,NA,NA,NA,284,NA,15,NA,NA,NA,NA,NA,NA,NA,NA,NA,NA,18,NA,NA,NA,NA,NA,NA,NA,NA,NA,3,Lean D,0,Independent,0,Non-MAGA,Slightly liberal,0,2,Control D,0,0,Control,60,62,60,62,NA,NA,NA,NA,NA,NA,50,50,0,0,19,0,NA,NA,NA,NA,NA,NA,50,50,0,0,8,2,2,medium,1,4,0,0,0,0,0,0,0,1,0,62,62,60,60,0,0,0,0,0,0,6,19.833333333333332,18.333333333333332,18.333333333333332,NA,25,9.5,25,5,50,50,0,0,19,0,50,50,0,0,8,2
NA,NA,0,NA,100,329,1,NA,NA,NA,NA,NA,NA,39.0469,-77.4903,NA,NA,1,1,2,1,NA,5,3,3,3,3,0,3,3,3,NA,NA,NA,NA,NA,NA,NA,71,91,2,NA,NA,NA,NA,NA,1,NA,1,NA,NA,NA,NA,NA,NA,2,NA,4,2,1,1,73,93,62,82,17,79,17,27,24,34,21,50,15,73,NA,NA,NA,NA,NA,NA,NA,NA,NA,NA,NA,NA,NA,NA,NA,1,NA,NA,NA,control,Republican,NA,NA,NA,NA,NA,NA,NA,NA,346,NA,5614,NA,NA,NA,NA,NA,NA,NA,NA,NA,NA,36,NA,NA,NA,NA,NA,NA,NA,NA,NA,6,Weak R,2,Republican,1,Non-MAGA,Slightly conservative,0,1,Control R,0,0,Control,91,71,93,73,62,17,17,24,21,15,NA,NA,NA,NA,NA,NA,82,79,27,34,50,73,NA,NA,NA,NA,NA,NA,3,strong,2,3,0,0,0,0,0,1,0,1,0,91,93,71,73,2,2,0,2,2,0,1.3333333333333333,26,57.5,NA,57.5,30,18,55.5,61.5,62,17,17,24,21,15,82,79,27,34,50,73
NA,NA,0,NA,100,751,1,NA,NA,NA,NA,NA,NA,38.4248,-82.2132,NA,NA,1,1,1,2,NA,1,NA,NA,NA,NA,0,NA,NA,NA,5,5,4,5,3,3,2,79,8,2,1,NA,NA,1,1,1,NA,NA,NA,5,NA,NA,5,4,5,NA,NA,NA,NA,NA,86,0,NA,NA,NA,NA,NA,NA,NA,NA,NA,NA,NA,NA,5,5,4,100,100,30,82,0,44,0,56,0,81,0,69,0,NA,NA,NA,treatment,Democrat,NA,NA,NA,NA,NA,NA,NA,NA,808,NA,793,NA,NA,NA,NA,NA,NA,NA,NA,NA,NA,39,NA,NA,NA,NA,NA,NA,NA,NA,NA,1,Strong D,1,Democrat,0,Non-MAGA,Very liberal,1,4,Treatment D,0,1,Mismatch,8,79,0,86,NA,NA,NA,NA,NA,NA,100,30,0,0,0,0,NA,NA,NA,NA,NA,NA,100,82,44,56,81,69,4.75,strong,2,2.6666666666666665,1,0,0,1,1,1,0,0,0,79,86,8,0,-8,7,-15,7,-8,15,4.666666666666667,21.666666666666668,72,72,NA,32.5,0,70.5,75,100,30,0,0,0,0,100,82,44,56,81,69
NA,NA,0,NA,100,335,1,NA,NA,NA,NA,NA,NA,40.033,-76.2867,NA,NA,1,1,1,2,NA,2,NA,NA,NA,NA,0,NA,NA,NA,4,5,3,4,2,2,1,100,1,2,1,NA,NA,1,NA,NA,NA,NA,NA,3,NA,NA,3,NA,NA,NA,NA,NA,NA,NA,100,0,NA,NA,NA,NA,NA,NA,NA,NA,NA,NA,NA,NA,5,5,5,100,0,100,0,81,96,70,100,57,100,50,100,0,NA,NA,NA,treatment,Democrat,NA,NA,NA,NA,NA,NA,NA,NA,345,NA,1745,NA,NA,NA,NA,NA,NA,NA,NA,NA,NA,53,NA,NA,NA,NA,NA,NA,NA,NA,NA,1,Strong D,1,Democrat,0,Non-MAGA,Somewhat liberal,1,4,Treatment D,0,1,Mismatch,1,100,0,100,NA,NA,NA,NA,NA,NA,100,100,81,70,57,50,NA,NA,NA,NA,NA,NA,0,0,96,100,100,100,4,strong,2,1.6666666666666667,1,0,0,1,0,0,0,0,0,100,100,1,0,-1,0,-1,0,-1,1,5,76.33333333333333,66,66,NA,87.75,53.5,49,100,100,100,81,70,57,50,0,0,96,100,100,100
NA,NA,0,NA,100,808,1,NA,NA,NA,NA,NA,NA,42.3888,-83.1895,NA,NA,1,1,1,1,NA,3,NA,NA,NA,NA,0,NA,NA,NA,4,3,4,3,3,3,3,61,23,2,1,NA,NA,1,1,1,1,NA,NA,5,NA,NA,5,3,3,2,NA,NA,NA,NA,61,27,NA,NA,NA,NA,NA,NA,NA,NA,NA,NA,NA,NA,4,2,3,65,89,21,54,0,19,0,31,0,13,0,22,0,NA,NA,NA,treatment,Democrat,NA,NA,NA,NA,NA,NA,NA,NA,819,NA,23,NA,NA,NA,NA,NA,NA,NA,NA,NA,NA,34,NA,NA,NA,NA,NA,NA,NA,NA,NA,2,Weak D,1,Democrat,0,Non-MAGA,Slightly liberal,1,4,Treatment D,0,1,Mismatch,23,61,27,61,NA,NA,NA,NA,NA,NA,65,21,0,0,0,0,NA,NA,NA,NA,NA,NA,89,54,19,31,13,22,3.5,strong,2,3,1,0,0,1,1,1,1,0,0,61,61,23,27,4,0,4,0,4,-4,3,14.333333333333334,38,38,NA,21.5,0,48.25,17.5,65,21,0,0,0,0,89,54,19,31,13,22
NA,NA,0,NA,100,361,1,NA,NA,NA,NA,NA,NA,41.0593,-74.7429,NA,NA,1,1,1,1,NA,2,NA,NA,NA,NA,0,NA,NA,NA,3,3,3,4,2,3,2,70,5,2,1,NA,NA,1,1,1,1,NA,NA,4,NA,NA,5,4,4,3,NA,NA,NA,NA,70,5,NA,NA,NA,NA,NA,NA,NA,NA,NA,NA,NA,NA,5,4,4,90,95,75,80,40,55,5,30,30,50,25,60,0,NA,NA,NA,treatment,Democrat,NA,NA,NA,NA,NA,NA,NA,NA,374,NA,859,NA,NA,NA,NA,NA,NA,NA,NA,NA,NA,42,NA,NA,NA,NA,NA,NA,NA,NA,NA,2,Weak D,1,Democrat,0,Non-MAGA,Somewhat liberal,1,4,Treatment D,0,1,Mismatch,5,70,5,70,NA,NA,NA,NA,NA,NA,90,75,40,5,30,25,NA,NA,NA,NA,NA,NA,95,80,55,30,50,60,3.25,strong,2,2.3333333333333335,1,0,0,1,1,1,1,0,0,70,70,5,5,0,0,0,0,0,0,4.333333333333333,44.166666666666664,61.666666666666664,61.666666666666664,NA,52.5,27.5,65,55,90,75,40,5,30,25,95,80,55,30,50,60
NA,NA,0,NA,100,334,1,NA,NA,NA,NA,NA,NA,45.5466,-94.2261,NA,NA,1,1,1,2,NA,1,NA,NA,NA,NA,0,NA,NA,NA,5,4,5,5,2,2,2,86,19,2,1,NA,NA,1,1,1,1,NA,NA,3,NA,NA,5,2,3,4,NA,NA,NA,NA,86,15,NA,NA,NA,NA,NA,NA,NA,NA,NA,NA,NA,NA,4,3,1,63,89,9,12,8,85,10,96,9,84,5,87,0,NA,NA,NA,treatment,Democrat,NA,NA,NA,NA,NA,NA,NA,NA,343,NA,339,NA,NA,NA,NA,NA,NA,NA,NA,NA,NA,25,NA,NA,NA,NA,NA,NA,NA,NA,NA,1,Strong D,1,Democrat,0,Non-MAGA,Very liberal,1,4,Treatment D,0,1,Mismatch,19,86,15,86,NA,NA,NA,NA,NA,NA,63,9,8,10,9,5,NA,NA,NA,NA,NA,NA,89,12,85,96,84,87,4.75,strong,2,2,1,0,0,1,1,1,1,0,0,86,86,19,15,-4,0,-4,0,-4,4,2.6666666666666665,17.333333333333332,75.5,75.5,NA,22.5,7,70.5,85.5,63,9,8,10,9,5,89,12,85,96,84,87
NA,NA,0,NA,100,736,1,NA,NA,NA,NA,NA,NA,30.1775,-93.8409,NA,NA,1,1,2,1,NA,6,3,3,3,3,0,3,3,2,NA,NA,NA,NA,NA,NA,NA,59,83,2,NA,NA,NA,1,NA,1,1,NA,NA,NA,NA,NA,3,NA,3,3,NA,3,4,2,54,82,54,46,40,34,28,28,25,25,18,17,12,11,NA,NA,NA,NA,NA,NA,NA,NA,NA,NA,NA,NA,NA,NA,NA,1,NA,NA,NA,control,Republican,NA,NA,NA,NA,NA,NA,NA,NA,748,NA,2435,NA,NA,NA,NA,NA,NA,NA,NA,NA,NA,55,NA,NA,NA,NA,NA,NA,NA,NA,NA,6,Weak R,2,Republican,1,Non-MAGA,Somewhat conservative,0,1,Control R,0,0,Control,83,59,82,54,54,40,28,25,18,12,NA,NA,NA,NA,NA,NA,46,34,28,25,17,11,NA,NA,NA,NA,NA,NA,3,strong,2,2.6666666666666665,0,0,0,1,0,1,1,0,0,83,82,59,54,-1,-5,4,-1,-5,4,3,29.5,26.833333333333332,NA,26.833333333333332,36.75,15,33.25,14,54,40,28,25,18,12,46,34,28,25,17,11
NA,NA,0,NA,100,299,1,NA,NA,NA,NA,NA,NA,25.882,-80.2291,NA,NA,1,1,2,1,NA,5,2,3,2,2,0,2,2,2,NA,NA,NA,NA,NA,NA,NA,15,80,2,NA,NA,NA,NA,NA,1,NA,NA,NA,NA,NA,NA,NA,NA,2,NA,NA,4,4,1,14,64,61,85,74,93,53,85,62,61,18,61,24,71,NA,NA,NA,NA,NA,NA,NA,NA,NA,NA,NA,NA,NA,NA,NA,1,NA,NA,NA,treatment,Republican,NA,NA,NA,NA,NA,NA,NA,NA,396,NA,4940,NA,NA,NA,NA,NA,NA,NA,NA,NA,NA,38,NA,NA,NA,NA,NA,NA,NA,NA,NA,6,Weak R,2,Republican,1,Non-MAGA,Slightly conservative,1,3,Treatment R,1,2,Match,80,15,64,14,61,74,53,62,18,24,NA,NA,NA,NA,NA,NA,85,93,85,61,61,71,NA,NA,NA,NA,NA,NA,2.25,medium,1,2,0,0,0,0,0,1,0,0,0,80,64,15,14,-16,-1,-15,-16,-1,-15,3,48.666666666666664,76,NA,76,62.5,21,81,66,61,74,53,62,18,24,85,93,85,61,61,71
NA,NA,0,NA,100,732,1,NA,NA,NA,NA,NA,NA,29.2866,-81.0869,NA,NA,1,1,1,1,NA,3,NA,NA,NA,NA,0,NA,NA,NA,3,3,4,4,4,4,3,79,29,2,1,NA,NA,1,NA,1,NA,NA,NA,4,NA,NA,5,NA,4,NA,NA,NA,NA,NA,79,24,NA,NA,NA,NA,NA,NA,NA,NA,NA,NA,NA,NA,4,1,1,72,88,28,54,0,29,0,27,8,30,0,29,0,NA,NA,NA,treatment,Democrat,NA,NA,NA,NA,NA,NA,NA,NA,747,NA,328,NA,NA,NA,NA,NA,NA,NA,NA,NA,NA,42,NA,NA,NA,NA,NA,NA,NA,NA,NA,2,Weak D,1,Democrat,0,Non-MAGA,Slightly liberal,1,4,Treatment D,0,1,Mismatch,29,79,24,79,NA,NA,NA,NA,NA,NA,72,28,0,0,8,0,NA,NA,NA,NA,NA,NA,88,54,29,27,30,29,3.5,strong,2,3.6666666666666665,1,0,0,1,0,1,0,0,0,79,79,29,24,-5,0,-5,0,-5,5,2,18,42.833333333333336,42.833333333333336,NA,25,4,49.5,29.5,72,28,0,0,8,0,88,54,29,27,30,29
NA,NA,0,NA,100,222,1,NA,NA,NA,NA,NA,NA,44.9005,-93.2885,NA,NA,1,1,1,2,NA,1,NA,NA,NA,NA,0,NA,NA,NA,5,5,5,5,1,1,1,100,0,2,NA,NA,NA,NA,NA,1,NA,NA,NA,NA,NA,NA,NA,NA,2,NA,NA,NA,NA,NA,100,0,NA,NA,NA,NA,NA,NA,NA,NA,NA,NA,NA,NA,5,4,3,100,50,0,100,0,100,0,89,0,100,0,100,0,NA,NA,NA,control,Democrat,NA,NA,NA,NA,NA,NA,NA,NA,232,NA,4022,NA,NA,NA,NA,NA,NA,NA,NA,NA,NA,39,NA,NA,NA,NA,NA,NA,NA,NA,NA,1,Strong D,1,Democrat,0,Non-MAGA,Very liberal,0,2,Control D,0,0,Control,0,100,0,100,NA,NA,NA,NA,NA,NA,100,0,0,0,0,0,NA,NA,NA,NA,NA,NA,50,100,100,89,100,100,5,strong,2,1,0,0,0,0,0,1,0,0,0,100,100,0,0,0,0,0,0,0,0,4,16.666666666666668,89.83333333333333,89.83333333333333,NA,25,0,84.75,100,100,0,0,0,0,0,50,100,100,89,100,100
NA,NA,0,NA,100,725,1,NA,NA,NA,NA,NA,NA,38.3838,-82.4992,NA,NA,1,1,3,NA,1,3,NA,NA,NA,NA,0,NA,NA,NA,1,1,1,1,2,3,3,17,0,2,1,NA,NA,1,1,1,1,NA,NA,3,NA,NA,4,2,2,3,NA,NA,NA,NA,17,0,NA,NA,NA,NA,NA,NA,NA,NA,NA,NA,NA,NA,5,5,1,81,96,69,96,25,78,12,56,59,69,17,57,0,NA,NA,NA,treatment,Democrat,NA,NA,NA,NA,NA,NA,NA,NA,737,NA,9257,NA,NA,NA,NA,NA,NA,NA,NA,NA,NA,47,NA,NA,NA,NA,NA,NA,NA,NA,NA,3,Lean D,0,Independent,0,Non-MAGA,Slightly liberal,1,4,Treatment D,0,1,Mismatch,0,17,0,17,NA,NA,NA,NA,NA,NA,81,69,25,12,59,17,NA,NA,NA,NA,NA,NA,96,96,78,56,69,57,1,weak,0,2.6666666666666665,1,0,0,1,1,1,1,0,0,17,17,0,0,0,0,0,0,0,0,11,43.833333333333336,75.33333333333333,75.33333333333333,NA,46.75,38,81.5,63,81,69,25,12,59,17,96,96,78,56,69,57
NA,NA,0,NA,100,360,1,NA,NA,NA,NA,NA,NA,41.6244,-93.6694,NA,NA,1,1,1,2,NA,2,NA,NA,NA,NA,0,NA,NA,NA,4,4,4,4,2,3,2,90,19,2,NA,NA,NA,NA,NA,NA,NA,1,NA,NA,NA,NA,NA,NA,NA,NA,4,NA,NA,NA,79,16,NA,NA,NA,NA,NA,NA,NA,NA,NA,NA,NA,NA,5,4,3,59,67,100,100,38,29,39,35,19,12,10,16,0,NA,NA,NA,control,Democrat,NA,NA,NA,NA,NA,NA,NA,NA,369,NA,316,NA,NA,NA,NA,NA,NA,NA,NA,NA,NA,29,NA,NA,NA,NA,NA,NA,NA,NA,NA,1,Strong D,1,Democrat,0,Non-MAGA,Somewhat liberal,0,2,Control D,0,0,Control,19,90,16,79,NA,NA,NA,NA,NA,NA,59,100,38,39,19,10,NA,NA,NA,NA,NA,NA,67,100,29,35,12,16,4,strong,2,2.3333333333333335,0,0,0,0,0,0,0,1,0,90,79,19,16,-3,-11,8,-11,-3,-8,4,44.166666666666664,43.166666666666664,43.166666666666664,NA,59,14.5,57.75,14,59,100,38,39,19,10,67,100,29,35,12,16
NA,NA,0,NA,100,437,1,NA,NA,NA,NA,NA,NA,42.9388,-71.1837,NA,NA,0.899999976158142,1,1,2,NA,1,NA,NA,NA,NA,0,NA,NA,NA,4,4,3,5,1,1,2,75,0,2,1,NA,NA,NA,NA,NA,NA,NA,NA,2,NA,NA,NA,NA,NA,NA,NA,NA,NA,NA,75,0,NA,NA,NA,NA,NA,NA,NA,NA,NA,NA,NA,NA,5,4,2,40,75,40,80,10,60,10,60,10,75,25,55,0,NA,NA,NA,treatment,Democrat,NA,NA,NA,NA,NA,NA,NA,NA,454,NA,1392,NA,NA,NA,NA,NA,NA,NA,NA,NA,NA,41,NA,NA,NA,NA,NA,NA,NA,NA,NA,1,Strong D,1,Democrat,0,Non-MAGA,Very liberal,1,4,Treatment D,0,1,Mismatch,0,75,0,75,NA,NA,NA,NA,NA,NA,40,40,10,10,10,25,NA,NA,NA,NA,NA,NA,75,80,60,60,75,55,4,strong,2,1.3333333333333333,1,0,0,0,0,0,0,0,0,75,75,0,0,0,0,0,0,0,0,3.6666666666666665,22.5,67.5,67.5,NA,25,17.5,68.75,65,40,40,10,10,10,25,75,80,60,60,75,55
NA,NA,0,NA,100,834,1,NA,NA,NA,NA,NA,NA,39.211,-76.8362,NA,NA,1,1,2,2,NA,6,4,3,4,5,0,3,2,2,NA,NA,NA,NA,NA,NA,NA,56,37,2,1,NA,NA,1,NA,1,1,NA,NA,5,NA,NA,4,NA,5,4,NA,3,3,4,45,63,54,44,40,53,64,43,59,42,60,44,47,59,NA,NA,NA,NA,NA,NA,NA,NA,NA,NA,NA,NA,NA,NA,NA,1,NA,NA,NA,control,Republican,NA,NA,NA,NA,NA,NA,NA,NA,842,NA,5378,NA,NA,NA,NA,NA,NA,NA,NA,NA,NA,28,NA,NA,NA,NA,NA,NA,NA,NA,NA,7,Strong R,2,Republican,1,Non-MAGA,Somewhat conservative,0,1,Control R,0,0,Control,37,56,63,45,54,40,64,59,60,47,NA,NA,NA,NA,NA,NA,44,53,43,42,44,59,NA,NA,NA,NA,NA,NA,4,strong,2,2.3333333333333335,1,0,0,1,0,1,1,0,0,37,63,56,45,26,-11,37,26,-11,37,3.3333333333333335,54,47.5,NA,47.5,54.25,53.5,45.5,51.5,54,40,64,59,60,47,44,53,43,42,44,59
NA,NA,0,NA,100,1421,1,NA,NA,NA,NA,NA,NA,34.0544,-118.244,NA,NA,1,1,1,1,NA,6,NA,NA,NA,NA,0,NA,NA,NA,2,3,2,2,3,3,2,56,56,2,NA,NA,NA,NA,NA,NA,NA,NA,1,NA,NA,NA,NA,NA,NA,NA,NA,NA,NA,NA,58,58,NA,NA,NA,NA,NA,NA,NA,NA,NA,NA,NA,NA,3,3,3,9,9,10,10,1,1,0,0,0,0,0,0,0,NA,NA,NA,control,Democrat,NA,NA,NA,NA,NA,NA,NA,NA,1432,NA,1241,NA,NA,NA,NA,NA,NA,NA,NA,NA,NA,33,NA,NA,NA,NA,NA,NA,NA,NA,NA,2,Weak D,1,Democrat,0,Non-MAGA,Somewhat conservative,0,2,Control D,0,0,Control,56,56,58,58,NA,NA,NA,NA,NA,NA,9,10,1,0,0,0,NA,NA,NA,NA,NA,NA,9,10,1,0,0,0,2.25,medium,1,2.6666666666666665,0,0,0,0,0,0,0,0,1,56,58,56,58,2,2,0,2,2,0,3,3.3333333333333335,3.3333333333333335,3.3333333333333335,NA,5,0,5,0,9,10,1,0,0,0,9,10,1,0,0,0
NA,NA,0,NA,100,567,1,NA,NA,NA,NA,NA,NA,43.1166,-87.9904,NA,NA,1,1,3,NA,1,4,NA,NA,NA,NA,0,NA,NA,NA,2,2,1,1,4,4,4,55,45,2,NA,1,NA,NA,NA,NA,NA,NA,NA,NA,2,NA,NA,NA,NA,NA,NA,NA,NA,NA,55,45,NA,NA,NA,NA,NA,NA,NA,NA,NA,NA,NA,NA,3,2,1,50,70,20,60,0,10,0,5,0,10,0,5,0,NA,NA,NA,treatment,Democrat,NA,NA,NA,NA,NA,NA,NA,NA,581,NA,396,NA,NA,NA,NA,NA,NA,NA,NA,NA,NA,48,NA,NA,NA,NA,NA,NA,NA,NA,NA,3,Lean D,0,Independent,0,Non-MAGA,Moderate,1,4,Treatment D,0,1,Mismatch,45,55,45,55,NA,NA,NA,NA,NA,NA,50,20,0,0,0,0,NA,NA,NA,NA,NA,NA,70,60,10,5,10,5,1.5,weak,1,4,0,1,0,0,0,0,0,0,0,55,55,45,45,0,0,0,0,0,0,6,11.666666666666666,26.666666666666668,26.666666666666668,NA,17.5,0,36.25,7.5,50,20,0,0,0,0,70,60,10,5,10,5
NA,NA,0,NA,100,645,1,NA,NA,NA,NA,NA,NA,39.1876,-78.1857,NA,NA,1,1,1,2,NA,1,NA,NA,NA,NA,0,NA,NA,NA,5,5,5,5,3,4,3,100,20,2,1,NA,NA,1,NA,NA,NA,NA,NA,4,NA,NA,5,NA,NA,NA,NA,NA,NA,NA,100,15,NA,NA,NA,NA,NA,NA,NA,NA,NA,NA,NA,NA,5,4,2,0,30,0,10,0,2,0,2,0,5,0,5,0,NA,NA,NA,treatment,Democrat,NA,NA,NA,NA,NA,NA,NA,NA,667,NA,7462,NA,NA,NA,NA,NA,NA,NA,NA,NA,NA,47,NA,NA,NA,NA,NA,NA,NA,NA,NA,1,Strong D,1,Democrat,0,Non-MAGA,Very liberal,1,4,Treatment D,0,1,Mismatch,20,100,15,100,NA,NA,NA,NA,NA,NA,0,0,0,0,0,0,NA,NA,NA,NA,NA,NA,30,10,2,2,5,5,5,strong,2,3.3333333333333335,1,0,0,1,0,0,0,0,0,100,100,20,15,-5,0,-5,0,-5,5,3.6666666666666665,0,9,9,NA,0,0,11,5,0,0,0,0,0,0,30,10,2,2,5,5
NA,NA,0,NA,100,1490,1,NA,NA,NA,NA,NA,NA,41.2925,-82.219,NA,NA,1,1,2,1,NA,5,2,2,3,3,0,3,3,4,NA,NA,NA,NA,NA,NA,NA,77,74,2,1,NA,NA,1,1,1,NA,NA,NA,3,NA,NA,4,3,4,NA,NA,2,1,1,82,66,55,81,26,59,0,64,0,63,3,62,0,64,NA,NA,NA,NA,NA,NA,NA,NA,NA,NA,NA,NA,NA,NA,NA,1,NA,NA,NA,treatment,Republican,NA,NA,NA,NA,NA,NA,NA,NA,1501,NA,9539,NA,NA,NA,NA,NA,NA,NA,NA,NA,NA,38,NA,NA,NA,NA,NA,NA,NA,NA,NA,6,Weak R,2,Republican,1,Non-MAGA,Slightly conservative,1,3,Treatment R,1,2,Match,74,77,66,82,55,26,0,0,3,0,NA,NA,NA,NA,NA,NA,81,59,64,63,62,64,NA,NA,NA,NA,NA,NA,2.5,medium,1,3.3333333333333335,1,0,0,1,1,1,0,0,0,74,66,77,82,-8,5,-13,-8,5,-13,1.3333333333333333,14,65.5,NA,65.5,20.25,1.5,66.75,63,55,26,0,0,3,0,81,59,64,63,62,64
NA,NA,0,NA,100,5319,1,NA,NA,NA,NA,NA,NA,33.4948,-117.0954,NA,NA,1,1,1,2,NA,1,NA,NA,NA,NA,0,NA,NA,NA,4,4,3,3,2,2,2,81,2,2,NA,NA,NA,NA,NA,NA,NA,NA,1,NA,NA,NA,NA,NA,NA,NA,NA,NA,NA,NA,89,5,NA,NA,NA,NA,NA,NA,NA,NA,NA,NA,NA,NA,4,4,4,51,100,30,68,7,42,6,35,9,49,6,43,0,NA,NA,NA,control,Democrat,NA,NA,NA,NA,NA,NA,NA,NA,5328,NA,981,NA,NA,NA,NA,NA,NA,NA,NA,NA,NA,46,NA,NA,NA,NA,NA,NA,NA,NA,NA,1,Strong D,1,Democrat,0,Non-MAGA,Very liberal,0,2,Control D,0,0,Control,2,81,5,89,NA,NA,NA,NA,NA,NA,51,30,7,6,9,6,NA,NA,NA,NA,NA,NA,100,68,42,35,49,43,3.5,strong,2,2,0,0,0,0,0,0,0,0,1,81,89,2,5,3,8,-5,8,3,5,4,18.166666666666668,56.166666666666664,56.166666666666664,NA,23.5,7.5,61.25,46,51,30,7,6,9,6,100,68,42,35,49,43
NA,NA,0,NA,100,217,1,NA,NA,NA,NA,NA,NA,39.9401,-82.8965,NA,NA,1,1,1,2,NA,7,NA,NA,NA,NA,0,NA,NA,NA,5,5,5,5,1,1,4,100,0,2,1,NA,NA,NA,1,NA,1,1,NA,5,NA,NA,NA,5,NA,4,2,NA,NA,NA,100,0,NA,NA,NA,NA,NA,NA,NA,NA,NA,NA,NA,NA,5,5,5,100,0,0,0,0,0,0,0,0,0,0,0,0,NA,NA,NA,control,Democrat,NA,NA,NA,NA,NA,NA,NA,NA,228,NA,4765,NA,NA,NA,NA,NA,NA,NA,NA,NA,NA,31,NA,NA,NA,NA,NA,NA,NA,NA,NA,1,Strong D,1,Democrat,0,Non-MAGA,Very conservative,0,2,Control D,0,0,Control,0,100,0,100,NA,NA,NA,NA,NA,NA,100,0,0,0,0,0,NA,NA,NA,NA,NA,NA,0,0,0,0,0,0,5,strong,2,2,1,0,0,0,1,0,1,1,0,100,100,0,0,0,0,0,0,0,0,5,16.666666666666668,0,0,NA,25,0,0,0,100,0,0,0,0,0,0,0,0,0,0,0
NA,NA,0,NA,100,278,1,NA,NA,NA,NA,NA,NA,28.5717,-81.5367,NA,NA,1,1,3,NA,3,5,4,4,4,3,0,2,1,4,NA,NA,NA,NA,NA,NA,NA,27,72,2,NA,NA,NA,NA,NA,1,1,1,NA,NA,NA,NA,NA,NA,2,2,3,2,2,2,27,65,72,69,76,83,70,69,75,78,75,73,75,73,NA,NA,NA,NA,NA,NA,NA,NA,NA,NA,NA,NA,NA,NA,NA,1,NA,NA,NA,control,Republican,NA,NA,NA,NA,NA,NA,NA,NA,286,NA,6547,NA,NA,NA,NA,NA,NA,NA,NA,NA,NA,36,NA,NA,NA,NA,NA,NA,NA,NA,NA,5,Lean R,0,Independent,1,Non-MAGA,Slightly conservative,0,1,Control R,0,0,Control,72,27,65,27,72,76,70,75,75,75,NA,NA,NA,NA,NA,NA,69,83,69,78,73,73,NA,NA,NA,NA,NA,NA,3.75,strong,2,2.3333333333333335,0,0,0,0,0,1,1,1,0,72,65,27,27,-7,0,-7,-7,0,-7,2,73.83333333333333,74.16666666666667,NA,74.16666666666667,73.25,75,74.75,73,72,76,70,75,75,75,69,83,69,78,73,73
NA,NA,0,NA,100,157,1,NA,NA,NA,NA,NA,NA,33.6647,-117.9663,NA,NA,1,1,3,NA,1,1,NA,NA,NA,NA,0,NA,NA,NA,2,2,3,3,1,1,1,40,15,2,1,NA,NA,1,NA,NA,NA,NA,NA,5,NA,NA,5,NA,NA,NA,NA,NA,NA,NA,35,10,NA,NA,NA,NA,NA,NA,NA,NA,NA,NA,NA,NA,5,5,5,55,35,60,25,40,10,30,10,70,40,20,60,0,NA,NA,NA,treatment,Democrat,NA,NA,NA,NA,NA,NA,NA,NA,166,NA,299,NA,NA,NA,NA,NA,NA,NA,NA,NA,NA,20,NA,NA,NA,NA,NA,NA,NA,NA,NA,3,Lean D,0,Independent,0,Non-MAGA,Very liberal,1,4,Treatment D,0,1,Mismatch,15,40,10,35,NA,NA,NA,NA,NA,NA,55,60,40,30,70,20,NA,NA,NA,NA,NA,NA,35,25,10,10,40,60,2.5,medium,1,1,1,0,0,1,0,0,0,0,0,40,35,15,10,-5,-5,0,-5,-5,0,15,45.833333333333336,30,30,NA,46.25,45,20,50,55,60,40,30,70,20,35,25,10,10,40,60
NA,NA,0,NA,100,1305,1,NA,NA,NA,NA,NA,NA,34.0882,-118.3211,NA,NA,1,1,2,2,NA,7,5,5,3,5,0,3,3,3,NA,NA,NA,NA,NA,NA,NA,47,95,2,NA,NA,NA,NA,NA,NA,NA,NA,1,NA,NA,NA,NA,NA,NA,NA,NA,4,5,3,28,100,0,49,0,50,0,46,0,41,0,44,0,55,NA,NA,NA,NA,NA,NA,NA,NA,NA,NA,NA,NA,NA,NA,NA,1,NA,NA,NA,treatment,Republican,NA,NA,NA,NA,NA,NA,NA,NA,1320,NA,3529,NA,NA,NA,NA,NA,NA,NA,NA,NA,NA,35,NA,NA,NA,NA,NA,NA,NA,NA,NA,7,Strong R,2,Republican,1,Non-MAGA,Very conservative,1,3,Treatment R,1,2,Match,95,47,100,28,0,0,0,0,0,0,NA,NA,NA,NA,NA,NA,49,50,46,41,44,55,NA,NA,NA,NA,NA,NA,4.5,strong,2,3,0,0,0,0,0,0,0,0,1,95,100,47,28,5,-19,24,5,-19,24,4,0,47.5,NA,47.5,0,0,46.5,49.5,0,0,0,0,0,0,49,50,46,41,44,55
NA,NA,0,NA,100,278,1,NA,NA,NA,NA,NA,NA,42.8825,-78.8149,NA,NA,1,1,3,NA,1,2,NA,NA,NA,NA,0,NA,NA,NA,1,2,1,1,4,4,4,50,50,2,NA,NA,NA,NA,NA,NA,NA,NA,1,NA,NA,NA,NA,NA,NA,NA,NA,NA,NA,NA,50,50,NA,NA,NA,NA,NA,NA,NA,NA,NA,NA,NA,NA,2,1,1,0,0,0,0,0,0,0,0,0,0,0,0,0,NA,NA,NA,control,Democrat,NA,NA,NA,NA,NA,NA,NA,NA,288,NA,3566,NA,NA,NA,NA,NA,NA,NA,NA,NA,NA,65,NA,NA,NA,NA,NA,NA,NA,NA,NA,3,Lean D,0,Independent,0,Non-MAGA,Somewhat liberal,0,2,Control D,0,0,Control,50,50,50,50,NA,NA,NA,NA,NA,NA,0,0,0,0,0,0,NA,NA,NA,NA,NA,NA,0,0,0,0,0,0,1.25,weak,NA,4,0,0,0,0,0,0,0,0,1,50,50,50,50,0,0,0,0,0,0,4,0,0,0,NA,0,0,0,0,0,0,0,0,0,0,0,0,0,0,0,0
NA,NA,0,NA,100,574,1,NA,NA,NA,NA,NA,NA,37.2557,-79.9812,NA,NA,1,1,1,1,NA,2,NA,NA,NA,NA,0,NA,NA,NA,3,3,4,4,2,3,2,90,30,2,1,NA,NA,1,NA,1,NA,NA,NA,4,NA,NA,5,NA,4,NA,NA,NA,NA,NA,90,30,NA,NA,NA,NA,NA,NA,NA,NA,NA,NA,NA,NA,4,3,2,40,90,20,90,1,80,1,70,1,71,1,82,0,NA,NA,NA,treatment,Democrat,NA,NA,NA,NA,NA,NA,NA,NA,585,NA,2846,NA,NA,NA,NA,NA,NA,NA,NA,NA,NA,55,NA,NA,NA,NA,NA,NA,NA,NA,NA,2,Weak D,1,Democrat,0,Non-MAGA,Somewhat liberal,1,4,Treatment D,0,1,Mismatch,30,90,30,90,NA,NA,NA,NA,NA,NA,40,20,1,1,1,1,NA,NA,NA,NA,NA,NA,90,90,80,70,71,82,3.5,strong,2,2.3333333333333335,1,0,0,1,0,1,0,0,0,90,90,30,30,0,0,0,0,0,0,3,10.666666666666666,80.5,80.5,NA,15.5,1,82.5,76.5,40,20,1,1,1,1,90,90,80,70,71,82
NA,NA,0,NA,100,522,1,NA,NA,NA,NA,NA,NA,29.5839,-98.4101,NA,NA,1,1,1,2,NA,2,NA,NA,NA,NA,0,NA,NA,NA,4,4,5,5,1,1,1,100,0,2,1,NA,NA,1,NA,NA,NA,NA,NA,5,NA,NA,5,NA,NA,NA,NA,NA,NA,NA,100,0,NA,NA,NA,NA,NA,NA,NA,NA,NA,NA,NA,NA,5,5,5,50,0,0,50,0,0,0,0,50,100,0,100,0,NA,NA,NA,treatment,Democrat,NA,NA,NA,NA,NA,NA,NA,NA,532,NA,193,NA,NA,NA,NA,NA,NA,NA,NA,NA,NA,20,NA,NA,NA,NA,NA,NA,NA,NA,NA,1,Strong D,1,Democrat,0,Non-MAGA,Somewhat liberal,1,4,Treatment D,0,1,Mismatch,0,100,0,100,NA,NA,NA,NA,NA,NA,50,0,0,0,50,0,NA,NA,NA,NA,NA,NA,0,50,0,0,100,100,4.5,strong,2,1,1,0,0,1,0,0,0,0,0,100,100,0,0,0,0,0,0,0,0,5,16.666666666666668,41.666666666666664,41.666666666666664,NA,12.5,25,12.5,100,50,0,0,0,50,0,0,50,0,0,100,100
NA,NA,0,NA,100,389,1,NA,NA,NA,NA,NA,NA,33.9641,-87.9014,NA,NA,1,1,2,2,NA,7,4,4,4,5,1,2,2,2,NA,NA,NA,NA,NA,NA,NA,0,90,2,NA,NA,NA,NA,NA,NA,NA,NA,1,NA,NA,NA,NA,NA,NA,NA,NA,4,3,2,0,94,44,42,33,40,15,23,22,24,0,16,0,0,NA,NA,NA,NA,NA,NA,NA,NA,NA,NA,NA,NA,NA,NA,NA,2,NA,NA,NA,treatment,Republican,NA,NA,NA,NA,NA,NA,NA,NA,396,NA,6887,NA,NA,NA,NA,NA,NA,NA,NA,NA,NA,58,NA,NA,NA,NA,NA,NA,NA,NA,NA,7,Strong R,2,Republican,1,MAGA,Very conservative,1,3,Treatment R,1,2,Match,90,0,94,0,44,33,15,22,0,0,NA,NA,NA,NA,NA,NA,42,40,23,24,16,0,NA,NA,NA,NA,NA,NA,4.25,strong,2,2,0,0,0,0,0,0,0,0,1,90,94,0,0,4,0,4,4,0,4,3,19,24.166666666666668,NA,24.166666666666668,28.5,0,32.25,8,44,33,15,22,0,0,42,40,23,24,16,0
NA,NA,0,NA,100,351,1,NA,NA,NA,NA,NA,NA,35.1512,-89.972,NA,NA,1,1,1,1,NA,3,NA,NA,NA,NA,0,NA,NA,NA,3,3,4,3,2,2,1,82,32,2,NA,NA,NA,1,1,NA,NA,NA,NA,NA,NA,NA,5,5,NA,NA,NA,NA,NA,NA,82,22,NA,NA,NA,NA,NA,NA,NA,NA,NA,NA,NA,NA,4,5,5,50,50,5,5,0,0,22,24,16,15,6,5,0,NA,NA,NA,treatment,Democrat,NA,NA,NA,NA,NA,NA,NA,NA,362,NA,534,NA,NA,NA,NA,NA,NA,NA,NA,NA,NA,28,NA,NA,NA,NA,NA,NA,NA,NA,NA,2,Weak D,1,Democrat,0,Non-MAGA,Slightly liberal,1,4,Treatment D,0,1,Mismatch,32,82,22,82,NA,NA,NA,NA,NA,NA,50,5,0,22,16,6,NA,NA,NA,NA,NA,NA,50,5,0,24,15,5,3.25,strong,2,1.6666666666666667,0,0,0,1,1,0,0,0,0,82,82,32,22,-10,0,-10,0,-10,10,4.666666666666667,16.5,16.5,16.5,NA,19.25,11,19.75,10,50,5,0,22,16,6,50,5,0,24,15,5
NA,NA,0,NA,100,374,1,NA,NA,NA,NA,NA,NA,43.1139,-79.0425,NA,NA,1,1,3,NA,3,5,2,2,2,3,1,4,4,3,NA,NA,NA,NA,NA,NA,NA,50,75,2,NA,NA,NA,NA,NA,NA,NA,1,NA,NA,NA,NA,NA,NA,NA,NA,4,2,2,1,NA,75,50,50,25,25,0,0,0,0,0,0,0,0,NA,NA,NA,NA,NA,NA,NA,NA,NA,NA,NA,NA,NA,NA,NA,2,NA,NA,NA,control,Republican,NA,NA,NA,NA,NA,NA,NA,NA,382,NA,232,NA,NA,NA,NA,NA,NA,NA,NA,NA,NA,42,NA,NA,NA,NA,NA,NA,NA,NA,NA,5,Lean R,0,Independent,1,MAGA,Slightly conservative,0,1,Control R,0,0,Control,75,50,75,NA,50,25,0,0,0,0,NA,NA,NA,NA,NA,NA,50,25,0,0,0,0,NA,NA,NA,NA,NA,NA,2.25,medium,1,3.6666666666666665,0,0,0,0,0,0,0,1,0,75,75,50,NA,0,NA,NA,0,NA,NA,1.6666666666666667,12.5,12.5,NA,12.5,18.75,0,18.75,0,50,25,0,0,0,0,50,25,0,0,0,0
NA,NA,0,NA,100,326,1,NA,NA,NA,NA,NA,NA,36.8431,-83.3218,NA,NA,1,1,2,2,NA,5,3,3,3,3,0,3,2,3,NA,NA,NA,NA,NA,NA,NA,54,59,2,NA,NA,1,NA,NA,1,NA,NA,NA,NA,NA,4,NA,NA,3,NA,NA,3,4,4,50,60,69,40,59,42,52,44,55,46,55,44,61,42,NA,NA,NA,NA,NA,NA,NA,NA,NA,NA,NA,NA,NA,NA,NA,1,NA,NA,NA,control,Republican,NA,NA,NA,NA,NA,NA,NA,NA,335,NA,1642,NA,NA,NA,NA,NA,NA,NA,NA,NA,NA,42,NA,NA,NA,NA,NA,NA,NA,NA,NA,7,Strong R,2,Republican,1,Non-MAGA,Slightly conservative,0,1,Control R,0,0,Control,59,54,60,50,69,59,52,55,55,61,NA,NA,NA,NA,NA,NA,40,42,44,46,44,42,NA,NA,NA,NA,NA,NA,3,strong,2,2.6666666666666665,0,0,1,0,0,1,0,0,0,59,60,54,50,1,-4,5,1,-4,5,3.6666666666666665,58.5,43,NA,43,58.75,58,43,43,69,59,52,55,55,61,40,42,44,46,44,42
NA,NA,0,NA,100,551,1,NA,NA,NA,NA,NA,NA,47.6901,-122.3747,NA,NA,1,1,2,1,NA,4,3,2,2,3,0,3,3,3,NA,NA,NA,NA,NA,NA,NA,40,61,2,NA,NA,1,NA,NA,NA,NA,NA,NA,NA,NA,2,NA,NA,NA,NA,NA,3,2,3,40,61,50,45,40,40,10,30,10,20,9,18,14,24,NA,NA,NA,NA,NA,NA,NA,NA,NA,NA,NA,NA,NA,NA,NA,1,NA,NA,NA,treatment,Republican,NA,NA,NA,NA,NA,NA,NA,NA,559,NA,2772,NA,NA,NA,NA,NA,NA,NA,NA,NA,NA,39,NA,NA,NA,NA,NA,NA,NA,NA,NA,6,Weak R,2,Republican,1,Non-MAGA,Moderate,1,3,Treatment R,1,2,Match,61,40,61,40,50,40,10,10,9,14,NA,NA,NA,NA,NA,NA,45,40,30,20,18,24,NA,NA,NA,NA,NA,NA,2.5,medium,1,3,0,0,1,0,0,0,0,0,0,61,61,40,40,0,0,0,0,0,0,2.6666666666666665,22.166666666666668,29.5,NA,29.5,27.5,11.5,33.75,21,50,40,10,10,9,14,45,40,30,20,18,24
NA,NA,0,NA,100,268,1,NA,NA,NA,NA,NA,NA,47.158,-122.5462,NA,NA,1,1,3,NA,1,1,NA,NA,NA,NA,0,NA,NA,NA,1,3,2,2,2,2,2,60,0,2,NA,NA,NA,NA,1,1,1,NA,NA,NA,NA,NA,NA,3,5,4,NA,NA,NA,NA,63,0,NA,NA,NA,NA,NA,NA,NA,NA,NA,NA,NA,NA,4,4,4,100,100,61,33,0,0,0,61,29,71,0,91,0,NA,NA,NA,control,Democrat,NA,NA,NA,NA,NA,NA,NA,NA,277,NA,636,NA,NA,NA,NA,NA,NA,NA,NA,NA,NA,36,NA,NA,NA,NA,NA,NA,NA,NA,NA,3,Lean D,0,Independent,0,Non-MAGA,Very liberal,0,2,Control D,0,0,Control,0,60,0,63,NA,NA,NA,NA,NA,NA,100,61,0,0,29,0,NA,NA,NA,NA,NA,NA,100,33,0,61,71,91,2,medium,1,2,0,0,0,0,1,1,1,0,0,60,63,0,0,0,3,-3,3,0,3,12,31.666666666666668,59.333333333333336,59.333333333333336,NA,40.25,14.5,48.5,81,100,61,0,0,29,0,100,33,0,61,71,91
NA,NA,0,NA,100,384,1,NA,NA,NA,NA,NA,NA,30.0756,-94.102,NA,NA,1,1,2,1,NA,5,2,3,2,2,1,4,4,4,NA,NA,NA,NA,NA,NA,NA,60,75,2,NA,NA,NA,NA,NA,1,NA,1,NA,NA,NA,NA,NA,NA,3,NA,4,2,1,1,60,75,35,35,35,35,25,25,20,20,20,0,10,10,NA,NA,NA,NA,NA,NA,NA,NA,NA,NA,NA,NA,NA,NA,NA,2,NA,NA,NA,control,Republican,NA,NA,NA,NA,NA,NA,NA,NA,405,NA,3425,NA,NA,NA,NA,NA,NA,NA,NA,NA,NA,62,NA,NA,NA,NA,NA,NA,NA,NA,NA,6,Weak R,2,Republican,1,MAGA,Slightly conservative,0,1,Control R,0,0,Control,75,60,75,60,35,35,25,20,20,10,NA,NA,NA,NA,NA,NA,35,35,25,20,0,10,NA,NA,NA,NA,NA,NA,2.25,medium,1,4,0,0,0,0,0,1,0,1,0,75,75,60,60,0,0,0,0,0,0,1.3333333333333333,24.166666666666668,20.833333333333332,NA,20.833333333333332,28.75,15,28.75,5,35,35,25,20,20,10,35,35,25,20,0,10
NA,NA,0,NA,100,365,1,NA,NA,NA,NA,NA,NA,37.751,-97.822,NA,NA,1,1,2,2,NA,7,5,5,5,5,0,2,2,3,NA,NA,NA,NA,NA,NA,NA,50,100,2,NA,NA,NA,NA,NA,NA,NA,1,NA,NA,NA,NA,NA,NA,NA,NA,4,2,2,2,50,100,50,50,27,41,17,18,22,18,87,84,10,14,NA,NA,NA,NA,NA,NA,NA,NA,NA,NA,NA,NA,NA,NA,NA,1,NA,NA,NA,control,Republican,NA,NA,NA,NA,NA,NA,NA,NA,386,NA,3732,NA,NA,NA,NA,NA,NA,NA,NA,NA,NA,25,NA,NA,NA,NA,NA,NA,NA,NA,NA,7,Strong R,2,Republican,1,Non-MAGA,Very conservative,0,1,Control R,0,0,Control,100,50,100,50,50,27,17,22,87,10,NA,NA,NA,NA,NA,NA,50,41,18,18,84,14,NA,NA,NA,NA,NA,NA,5,strong,2,2.3333333333333335,0,0,0,0,0,0,0,1,0,100,100,50,50,0,0,0,0,0,0,2,35.5,37.5,NA,37.5,29,48.5,31.75,49,50,27,17,22,87,10,50,41,18,18,84,14
NA,NA,0,NA,100,411,1,NA,NA,NA,NA,NA,NA,34.024,-84.2396,NA,NA,1,1,1,1,NA,4,NA,NA,NA,NA,0,NA,NA,NA,3,3,4,3,4,4,4,50,50,2,NA,NA,NA,NA,NA,NA,NA,1,NA,NA,NA,NA,NA,NA,NA,NA,3,NA,NA,NA,50,50,NA,NA,NA,NA,NA,NA,NA,NA,NA,NA,NA,NA,2,3,1,20,20,0,0,0,0,0,0,22,34,0,0,0,NA,NA,NA,control,Democrat,NA,NA,NA,NA,NA,NA,NA,NA,423,NA,2453,NA,NA,NA,NA,NA,NA,NA,NA,NA,NA,29,NA,NA,NA,NA,NA,NA,NA,NA,NA,2,Weak D,1,Democrat,0,Non-MAGA,Moderate,0,2,Control D,0,0,Control,50,50,50,50,NA,NA,NA,NA,NA,NA,20,0,0,0,22,0,NA,NA,NA,NA,NA,NA,20,0,0,0,34,0,3.25,strong,2,4,0,0,0,0,0,0,0,1,0,50,50,50,50,0,0,0,0,0,0,2,7,9,9,NA,5,11,5,17,20,0,0,0,22,0,20,0,0,0,34,0
NA,NA,0,NA,100,283,1,NA,NA,NA,NA,NA,NA,27.8485,-82.7944,NA,NA,1,1,1,1,NA,2,NA,NA,NA,NA,0,NA,NA,NA,3,3,3,3,1,1,1,72,0,2,1,NA,NA,1,NA,NA,NA,NA,NA,4,NA,NA,5,NA,NA,NA,NA,NA,NA,NA,72,0,NA,NA,NA,NA,NA,NA,NA,NA,NA,NA,NA,NA,5,5,5,100,100,100,100,50,75,50,66,55,71,53,86,0,NA,NA,NA,treatment,Democrat,NA,NA,NA,NA,NA,NA,NA,NA,292,NA,5692,NA,NA,NA,NA,NA,NA,NA,NA,NA,NA,38,NA,NA,NA,NA,NA,NA,NA,NA,NA,2,Weak D,1,Democrat,0,Non-MAGA,Somewhat liberal,1,4,Treatment D,0,1,Mismatch,0,72,0,72,NA,NA,NA,NA,NA,NA,100,100,50,50,55,53,NA,NA,NA,NA,NA,NA,100,100,75,66,71,86,3,strong,2,1,1,0,0,1,0,0,0,0,0,72,72,0,0,0,0,0,0,0,0,5,68,83,83,NA,75,54,85.25,78.5,100,100,50,50,55,53,100,100,75,66,71,86
NA,NA,0,NA,100,516,1,NA,NA,NA,NA,NA,NA,29.7388,-95.8309,NA,NA,1,1,1,2,NA,2,NA,NA,NA,NA,0,NA,NA,NA,5,4,3,5,1,4,3,100,0,2,1,1,NA,1,1,NA,NA,NA,NA,5,5,NA,5,5,NA,NA,NA,NA,NA,NA,100,0,NA,NA,NA,NA,NA,NA,NA,NA,NA,NA,NA,NA,5,5,4,0,0,0,100,0,100,0,62,0,100,0,100,0,NA,NA,NA,treatment,Democrat,NA,NA,NA,NA,NA,NA,NA,NA,529,NA,1668,NA,NA,NA,NA,NA,NA,NA,NA,NA,NA,45,NA,NA,NA,NA,NA,NA,NA,NA,NA,1,Strong D,1,Democrat,0,Non-MAGA,Somewhat liberal,1,4,Treatment D,0,1,Mismatch,0,100,0,100,NA,NA,NA,NA,NA,NA,0,0,0,0,0,0,NA,NA,NA,NA,NA,NA,0,100,100,62,100,100,4.25,strong,2,2.6666666666666665,1,1,0,1,1,0,0,0,0,100,100,0,0,0,0,0,0,0,0,4.666666666666667,0,77,77,NA,0,0,65.5,100,0,0,0,0,0,0,0,100,100,62,100,100
NA,NA,0,NA,100,914,1,NA,NA,NA,NA,NA,NA,45.7907,-122.5288,NA,NA,1,1,1,1,NA,2,NA,NA,NA,NA,0,NA,NA,NA,1,2,2,2,2,3,1,81,0,2,NA,NA,NA,NA,NA,NA,NA,NA,1,NA,NA,NA,NA,NA,NA,NA,NA,NA,NA,NA,80,0,NA,NA,NA,NA,NA,NA,NA,NA,NA,NA,NA,NA,5,4,3,20,20,20,20,10,10,10,10,10,10,10,10,0,NA,NA,NA,control,Democrat,NA,NA,NA,NA,NA,NA,NA,NA,924,NA,1602,NA,NA,NA,NA,NA,NA,NA,NA,NA,NA,44,NA,NA,NA,NA,NA,NA,NA,NA,NA,2,Weak D,1,Democrat,0,Non-MAGA,Somewhat liberal,0,2,Control D,0,0,Control,0,81,0,80,NA,NA,NA,NA,NA,NA,20,20,10,10,10,10,NA,NA,NA,NA,NA,NA,20,20,10,10,10,10,1.75,medium,1,2,0,0,0,0,0,0,0,0,1,81,80,0,0,0,-1,1,-1,0,-1,4,13.333333333333334,13.333333333333334,13.333333333333334,NA,15,10,15,10,20,20,10,10,10,10,20,20,10,10,10,10
NA,NA,0,NA,100,733,1,NA,NA,NA,NA,NA,NA,37.7834,-122.1862,NA,NA,0.899999976158142,1,1,2,NA,2,NA,NA,NA,NA,0,NA,NA,NA,4,3,4,4,3,3,3,82,19,2,NA,NA,NA,NA,NA,NA,NA,NA,1,NA,NA,NA,NA,NA,NA,NA,NA,NA,NA,NA,82,19,NA,NA,NA,NA,NA,NA,NA,NA,NA,NA,NA,NA,5,4,3,54,82,NA,80,51,72,29,73,39,72,51,72,0,NA,NA,NA,treatment,Democrat,NA,NA,NA,NA,NA,NA,NA,NA,757,NA,24,NA,NA,NA,NA,NA,NA,NA,NA,NA,NA,82,NA,NA,NA,NA,NA,NA,NA,NA,NA,1,Strong D,1,Democrat,0,Non-MAGA,Somewhat liberal,1,4,Treatment D,0,1,Mismatch,19,82,19,82,NA,NA,NA,NA,NA,NA,54,NA,51,29,39,51,NA,NA,NA,NA,NA,NA,82,80,72,73,72,72,3.75,strong,2,3,0,0,0,0,0,0,0,0,1,82,82,19,19,0,0,0,0,0,0,4,NA,75.16666666666667,75.16666666666667,NA,NA,45,76.75,72,54,NA,51,29,39,51,82,80,72,73,72,72
NA,NA,0,NA,100,797,1,NA,NA,NA,NA,NA,NA,39.7007,-75.7419,NA,NA,1,1,2,2,NA,2,4,4,4,5,0,4,4,4,NA,NA,NA,NA,NA,NA,NA,20,100,2,1,NA,NA,1,1,1,NA,NA,NA,4,NA,NA,3,4,4,NA,NA,1,1,1,20,100,100,70,59,72,0,53,100,44,0,9,0,5,NA,NA,NA,NA,NA,NA,NA,NA,NA,NA,NA,NA,NA,NA,NA,1,NA,NA,NA,treatment,Republican,NA,NA,NA,NA,NA,NA,NA,NA,819,NA,121,NA,NA,NA,NA,NA,NA,NA,NA,NA,NA,29,NA,NA,NA,NA,NA,NA,NA,NA,NA,7,Strong R,2,Republican,1,Non-MAGA,Somewhat liberal,1,3,Treatment R,1,2,Match,100,20,100,20,100,59,0,100,0,0,NA,NA,NA,NA,NA,NA,70,72,53,44,9,5,NA,NA,NA,NA,NA,NA,4.25,strong,2,4,1,0,0,1,1,1,0,0,0,100,100,20,20,0,0,0,0,0,0,1,43.166666666666664,42.166666666666664,NA,42.166666666666664,64.75,0,59.75,7,100,59,0,100,0,0,70,72,53,44,9,5
NA,NA,0,NA,100,354,1,NA,NA,NA,NA,NA,NA,41.3172,-81.9339,NA,NA,1,1,1,1,NA,1,NA,NA,NA,NA,0,NA,NA,NA,2,2,1,2,3,3,2,20,0,2,1,1,1,1,1,1,1,NA,NA,4,4,4,4,4,4,4,NA,NA,NA,NA,20,0,NA,NA,NA,NA,NA,NA,NA,NA,NA,NA,NA,NA,5,4,3,75,100,27,94,10,50,0,39,0,38,0,50,0,NA,NA,NA,treatment,Democrat,NA,NA,NA,NA,NA,NA,NA,NA,360,NA,414,NA,NA,NA,NA,NA,NA,NA,NA,NA,NA,40,NA,NA,NA,NA,NA,NA,NA,NA,NA,2,Weak D,1,Democrat,0,Non-MAGA,Very liberal,1,4,Treatment D,0,1,Mismatch,0,20,0,20,NA,NA,NA,NA,NA,NA,75,27,10,0,0,0,NA,NA,NA,NA,NA,NA,100,94,50,39,38,50,1.75,medium,1,2.6666666666666665,1,1,1,1,1,1,1,0,0,20,20,0,0,0,0,0,0,0,0,4,18.666666666666668,61.833333333333336,61.833333333333336,NA,28,0,70.75,44,75,27,10,0,0,0,100,94,50,39,38,50
NA,NA,0,NA,100,244,1,NA,NA,NA,NA,NA,NA,29.5211,-98.3293,NA,NA,1,1,1,1,NA,1,NA,NA,NA,NA,0,NA,NA,NA,1,2,3,2,1,1,1,50,0,2,NA,NA,NA,NA,NA,NA,NA,NA,1,NA,NA,NA,NA,NA,NA,NA,NA,NA,NA,NA,50,0,NA,NA,NA,NA,NA,NA,NA,NA,NA,NA,NA,NA,5,4,1,100,100,75,75,25,75,0,60,25,75,25,75,0,NA,NA,NA,control,Democrat,NA,NA,NA,NA,NA,NA,NA,NA,253,NA,9700,NA,NA,NA,NA,NA,NA,NA,NA,NA,NA,40,NA,NA,NA,NA,NA,NA,NA,NA,NA,2,Weak D,1,Democrat,0,Non-MAGA,Very liberal,0,2,Control D,0,0,Control,0,50,0,50,NA,NA,NA,NA,NA,NA,100,75,25,0,25,25,NA,NA,NA,NA,NA,NA,100,75,75,60,75,75,2,medium,1,1,0,0,0,0,0,0,0,0,1,50,50,0,0,0,0,0,0,0,0,3.3333333333333335,41.666666666666664,76.66666666666667,76.66666666666667,NA,50,25,77.5,75,100,75,25,0,25,25,100,75,75,60,75,75
NA,NA,0,NA,100,372,1,NA,NA,NA,NA,NA,NA,39.9792,-75.1279,NA,NA,1,1,3,NA,3,4,3,3,2,3,0,3,3,2,NA,NA,NA,NA,NA,NA,NA,45,48,2,NA,1,NA,NA,NA,1,1,NA,NA,NA,2,NA,NA,NA,2,3,NA,4,4,1,45,48,10,55,0,28,0,19,0,0,0,30,0,62,NA,NA,NA,NA,NA,NA,NA,NA,NA,NA,NA,NA,NA,NA,NA,1,NA,NA,NA,control,Republican,NA,NA,NA,NA,NA,NA,NA,NA,462,NA,36,NA,NA,NA,NA,NA,NA,NA,NA,NA,NA,19,NA,NA,NA,NA,NA,NA,NA,NA,NA,5,Lean R,0,Independent,1,Non-MAGA,Moderate,0,1,Control R,0,0,Control,48,45,48,45,10,0,0,0,0,0,NA,NA,NA,NA,NA,NA,55,28,19,0,30,62,NA,NA,NA,NA,NA,NA,2.75,medium,1,2.6666666666666665,0,1,0,0,0,1,1,0,0,48,48,45,45,0,0,0,0,0,0,3,1.6666666666666667,32.333333333333336,NA,32.333333333333336,2.5,0,25.5,46,10,0,0,0,0,0,55,28,19,0,30,62
NA,NA,0,NA,100,407,1,NA,NA,NA,NA,NA,NA,39.8451,-74.2021,NA,NA,0.100000001490116,1,2,1,NA,4,2,2,3,2,0,4,4,3,NA,NA,NA,NA,NA,NA,NA,44,70,2,NA,NA,NA,NA,NA,1,NA,1,NA,NA,NA,NA,NA,NA,3,NA,2,2,1,1,44,70,36,55,0,56,0,14,0,30,0,5,0,12,NA,NA,NA,NA,NA,NA,NA,NA,NA,NA,NA,NA,NA,NA,NA,1,NA,NA,NA,treatment,Republican,NA,NA,NA,NA,NA,NA,NA,NA,416,NA,1341,NA,NA,NA,NA,NA,NA,NA,NA,NA,NA,37,NA,NA,NA,NA,NA,NA,NA,NA,NA,6,Weak R,2,Republican,1,Non-MAGA,Moderate,1,3,Treatment R,1,2,Match,70,44,70,44,36,0,0,0,0,0,NA,NA,NA,NA,NA,NA,55,56,14,30,5,12,NA,NA,NA,NA,NA,NA,2.25,medium,1,3.6666666666666665,0,0,0,0,0,1,0,1,0,70,70,44,44,0,0,0,0,0,0,1.3333333333333333,6,28.666666666666668,NA,28.666666666666668,9,0,38.75,8.5,36,0,0,0,0,0,55,56,14,30,5,12
NA,NA,0,NA,100,421,1,NA,NA,NA,NA,NA,NA,34.0337,-118.3509,NA,NA,1,1,1,1,NA,3,NA,NA,NA,NA,0,NA,NA,NA,2,2,2,2,3,3,3,29,19,2,1,1,NA,1,NA,NA,1,NA,NA,3,5,NA,4,NA,NA,4,NA,NA,NA,NA,28,10,NA,NA,NA,NA,NA,NA,NA,NA,NA,NA,NA,NA,4,4,2,76,83,36,90,14,96,5,94,18,85,15,94,0,NA,NA,NA,treatment,Democrat,NA,NA,NA,NA,NA,NA,NA,NA,444,NA,431,NA,NA,NA,NA,NA,NA,NA,NA,NA,NA,24,NA,NA,NA,NA,NA,NA,NA,NA,NA,2,Weak D,1,Democrat,0,Non-MAGA,Slightly liberal,1,4,Treatment D,0,1,Mismatch,19,29,10,28,NA,NA,NA,NA,NA,NA,76,36,14,5,18,15,NA,NA,NA,NA,NA,NA,83,90,96,94,85,94,2,medium,1,3,1,1,0,1,0,0,1,0,0,29,28,19,10,-9,-1,-8,-1,-9,8,3.3333333333333335,27.333333333333332,90.33333333333333,90.33333333333333,NA,32.75,16.5,90.75,89.5,76,36,14,5,18,15,83,90,96,94,85,94
NA,NA,0,NA,100,1069,1,NA,NA,NA,NA,NA,NA,40.0537,-77.5216,NA,NA,1,1,2,1,NA,6,2,3,3,3,0,4,4,4,NA,NA,NA,NA,NA,NA,NA,25,75,2,NA,NA,NA,NA,NA,1,NA,NA,NA,NA,NA,NA,NA,NA,2,NA,NA,4,1,1,25,75,0,14,0,10,0,7,0,6,0,25,0,14,NA,NA,NA,NA,NA,NA,NA,NA,NA,NA,NA,NA,NA,NA,NA,1,NA,NA,NA,treatment,Republican,NA,NA,NA,NA,NA,NA,NA,NA,1103,NA,14286,NA,NA,NA,NA,NA,NA,NA,NA,NA,NA,42,NA,NA,NA,NA,NA,NA,NA,NA,NA,6,Weak R,2,Republican,1,Non-MAGA,Somewhat conservative,1,3,Treatment R,1,2,Match,75,25,75,25,0,0,0,0,0,0,NA,NA,NA,NA,NA,NA,14,10,7,6,25,14,NA,NA,NA,NA,NA,NA,2.75,medium,1,4,0,0,0,0,0,1,0,0,0,75,75,25,25,0,0,0,0,0,0,2,0,12.666666666666666,NA,12.666666666666666,0,0,9.25,19.5,0,0,0,0,0,0,14,10,7,6,25,14
NA,NA,0,NA,100,308,1,NA,NA,NA,NA,NA,NA,28.0684,-82.7593,NA,NA,1,1,3,NA,1,2,NA,NA,NA,NA,0,NA,NA,NA,3,3,1,3,3,3,3,85,10,2,NA,NA,NA,1,NA,NA,1,NA,NA,NA,NA,NA,5,NA,NA,4,NA,NA,NA,NA,85,10,NA,NA,NA,NA,NA,NA,NA,NA,NA,NA,NA,NA,1,1,1,0,0,0,0,0,0,0,0,0,0,0,0,0,NA,NA,NA,treatment,Democrat,NA,NA,NA,NA,NA,NA,NA,NA,322,NA,9617,NA,NA,NA,NA,NA,NA,NA,NA,NA,NA,60,NA,NA,NA,NA,NA,NA,NA,NA,NA,3,Lean D,0,Independent,0,Non-MAGA,Somewhat liberal,1,4,Treatment D,0,1,Mismatch,10,85,10,85,NA,NA,NA,NA,NA,NA,0,0,0,0,0,0,NA,NA,NA,NA,NA,NA,0,0,0,0,0,0,2.5,medium,1,3,0,0,0,1,0,0,1,0,0,85,85,10,10,0,0,0,0,0,0,3,0,0,0,NA,0,0,0,0,0,0,0,0,0,0,0,0,0,0,0,0
NA,NA,0,NA,100,408,1,NA,NA,NA,NA,NA,NA,34.2149,-119.1761,NA,NA,1,1,3,NA,1,3,NA,NA,NA,NA,0,NA,NA,NA,2,3,3,2,3,3,2,71,30,2,NA,NA,NA,NA,NA,NA,NA,1,NA,NA,NA,NA,NA,NA,NA,NA,4,NA,NA,NA,70,30,NA,NA,NA,NA,NA,NA,NA,NA,NA,NA,NA,NA,5,1,1,41,79,29,63,0,31,0,78,0,52,0,45,0,NA,NA,NA,control,Democrat,NA,NA,NA,NA,NA,NA,NA,NA,419,NA,135,NA,NA,NA,NA,NA,NA,NA,NA,NA,NA,41,NA,NA,NA,NA,NA,NA,NA,NA,NA,3,Lean D,0,Independent,0,Non-MAGA,Slightly liberal,0,2,Control D,0,0,Control,30,71,30,70,NA,NA,NA,NA,NA,NA,41,29,0,0,0,0,NA,NA,NA,NA,NA,NA,79,63,31,78,52,45,2.5,medium,1,2.6666666666666665,0,0,0,0,0,0,0,1,0,71,70,30,30,0,-1,1,-1,0,-1,7,11.666666666666666,58,58,NA,17.5,0,62.75,48.5,41,29,0,0,0,0,79,63,31,78,52,45
NA,NA,0,NA,100,704,1,NA,NA,NA,NA,NA,NA,34.445,-119.8046,NA,NA,1,1,1,2,NA,2,NA,NA,NA,NA,0,NA,NA,NA,2,3,1,3,2,2,2,70,10,2,NA,NA,NA,NA,NA,NA,NA,NA,1,NA,NA,NA,NA,NA,NA,NA,NA,NA,NA,NA,70,5,NA,NA,NA,NA,NA,NA,NA,NA,NA,NA,NA,NA,4,3,2,40,70,20,40,0,0,0,0,0,1,0,1,0,NA,NA,NA,control,Democrat,NA,NA,NA,NA,NA,NA,NA,NA,718,NA,617,NA,NA,NA,NA,NA,NA,NA,NA,NA,NA,35,NA,NA,NA,NA,NA,NA,NA,NA,NA,1,Strong D,1,Democrat,0,Non-MAGA,Somewhat liberal,0,2,Control D,0,0,Control,10,70,5,70,NA,NA,NA,NA,NA,NA,40,20,0,0,0,0,NA,NA,NA,NA,NA,NA,70,40,0,0,1,1,2.25,medium,1,2,0,0,0,0,0,0,0,0,1,70,70,10,5,-5,0,-5,0,-5,5,3,10,18.666666666666668,18.666666666666668,NA,15,0,27.5,1,40,20,0,0,0,0,70,40,0,0,1,1
NA,NA,0,NA,100,883,1,NA,NA,NA,NA,NA,NA,34.4179,-117.3064,NA,NA,1,1,1,1,NA,2,NA,NA,NA,NA,0,NA,NA,NA,4,4,3,4,2,2,1,65,10,2,NA,NA,NA,NA,NA,1,1,NA,NA,NA,NA,NA,NA,NA,4,3,NA,NA,NA,NA,65,10,NA,NA,NA,NA,NA,NA,NA,NA,NA,NA,NA,NA,4,4,1,50,20,0,0,0,0,0,0,0,71,0,70,0,NA,NA,NA,control,Democrat,NA,NA,NA,NA,NA,NA,NA,NA,895,NA,5216,NA,NA,NA,NA,NA,NA,NA,NA,NA,NA,29,NA,NA,NA,NA,NA,NA,NA,NA,NA,2,Weak D,1,Democrat,0,Non-MAGA,Somewhat liberal,0,2,Control D,0,0,Control,10,65,10,65,NA,NA,NA,NA,NA,NA,50,0,0,0,0,0,NA,NA,NA,NA,NA,NA,20,0,0,0,71,70,3.75,strong,2,1.6666666666666667,0,0,0,0,0,1,1,0,0,65,65,10,10,0,0,0,0,0,0,3,8.333333333333334,26.833333333333332,26.833333333333332,NA,12.5,0,5,70.5,50,0,0,0,0,0,20,0,0,0,71,70
NA,NA,0,NA,100,212,1,NA,NA,NA,NA,NA,NA,40.7619,-74.4185,NA,NA,1,1,1,2,NA,2,NA,NA,NA,NA,0,NA,NA,NA,4,4,5,5,3,4,3,97,5,2,NA,NA,NA,NA,NA,NA,NA,NA,1,NA,NA,NA,NA,NA,NA,NA,NA,NA,NA,NA,97,5,NA,NA,NA,NA,NA,NA,NA,NA,NA,NA,NA,NA,5,4,2,50,72,9,65,0,10,0,9,0,5,0,10,0,NA,NA,NA,control,Democrat,NA,NA,NA,NA,NA,NA,NA,NA,223,NA,2971,NA,NA,NA,NA,NA,NA,NA,NA,NA,NA,67,NA,NA,NA,NA,NA,NA,NA,NA,NA,1,Strong D,1,Democrat,0,Non-MAGA,Somewhat liberal,0,2,Control D,0,0,Control,5,97,5,97,NA,NA,NA,NA,NA,NA,50,9,0,0,0,0,NA,NA,NA,NA,NA,NA,72,65,10,9,5,10,4.5,strong,2,3.3333333333333335,0,0,0,0,0,0,0,0,1,97,97,5,5,0,0,0,0,0,0,3.6666666666666665,9.833333333333334,28.5,28.5,NA,14.75,0,39,7.5,50,9,0,0,0,0,72,65,10,9,5,10
NA,NA,0,NA,100,405,1,NA,NA,NA,NA,NA,NA,35.2842,-80.8719,NA,NA,1,1,2,2,NA,6,4,4,3,3,0,4,4,4,NA,NA,NA,NA,NA,NA,NA,17,87,2,NA,NA,NA,NA,NA,1,NA,NA,NA,NA,NA,NA,NA,NA,3,NA,NA,3,3,2,16,88,50,73,4,13,0,1,0,0,0,2,0,2,NA,NA,NA,NA,NA,NA,NA,NA,NA,NA,NA,NA,NA,NA,NA,1,NA,NA,NA,treatment,Republican,NA,NA,NA,NA,NA,NA,NA,NA,419,NA,3958,NA,NA,NA,NA,NA,NA,NA,NA,NA,NA,47,NA,NA,NA,NA,NA,NA,NA,NA,NA,7,Strong R,2,Republican,1,Non-MAGA,Somewhat conservative,1,3,Treatment R,1,2,Match,87,17,88,16,50,4,0,0,0,0,NA,NA,NA,NA,NA,NA,73,13,1,0,2,2,NA,NA,NA,NA,NA,NA,3.5,strong,2,4,0,0,0,0,0,1,0,0,0,87,88,17,16,1,-1,2,1,-1,2,2.6666666666666665,9,15.166666666666666,NA,15.166666666666666,13.5,0,21.75,2,50,4,0,0,0,0,73,13,1,0,2,2
NA,NA,0,NA,100,856,1,NA,NA,NA,NA,NA,NA,35.9968,-78.8955,NA,NA,1,1,1,1,NA,1,NA,NA,NA,NA,0,NA,NA,NA,2,2,3,2,2,3,1,40,10,2,1,NA,NA,1,NA,NA,NA,NA,NA,4,NA,NA,5,NA,NA,NA,NA,NA,NA,NA,40,10,NA,NA,NA,NA,NA,NA,NA,NA,NA,NA,NA,NA,4,4,3,20,75,60,75,15,40,5,30,10,25,5,25,0,NA,NA,NA,treatment,Democrat,NA,NA,NA,NA,NA,NA,NA,NA,867,NA,1239,NA,NA,NA,NA,NA,NA,NA,NA,NA,NA,19,NA,NA,NA,NA,NA,NA,NA,NA,NA,2,Weak D,1,Democrat,0,Non-MAGA,Very liberal,1,4,Treatment D,0,1,Mismatch,10,40,10,40,NA,NA,NA,NA,NA,NA,20,60,15,5,10,5,NA,NA,NA,NA,NA,NA,75,75,40,30,25,25,2.25,medium,1,2,1,0,0,1,0,0,0,0,0,40,40,10,10,0,0,0,0,0,0,3.6666666666666665,19.166666666666668,45,45,NA,25,7.5,55,25,20,60,15,5,10,5,75,75,40,30,25,25
NA,NA,0,NA,100,1702,1,NA,NA,NA,NA,NA,NA,34.9564,-81.9868,NA,NA,0.899999976158142,1,2,2,NA,6,5,5,5,5,1,2,4,4,NA,NA,NA,NA,NA,NA,NA,50,100,2,NA,NA,NA,NA,NA,1,NA,1,NA,NA,NA,NA,NA,NA,4,NA,5,4,3,4,73,100,100,100,50,100,100,70,100,71,70,100,100,70,NA,NA,NA,NA,NA,NA,NA,NA,NA,NA,NA,NA,NA,NA,NA,2,NA,NA,NA,control,Republican,NA,NA,NA,NA,NA,NA,NA,NA,1724,NA,78,NA,NA,NA,NA,NA,NA,NA,NA,NA,NA,28,NA,NA,NA,NA,NA,NA,NA,NA,NA,7,Strong R,2,Republican,1,MAGA,Somewhat conservative,0,1,Control R,0,0,Control,100,50,100,73,100,50,100,100,70,100,NA,NA,NA,NA,NA,NA,100,100,70,71,100,70,NA,NA,NA,NA,NA,NA,5,strong,2,3.3333333333333335,0,0,0,0,0,1,0,1,0,100,100,50,73,0,23,-23,0,23,-23,3.6666666666666665,86.66666666666667,85.16666666666667,NA,85.16666666666667,87.5,85,85.25,85,100,50,100,100,70,100,100,100,70,71,100,70
NA,NA,0,NA,100,384,1,NA,NA,NA,NA,NA,NA,32.4065,-97.2117,NA,NA,1,1,1,2,NA,1,NA,NA,NA,NA,0,NA,NA,NA,5,4,4,4,3,3,1,80,10,2,1,NA,NA,1,1,1,1,NA,NA,5,NA,NA,5,4,4,4,NA,NA,NA,NA,80,10,NA,NA,NA,NA,NA,NA,NA,NA,NA,NA,NA,NA,5,5,2,100,100,100,100,20,100,20,100,21,80,21,90,0,NA,NA,NA,treatment,Democrat,NA,NA,NA,NA,NA,NA,NA,NA,394,NA,150,NA,NA,NA,NA,NA,NA,NA,NA,NA,NA,21,NA,NA,NA,NA,NA,NA,NA,NA,NA,1,Strong D,1,Democrat,0,Non-MAGA,Very liberal,1,4,Treatment D,0,1,Mismatch,10,80,10,80,NA,NA,NA,NA,NA,NA,100,100,20,20,21,21,NA,NA,NA,NA,NA,NA,100,100,100,100,80,90,4.25,strong,2,2.3333333333333335,1,0,0,1,1,1,1,0,0,80,80,10,10,0,0,0,0,0,0,4,47,95,95,NA,60,21,100,85,100,100,20,20,21,21,100,100,100,100,80,90
NA,NA,0,NA,100,498,1,NA,NA,NA,NA,NA,NA,38.3467,-81.6359,NA,NA,1,1,3,NA,3,4,2,2,1,2,0,4,4,4,NA,NA,NA,NA,NA,NA,NA,61,62,2,NA,NA,NA,1,NA,1,NA,NA,NA,NA,NA,NA,2,NA,4,NA,NA,2,1,1,62,63,49,70,7,58,5,55,16,46,1,35,2,1,NA,NA,NA,NA,NA,NA,NA,NA,NA,NA,NA,NA,NA,NA,NA,1,NA,NA,NA,control,Republican,NA,NA,NA,NA,NA,NA,NA,NA,538,NA,6094,NA,NA,NA,NA,NA,NA,NA,NA,NA,NA,50,NA,NA,NA,NA,NA,NA,NA,NA,NA,5,Lean R,0,Independent,1,Non-MAGA,Moderate,0,1,Control R,0,0,Control,62,61,63,62,49,7,5,16,1,2,NA,NA,NA,NA,NA,NA,70,58,55,46,35,1,NA,NA,NA,NA,NA,NA,1.75,medium,1,4,0,0,0,1,0,1,0,0,0,62,63,61,62,1,1,0,1,1,0,1.3333333333333333,13.333333333333334,44.166666666666664,NA,44.166666666666664,19.25,1.5,57.25,18,49,7,5,16,1,2,70,58,55,46,35,1
NA,NA,0,NA,100,1541,1,NA,NA,NA,NA,NA,NA,40.734,-74.0712,NA,NA,1,1,1,2,NA,1,NA,NA,NA,NA,0,NA,NA,NA,3,3,4,4,2,2,3,100,20,2,1,NA,NA,NA,1,1,1,NA,NA,5,NA,NA,NA,3,3,5,NA,NA,NA,NA,100,20,NA,NA,NA,NA,NA,NA,NA,NA,NA,NA,NA,NA,5,5,4,50,30,0,0,0,0,0,0,0,100,0,100,0,NA,NA,NA,control,Democrat,NA,NA,NA,NA,NA,NA,NA,NA,1571,NA,874,NA,NA,NA,NA,NA,NA,NA,NA,NA,NA,46,NA,NA,NA,NA,NA,NA,NA,NA,NA,1,Strong D,1,Democrat,0,Non-MAGA,Very liberal,0,2,Control D,0,0,Control,20,100,20,100,NA,NA,NA,NA,NA,NA,50,0,0,0,0,0,NA,NA,NA,NA,NA,NA,30,0,0,0,100,100,3.5,strong,2,2.3333333333333335,1,0,0,0,1,1,1,0,0,100,100,20,20,0,0,0,0,0,0,4.666666666666667,8.333333333333334,38.333333333333336,38.333333333333336,NA,12.5,0,7.5,100,50,0,0,0,0,0,30,0,0,0,100,100
NA,NA,0,NA,100,328,1,NA,NA,NA,NA,NA,NA,34.0349,-117.6185,NA,NA,1,1,1,2,NA,1,NA,NA,NA,NA,0,NA,NA,NA,5,5,4,5,1,1,1,66,6,2,1,NA,NA,1,NA,NA,NA,NA,NA,5,NA,NA,5,NA,NA,NA,NA,NA,NA,NA,90,4,NA,NA,NA,NA,NA,NA,NA,NA,NA,NA,NA,NA,5,5,1,80,0,13,5,0,0,0,0,0,0,0,0,0,NA,NA,NA,treatment,Democrat,NA,NA,NA,NA,NA,NA,NA,NA,343,NA,6952,NA,NA,NA,NA,NA,NA,NA,NA,NA,NA,30,NA,NA,NA,NA,NA,NA,NA,NA,NA,1,Strong D,1,Democrat,0,Non-MAGA,Very liberal,1,4,Treatment D,0,1,Mismatch,6,66,4,90,NA,NA,NA,NA,NA,NA,80,13,0,0,0,0,NA,NA,NA,NA,NA,NA,0,5,0,0,0,0,4.75,strong,2,1,1,0,0,1,0,0,0,0,0,66,90,6,4,-2,24,-26,24,-2,26,3.6666666666666665,15.5,0.8333333333333334,0.8333333333333334,NA,23.25,0,1.25,0,80,13,0,0,0,0,0,5,0,0,0,0
NA,NA,0,NA,100,461,1,NA,NA,NA,NA,NA,NA,41.2045,-73.1988,NA,NA,1,1,2,2,NA,7,5,5,5,5,1,1,1,4,NA,NA,NA,NA,NA,NA,NA,0,100,2,NA,NA,NA,NA,NA,NA,NA,1,NA,NA,NA,NA,NA,NA,NA,NA,5,5,5,5,0,100,0,0,0,0,0,0,0,0,5,6,0,0,NA,NA,NA,NA,NA,NA,NA,NA,NA,NA,NA,NA,NA,NA,NA,2,NA,NA,NA,treatment,Republican,NA,NA,NA,NA,NA,NA,NA,NA,471,NA,15392,NA,NA,NA,NA,NA,NA,NA,NA,NA,NA,73,NA,NA,NA,NA,NA,NA,NA,NA,NA,7,Strong R,2,Republican,1,MAGA,Very conservative,1,3,Treatment R,1,2,Match,100,0,100,0,0,0,0,0,5,0,NA,NA,NA,NA,NA,NA,0,0,0,0,6,0,NA,NA,NA,NA,NA,NA,5,strong,2,2,0,0,0,0,0,0,0,1,0,100,100,0,0,0,0,0,0,0,0,5,0.8333333333333334,1,NA,1,0,2.5,0,3,0,0,0,0,5,0,0,0,0,0,6,0
NA,NA,0,NA,100,367,1,NA,NA,NA,NA,NA,NA,38.5755,-121.4883,NA,NA,1,1,3,NA,1,3,NA,NA,NA,NA,0,NA,NA,NA,2,3,3,3,3,3,3,62,39,2,1,NA,NA,1,NA,NA,1,NA,NA,4,NA,NA,4,NA,NA,3,NA,NA,NA,NA,64,34,NA,NA,NA,NA,NA,NA,NA,NA,NA,NA,NA,NA,3,3,3,16,65,27,81,5,54,6,57,16,69,9,74,0,NA,NA,NA,treatment,Democrat,NA,NA,NA,NA,NA,NA,NA,NA,379,NA,3029,NA,NA,NA,NA,NA,NA,NA,NA,NA,NA,30,NA,NA,NA,NA,NA,NA,NA,NA,NA,3,Lean D,0,Independent,0,Non-MAGA,Slightly liberal,1,4,Treatment D,0,1,Mismatch,39,62,34,64,NA,NA,NA,NA,NA,NA,16,27,5,6,16,9,NA,NA,NA,NA,NA,NA,65,81,54,57,69,74,2.75,medium,1,3,1,0,0,1,0,0,1,0,0,62,64,39,34,-5,2,-7,2,-5,7,9,13.166666666666666,66.66666666666667,66.66666666666667,NA,13.5,12.5,64.25,71.5,16,27,5,6,16,9,65,81,54,57,69,74
NA,NA,0,NA,100,1876,1,NA,NA,NA,NA,NA,NA,25.882,-80.2291,NA,NA,1,1,3,NA,3,4,5,5,5,5,0,4,4,4,NA,NA,NA,NA,NA,NA,NA,100,100,2,NA,NA,NA,NA,NA,NA,NA,1,NA,NA,NA,NA,NA,NA,NA,NA,5,1,1,1,100,100,100,100,100,100,100,100,100,100,100,100,100,100,NA,NA,NA,NA,NA,NA,NA,NA,NA,NA,NA,NA,NA,NA,NA,1,NA,NA,NA,treatment,Republican,NA,NA,NA,NA,NA,NA,NA,NA,1888,NA,4787,NA,NA,NA,NA,NA,NA,NA,NA,NA,NA,24,NA,NA,NA,NA,NA,NA,NA,NA,NA,5,Lean R,0,Independent,1,Non-MAGA,Moderate,1,3,Treatment R,1,2,Match,100,100,100,100,100,100,100,100,100,100,NA,NA,NA,NA,NA,NA,100,100,100,100,100,100,NA,NA,NA,NA,NA,NA,5,strong,2,4,0,0,0,0,0,0,0,1,0,100,100,100,100,0,0,0,0,0,0,1,100,100,NA,100,100,100,100,100,100,100,100,100,100,100,100,100,100,100,100,100
NA,NA,0,NA,100,207,1,NA,NA,NA,NA,NA,NA,35.9375,-84.073,NA,NA,1,1,3,NA,1,1,NA,NA,NA,NA,0,NA,NA,NA,2,1,1,1,4,4,4,25,12,2,NA,NA,NA,NA,NA,NA,NA,1,NA,NA,NA,NA,NA,NA,NA,NA,3,NA,NA,NA,24,19,NA,NA,NA,NA,NA,NA,NA,NA,NA,NA,NA,NA,5,4,4,78,84,30,40,21,33,9,28,23,59,24,29,0,NA,NA,NA,control,Democrat,NA,NA,NA,NA,NA,NA,NA,NA,214,NA,771,NA,NA,NA,NA,NA,NA,NA,NA,NA,NA,35,NA,NA,NA,NA,NA,NA,NA,NA,NA,3,Lean D,0,Independent,0,Non-MAGA,Very liberal,0,2,Control D,0,0,Control,12,25,19,24,NA,NA,NA,NA,NA,NA,78,30,21,9,23,24,NA,NA,NA,NA,NA,NA,84,40,33,28,59,29,1.25,weak,NA,4,0,0,0,0,0,0,0,1,0,25,24,12,19,7,-1,8,-1,7,-8,13,30.833333333333332,45.5,45.5,NA,34.5,23.5,46.25,44,78,30,21,9,23,24,84,40,33,28,59,29
NA,NA,0,NA,100,286,1,NA,NA,NA,NA,NA,NA,40.8795,-79.93,NA,NA,1,1,1,2,NA,1,NA,NA,NA,NA,0,NA,NA,NA,4,5,4,5,1,1,1,84,0,2,NA,NA,NA,NA,NA,NA,NA,1,NA,NA,NA,NA,NA,NA,NA,NA,4,NA,NA,NA,84,0,NA,NA,NA,NA,NA,NA,NA,NA,NA,NA,NA,NA,5,5,5,61,18,93,11,34,0,10,66,15,75,14,73,0,NA,NA,NA,control,Democrat,NA,NA,NA,NA,NA,NA,NA,NA,300,NA,93,NA,NA,NA,NA,NA,NA,NA,NA,NA,NA,18,NA,NA,NA,NA,NA,NA,NA,NA,NA,1,Strong D,1,Democrat,0,Non-MAGA,Very liberal,0,2,Control D,0,0,Control,0,84,0,84,NA,NA,NA,NA,NA,NA,61,93,34,10,15,14,NA,NA,NA,NA,NA,NA,18,11,0,66,75,73,4.5,strong,2,1,0,0,0,0,0,0,0,1,0,84,84,0,0,0,0,0,0,0,0,5,37.833333333333336,40.5,40.5,NA,49.5,14.5,23.75,74,61,93,34,10,15,14,18,11,0,66,75,73
NA,NA,0,NA,100,436,1,NA,NA,NA,NA,NA,NA,40.0412,-86.8744,NA,NA,1,1,3,NA,1,4,NA,NA,NA,NA,0,NA,NA,NA,2,3,3,3,4,4,3,29,20,2,NA,NA,1,1,NA,1,1,NA,NA,NA,NA,4,3,NA,5,5,NA,NA,NA,NA,28,19,NA,NA,NA,NA,NA,NA,NA,NA,NA,NA,NA,NA,5,4,3,70,91,10,85,0,65,0,60,0,80,30,85,0,NA,NA,NA,control,Democrat,NA,NA,NA,NA,NA,NA,NA,NA,444,NA,119,NA,NA,NA,NA,NA,NA,NA,NA,NA,NA,45,NA,NA,NA,NA,NA,NA,NA,NA,NA,3,Lean D,0,Independent,0,Non-MAGA,Moderate,0,2,Control D,0,0,Control,20,29,19,28,NA,NA,NA,NA,NA,NA,70,10,0,0,0,30,NA,NA,NA,NA,NA,NA,91,85,65,60,80,85,2.75,medium,1,3.6666666666666665,0,0,1,1,0,1,1,0,0,29,28,20,19,-1,-1,0,-1,-1,0,12,18.333333333333332,77.66666666666667,77.66666666666667,NA,20,15,75.25,82.5,70,10,0,0,0,30,91,85,65,60,80,85
NA,NA,0,NA,100,245,1,NA,NA,NA,NA,NA,NA,40.8792,-111.8686,NA,NA,1,1,2,1,NA,7,1,3,3,2,1,1,1,3,NA,NA,NA,NA,NA,NA,NA,0,47,2,NA,NA,NA,NA,NA,NA,NA,NA,1,NA,NA,NA,NA,NA,NA,NA,NA,5,5,3,0,47,37,90,43,44,48,43,39,41,27,9,2,2,NA,NA,NA,NA,NA,NA,NA,NA,NA,NA,NA,NA,NA,NA,NA,2,NA,NA,NA,treatment,Republican,NA,NA,NA,NA,NA,NA,NA,NA,254,NA,12675,NA,NA,NA,NA,NA,NA,NA,NA,NA,NA,27,NA,NA,NA,NA,NA,NA,NA,NA,NA,6,Weak R,2,Republican,1,MAGA,Very conservative,1,3,Treatment R,1,2,Match,47,0,47,0,37,43,48,39,27,2,NA,NA,NA,NA,NA,NA,90,44,43,41,9,2,NA,NA,NA,NA,NA,NA,2.25,medium,1,1.6666666666666667,0,0,0,0,0,0,0,0,1,47,47,0,0,0,0,0,0,0,0,4.333333333333333,32.666666666666664,38.166666666666664,NA,38.166666666666664,41.75,14.5,54.5,5.5,37,43,48,39,27,2,90,44,43,41,9,2
NA,NA,0,NA,100,286,1,NA,NA,NA,NA,NA,NA,39.9943,-75.1181,NA,NA,1,1,1,1,NA,4,NA,NA,NA,NA,0,NA,NA,NA,4,4,3,4,4,4,3,96,23,2,NA,NA,NA,NA,NA,NA,NA,1,NA,NA,NA,NA,NA,NA,NA,NA,3,NA,NA,NA,98,23,NA,NA,NA,NA,NA,NA,NA,NA,NA,NA,NA,NA,3,4,2,50,50,27,28,0,0,0,0,0,0,0,0,0,NA,NA,NA,control,Democrat,NA,NA,NA,NA,NA,NA,NA,NA,304,NA,3673,NA,NA,NA,NA,NA,NA,NA,NA,NA,NA,47,NA,NA,NA,NA,NA,NA,NA,NA,NA,2,Weak D,1,Democrat,0,Non-MAGA,Moderate,0,2,Control D,0,0,Control,23,96,23,98,NA,NA,NA,NA,NA,NA,50,27,0,0,0,0,NA,NA,NA,NA,NA,NA,50,28,0,0,0,0,3.75,strong,2,3.6666666666666665,0,0,0,0,0,0,0,1,0,96,98,23,23,0,2,-2,2,0,2,3,12.833333333333334,13,13,NA,19.25,0,19.5,0,50,27,0,0,0,0,50,28,0,0,0,0
NA,NA,0,NA,100,219,1,NA,NA,NA,NA,NA,NA,40.621,-89.196,NA,NA,1,1,2,2,NA,6,4,4,1,4,1,3,3,4,NA,NA,NA,NA,NA,NA,NA,66,60,2,NA,NA,NA,NA,NA,NA,NA,NA,1,NA,NA,NA,NA,NA,NA,NA,NA,2,1,1,60,60,10,90,0,0,0,0,0,0,0,0,0,0,NA,NA,NA,NA,NA,NA,NA,NA,NA,NA,NA,NA,NA,NA,NA,2,NA,NA,NA,control,Republican,NA,NA,NA,NA,NA,NA,NA,NA,228,NA,2429,NA,NA,NA,NA,NA,NA,NA,NA,NA,NA,54,NA,NA,NA,NA,NA,NA,NA,NA,NA,7,Strong R,2,Republican,1,MAGA,Somewhat conservative,0,1,Control R,0,0,Control,60,66,60,60,10,0,0,0,0,0,NA,NA,NA,NA,NA,NA,90,0,0,0,0,0,NA,NA,NA,NA,NA,NA,3.25,strong,2,3.3333333333333335,0,0,0,0,0,0,0,0,1,60,60,66,60,0,-6,6,0,-6,6,1.3333333333333333,1.6666666666666667,15,NA,15,2.5,0,22.5,0,10,0,0,0,0,0,90,0,0,0,0,0
NA,NA,0,NA,100,272,1,NA,NA,NA,NA,NA,NA,41.3484,-72.9117,NA,NA,1,1,1,2,NA,1,NA,NA,NA,NA,0,NA,NA,NA,5,3,4,4,1,2,1,71,5,2,NA,NA,NA,NA,NA,NA,NA,1,NA,NA,NA,NA,NA,NA,NA,NA,4,NA,NA,NA,70,4,NA,NA,NA,NA,NA,NA,NA,NA,NA,NA,NA,NA,5,4,1,65,87,25,81,0,71,6,54,19,39,58,76,0,NA,NA,NA,control,Democrat,NA,NA,NA,NA,NA,NA,NA,NA,278,NA,44,NA,NA,NA,NA,NA,NA,NA,NA,NA,NA,25,NA,NA,NA,NA,NA,NA,NA,NA,NA,1,Strong D,1,Democrat,0,Non-MAGA,Very liberal,0,2,Control D,0,0,Control,5,71,4,70,NA,NA,NA,NA,NA,NA,65,25,0,6,19,58,NA,NA,NA,NA,NA,NA,87,81,71,54,39,76,4,strong,2,1.3333333333333333,0,0,0,0,0,0,0,1,0,71,70,5,4,-1,-1,0,-1,-1,0,3.3333333333333335,28.833333333333332,68,68,NA,24,38.5,73.25,57.5,65,25,0,6,19,58,87,81,71,54,39,76
NA,NA,0,NA,100,267,1,NA,NA,NA,NA,NA,NA,35.3274,-97.5556,NA,NA,1,1,2,1,NA,6,3,3,2,4,0,3,3,4,NA,NA,NA,NA,NA,NA,NA,12,78,2,NA,NA,NA,NA,NA,NA,NA,1,NA,NA,NA,NA,NA,NA,NA,NA,4,2,2,1,20,78,62,90,6,57,0,31,0,43,0,30,0,35,NA,NA,NA,NA,NA,NA,NA,NA,NA,NA,NA,NA,NA,NA,NA,1,NA,NA,NA,control,Republican,NA,NA,NA,NA,NA,NA,NA,NA,275,NA,1141,NA,NA,NA,NA,NA,NA,NA,NA,NA,NA,37,NA,NA,NA,NA,NA,NA,NA,NA,NA,6,Weak R,2,Republican,1,Non-MAGA,Somewhat conservative,0,1,Control R,0,0,Control,78,12,78,20,62,6,0,0,0,0,NA,NA,NA,NA,NA,NA,90,57,31,43,30,35,NA,NA,NA,NA,NA,NA,3,strong,2,3.3333333333333335,0,0,0,0,0,0,0,1,0,78,78,12,20,0,8,-8,0,8,-8,1.6666666666666667,11.333333333333334,47.666666666666664,NA,47.666666666666664,17,0,55.25,32.5,62,6,0,0,0,0,90,57,31,43,30,35
NA,NA,0,NA,100,172,1,NA,NA,NA,NA,NA,NA,40.7256,-74.1594,NA,NA,1,1,2,1,NA,5,2,2,3,3,0,1,1,4,NA,NA,NA,NA,NA,NA,NA,50,50,2,NA,NA,NA,NA,NA,NA,NA,1,NA,NA,NA,NA,NA,NA,NA,NA,4,2,1,1,50,50,74,76,9,5,5,4,1,3,4,4,4,6,NA,NA,NA,NA,NA,NA,NA,NA,NA,NA,NA,NA,NA,NA,NA,1,NA,NA,NA,control,Republican,NA,NA,NA,NA,NA,NA,NA,NA,181,NA,25931,NA,NA,NA,NA,NA,NA,NA,NA,NA,NA,45,NA,NA,NA,NA,NA,NA,NA,NA,NA,6,Weak R,2,Republican,1,Non-MAGA,Slightly conservative,0,1,Control R,0,0,Control,50,50,50,50,74,9,5,1,4,4,NA,NA,NA,NA,NA,NA,76,5,4,3,4,6,NA,NA,NA,NA,NA,NA,2.5,medium,1,2,0,0,0,0,0,0,0,1,0,50,50,50,50,0,0,0,0,0,0,1.3333333333333333,16.166666666666668,16.333333333333332,NA,16.333333333333332,22.25,4,22,5,74,9,5,1,4,4,76,5,4,3,4,6
NA,NA,0,NA,100,423,1,NA,NA,NA,NA,NA,NA,41.8719,-87.6589,NA,NA,1,1,3,NA,3,5,1,2,1,1,0,2,2,3,NA,NA,NA,NA,NA,NA,NA,10,50,2,NA,NA,NA,1,NA,NA,NA,NA,NA,NA,NA,NA,2,NA,NA,NA,NA,5,4,2,10,50,50,65,50,55,20,10,1,10,5,5,1,3,NA,NA,NA,NA,NA,NA,NA,NA,NA,NA,NA,NA,NA,NA,NA,1,NA,NA,NA,treatment,Republican,NA,NA,NA,NA,NA,NA,NA,NA,434,NA,11,NA,NA,NA,NA,NA,NA,NA,NA,NA,NA,29,NA,NA,NA,NA,NA,NA,NA,NA,NA,5,Lean R,0,Independent,1,Non-MAGA,Slightly conservative,1,3,Treatment R,1,2,Match,50,10,50,10,50,50,20,1,5,1,NA,NA,NA,NA,NA,NA,65,55,10,10,5,3,NA,NA,NA,NA,NA,NA,1.25,weak,NA,2.3333333333333335,0,0,0,1,0,0,0,0,0,50,50,10,10,0,0,0,0,0,0,3.6666666666666665,21.166666666666668,24.666666666666668,NA,24.666666666666668,30.25,3,35,4,50,50,20,1,5,1,65,55,10,10,5,3
NA,NA,0,NA,100,335,1,NA,NA,NA,NA,NA,NA,33.5815,-85.0803,NA,NA,1,1,1,2,NA,1,NA,NA,NA,NA,0,NA,NA,NA,5,5,4,5,2,3,1,95,2,2,NA,NA,NA,NA,NA,NA,NA,NA,1,NA,NA,NA,NA,NA,NA,NA,NA,NA,NA,NA,95,2,NA,NA,NA,NA,NA,NA,NA,NA,NA,NA,NA,NA,5,4,3,50,25,30,85,5,65,0,63,0,70,0,80,0,NA,NA,NA,control,Democrat,NA,NA,NA,NA,NA,NA,NA,NA,546,NA,3386,NA,NA,NA,NA,NA,NA,NA,NA,NA,NA,49,NA,NA,NA,NA,NA,NA,NA,NA,NA,1,Strong D,1,Democrat,0,Non-MAGA,Very liberal,0,2,Control D,0,0,Control,2,95,2,95,NA,NA,NA,NA,NA,NA,50,30,5,0,0,0,NA,NA,NA,NA,NA,NA,25,85,65,63,70,80,4.75,strong,2,2,0,0,0,0,0,0,0,0,1,95,95,2,2,0,0,0,0,0,0,4,14.166666666666666,64.66666666666667,64.66666666666667,NA,21.25,0,59.5,75,50,30,5,0,0,0,25,85,65,63,70,80
NA,NA,0,NA,100,400,1,NA,NA,NA,NA,NA,NA,46.8796,-96.7814,NA,NA,1,1,1,1,NA,2,NA,NA,NA,NA,0,NA,NA,NA,2,2,2,2,3,3,2,35,20,2,1,NA,NA,1,NA,NA,1,NA,NA,4,NA,NA,5,NA,NA,4,NA,NA,NA,NA,40,15,NA,NA,NA,NA,NA,NA,NA,NA,NA,NA,NA,NA,4,4,4,30,30,0,0,0,0,0,0,0,60,0,70,0,NA,NA,NA,treatment,Democrat,NA,NA,NA,NA,NA,NA,NA,NA,410,NA,1672,NA,NA,NA,NA,NA,NA,NA,NA,NA,NA,31,NA,NA,NA,NA,NA,NA,NA,NA,NA,2,Weak D,1,Democrat,0,Non-MAGA,Somewhat liberal,1,4,Treatment D,0,1,Mismatch,20,35,15,40,NA,NA,NA,NA,NA,NA,30,0,0,0,0,0,NA,NA,NA,NA,NA,NA,30,0,0,0,60,70,2,medium,1,2.6666666666666665,1,0,0,1,0,0,1,0,0,35,40,20,15,-5,5,-10,5,-5,10,4,5,26.666666666666668,26.666666666666668,NA,7.5,0,7.5,65,30,0,0,0,0,0,30,0,0,0,60,70
NA,NA,0,NA,100,398,1,NA,NA,NA,NA,NA,NA,41.1383,-104.8016,NA,NA,1,1,2,1,NA,6,4,4,4,4,1,2,3,2,NA,NA,NA,NA,NA,NA,NA,34,73,2,NA,NA,NA,NA,NA,NA,NA,NA,1,NA,NA,NA,NA,NA,NA,NA,NA,4,3,3,34,75,44,46,29,31,33,32,27,26,21,21,30,29,NA,NA,NA,NA,NA,NA,NA,NA,NA,NA,NA,NA,NA,NA,NA,2,NA,NA,NA,treatment,Republican,NA,NA,NA,NA,NA,NA,NA,NA,410,NA,20863,NA,NA,NA,NA,NA,NA,NA,NA,NA,NA,62,NA,NA,NA,NA,NA,NA,NA,NA,NA,6,Weak R,2,Republican,1,MAGA,Somewhat conservative,1,3,Treatment R,1,2,Match,73,34,75,34,44,29,33,27,21,30,NA,NA,NA,NA,NA,NA,46,31,32,26,21,29,NA,NA,NA,NA,NA,NA,4,strong,2,2.3333333333333335,0,0,0,0,0,0,0,0,1,73,75,34,34,2,0,2,2,0,2,3.3333333333333335,30.666666666666668,30.833333333333332,NA,30.833333333333332,33.25,25.5,33.75,25,44,29,33,27,21,30,46,31,32,26,21,29
NA,NA,0,NA,100,578,1,NA,NA,NA,NA,NA,NA,40.8088,-91.1114,NA,NA,1,1,3,NA,3,4,2,2,2,2,0,3,3,3,NA,NA,NA,NA,NA,NA,NA,50,50,2,NA,NA,NA,NA,NA,NA,NA,NA,1,NA,NA,NA,NA,NA,NA,NA,NA,4,2,1,50,50,20,20,10,20,0,0,0,0,0,0,0,0,NA,NA,NA,NA,NA,NA,NA,NA,NA,NA,NA,NA,NA,NA,NA,1,NA,NA,NA,treatment,Republican,NA,NA,NA,NA,NA,NA,NA,NA,592,NA,3622,NA,NA,NA,NA,NA,NA,NA,NA,NA,NA,56,NA,NA,NA,NA,NA,NA,NA,NA,NA,5,Lean R,0,Independent,1,Non-MAGA,Moderate,1,3,Treatment R,1,2,Match,50,50,50,50,20,10,0,0,0,0,NA,NA,NA,NA,NA,NA,20,20,0,0,0,0,NA,NA,NA,NA,NA,NA,2,medium,1,3,0,0,0,0,0,0,0,0,1,50,50,50,50,0,0,0,0,0,0,2.3333333333333335,5,6.666666666666667,NA,6.666666666666667,7.5,0,10,0,20,10,0,0,0,0,20,20,0,0,0,0
NA,NA,0,NA,100,466,1,NA,NA,NA,NA,NA,NA,44.8227,-68.8001,NA,NA,1,1,1,2,NA,1,NA,NA,NA,NA,0,NA,NA,NA,2,2,2,2,1,2,1,35,0,2,1,1,NA,1,1,1,1,NA,NA,5,4,NA,5,4,5,4,NA,NA,NA,NA,35,0,NA,NA,NA,NA,NA,NA,NA,NA,NA,NA,NA,NA,5,5,4,100,100,100,100,100,100,100,100,0,80,70,100,0,NA,NA,NA,treatment,Democrat,NA,NA,NA,NA,NA,NA,NA,NA,481,NA,167,NA,NA,NA,NA,NA,NA,NA,NA,NA,NA,25,NA,NA,NA,NA,NA,NA,NA,NA,NA,1,Strong D,1,Democrat,0,Non-MAGA,Very liberal,1,4,Treatment D,0,1,Mismatch,0,35,0,35,NA,NA,NA,NA,NA,NA,100,100,100,100,0,70,NA,NA,NA,NA,NA,NA,100,100,100,100,80,100,2,medium,1,1.3333333333333333,1,1,0,1,1,1,1,0,0,35,35,0,0,0,0,0,0,0,0,4.666666666666667,78.33333333333333,96.66666666666667,96.66666666666667,NA,100,35,100,90,100,100,100,100,0,70,100,100,100,100,80,100
NA,NA,0,NA,100,283,1,NA,NA,NA,NA,NA,NA,40.7945,-80.1367,NA,NA,1,1,3,NA,3,6,1,1,1,1,0,4,4,4,NA,NA,NA,NA,NA,NA,NA,20,50,2,NA,NA,NA,NA,NA,NA,NA,NA,1,NA,NA,NA,NA,NA,NA,NA,NA,3,1,1,23,50,0,65,0,30,0,8,0,2,0,12,0,8,NA,NA,NA,NA,NA,NA,NA,NA,NA,NA,NA,NA,NA,NA,NA,1,NA,NA,NA,control,Republican,NA,NA,NA,NA,NA,NA,NA,NA,291,NA,3742,NA,NA,NA,NA,NA,NA,NA,NA,NA,NA,44,NA,NA,NA,NA,NA,NA,NA,NA,NA,5,Lean R,0,Independent,1,Non-MAGA,Somewhat conservative,0,1,Control R,0,0,Control,50,20,50,23,0,0,0,0,0,0,NA,NA,NA,NA,NA,NA,65,30,8,2,12,8,NA,NA,NA,NA,NA,NA,1,weak,0,4,0,0,0,0,0,0,0,0,1,50,50,20,23,0,3,-3,0,3,-3,1.6666666666666667,0,20.833333333333332,NA,20.833333333333332,0,0,26.25,10,0,0,0,0,0,0,65,30,8,2,12,8
NA,NA,0,NA,100,896,1,NA,NA,NA,NA,NA,NA,40.6679,-74.1178,NA,NA,1,1,1,1,NA,1,NA,NA,NA,NA,0,NA,NA,NA,1,1,1,2,1,1,4,8,0,2,NA,NA,NA,NA,NA,NA,NA,NA,1,NA,NA,NA,NA,NA,NA,NA,NA,NA,NA,NA,16,0,NA,NA,NA,NA,NA,NA,NA,NA,NA,NA,NA,NA,5,5,3,86,87,12,11,50,50,50,45,28,0,7,2,0,NA,NA,NA,treatment,Democrat,NA,NA,NA,NA,NA,NA,NA,NA,1256,NA,10789,NA,NA,NA,NA,NA,NA,NA,NA,NA,NA,28,NA,NA,NA,NA,NA,NA,NA,NA,NA,2,Weak D,1,Democrat,0,Non-MAGA,Very liberal,1,4,Treatment D,0,1,Mismatch,0,8,0,16,NA,NA,NA,NA,NA,NA,86,12,50,50,28,7,NA,NA,NA,NA,NA,NA,87,11,50,45,0,2,1.25,weak,NA,2,0,0,0,0,0,0,0,0,1,8,16,0,0,0,8,-8,8,0,8,4.333333333333333,38.833333333333336,32.5,32.5,NA,49.5,17.5,48.25,1,86,12,50,50,28,7,87,11,50,45,0,2
NA,NA,0,NA,100,480,1,NA,NA,NA,NA,NA,NA,37.3472,-120.6039,NA,NA,1,1,2,1,NA,5,2,3,2,3,0,3,3,3,NA,NA,NA,NA,NA,NA,NA,30,70,2,NA,NA,NA,NA,NA,NA,NA,1,NA,NA,NA,NA,NA,NA,NA,NA,4,4,4,3,30,70,40,60,30,35,0,0,0,0,0,0,0,0,NA,NA,NA,NA,NA,NA,NA,NA,NA,NA,NA,NA,NA,NA,NA,1,NA,NA,NA,treatment,Republican,NA,NA,NA,NA,NA,NA,NA,NA,489,NA,546,NA,NA,NA,NA,NA,NA,NA,NA,NA,NA,50,NA,NA,NA,NA,NA,NA,NA,NA,NA,6,Weak R,2,Republican,1,Non-MAGA,Slightly conservative,1,3,Treatment R,1,2,Match,70,30,70,30,40,30,0,0,0,0,NA,NA,NA,NA,NA,NA,60,35,0,0,0,0,NA,NA,NA,NA,NA,NA,2.5,medium,1,3,0,0,0,0,0,0,0,1,0,70,70,30,30,0,0,0,0,0,0,3.6666666666666665,11.666666666666666,15.833333333333334,NA,15.833333333333334,17.5,0,23.75,0,40,30,0,0,0,0,60,35,0,0,0,0
NA,NA,0,NA,100,1026,1,NA,NA,NA,NA,NA,NA,39.7007,-75.7419,NA,NA,1,1,1,2,NA,2,NA,NA,NA,NA,0,NA,NA,NA,4,5,3,4,3,4,3,90,23,2,NA,NA,NA,NA,NA,NA,NA,1,NA,NA,NA,NA,NA,NA,NA,NA,3,NA,NA,NA,90,23,NA,NA,NA,NA,NA,NA,NA,NA,NA,NA,NA,NA,5,4,3,65,80,3,65,0,30,0,30,2,20,0,18,0,NA,NA,NA,control,Democrat,NA,NA,NA,NA,NA,NA,NA,NA,1037,NA,12354,NA,NA,NA,NA,NA,NA,NA,NA,NA,NA,67,NA,NA,NA,NA,NA,NA,NA,NA,NA,1,Strong D,1,Democrat,0,Non-MAGA,Somewhat liberal,0,2,Control D,0,0,Control,23,90,23,90,NA,NA,NA,NA,NA,NA,65,3,0,0,2,0,NA,NA,NA,NA,NA,NA,80,65,30,30,20,18,4,strong,2,3.3333333333333335,0,0,0,0,0,0,0,1,0,90,90,23,23,0,0,0,0,0,0,4,11.666666666666666,40.5,40.5,NA,17,1,51.25,19,65,3,0,0,2,0,80,65,30,30,20,18
NA,NA,0,NA,100,678,1,NA,NA,NA,NA,NA,NA,44.9618,-93.2638,NA,NA,1,1,2,2,NA,6,1,3,1,3,0,4,4,4,NA,NA,NA,NA,NA,NA,NA,20,80,2,NA,NA,NA,NA,NA,NA,1,1,NA,NA,NA,NA,NA,NA,NA,3,2,3,1,1,20,80,50,20,0,0,0,0,0,0,50,50,0,0,NA,NA,NA,NA,NA,NA,NA,NA,NA,NA,NA,NA,NA,NA,NA,1,NA,NA,NA,control,Republican,NA,NA,NA,NA,NA,NA,NA,NA,694,NA,129,NA,NA,NA,NA,NA,NA,NA,NA,NA,NA,38,NA,NA,NA,NA,NA,NA,NA,NA,NA,7,Strong R,2,Republican,1,Non-MAGA,Somewhat conservative,0,1,Control R,0,0,Control,80,20,80,20,50,0,0,0,50,0,NA,NA,NA,NA,NA,NA,20,0,0,0,50,0,NA,NA,NA,NA,NA,NA,2,medium,1,4,0,0,0,0,0,0,1,1,0,80,80,20,20,0,0,0,0,0,0,1.6666666666666667,16.666666666666668,11.666666666666666,NA,11.666666666666666,12.5,25,5,25,50,0,0,0,50,0,20,0,0,0,50,0
NA,NA,0,NA,100,423,1,NA,NA,NA,NA,NA,NA,33.9519,-98.5145,NA,NA,0.899999976158142,1,3,NA,1,3,NA,NA,NA,NA,0,NA,NA,NA,4,3,2,3,2,3,3,80,40,2,1,1,NA,1,1,NA,NA,NA,NA,5,2,NA,4,3,NA,NA,NA,NA,NA,NA,82,27,NA,NA,NA,NA,NA,NA,NA,NA,NA,NA,NA,NA,2,3,5,40,30,40,50,9,2,18,72,29,65,21,9,0,NA,NA,NA,treatment,Democrat,NA,NA,NA,NA,NA,NA,NA,NA,433,NA,211,NA,NA,NA,NA,NA,NA,NA,NA,NA,NA,24,NA,NA,NA,NA,NA,NA,NA,NA,NA,3,Lean D,0,Independent,0,Non-MAGA,Slightly liberal,1,4,Treatment D,0,1,Mismatch,40,80,27,82,NA,NA,NA,NA,NA,NA,40,40,9,18,29,21,NA,NA,NA,NA,NA,NA,30,50,2,72,65,9,3,strong,2,2.6666666666666665,1,1,0,1,1,0,0,0,0,80,82,40,27,-13,2,-15,2,-13,15,10,26.166666666666668,38,38,NA,26.75,25,38.5,37,40,40,9,18,29,21,30,50,2,72,65,9
NA,NA,0,NA,100,1537,1,NA,NA,NA,NA,NA,NA,40.9271,-72.6509,NA,NA,1,1,1,1,NA,1,NA,NA,NA,NA,0,NA,NA,NA,2,3,2,3,2,1,1,58,8,2,1,NA,NA,1,1,1,1,NA,NA,5,NA,NA,5,3,5,5,NA,NA,NA,NA,85,0,NA,NA,NA,NA,NA,NA,NA,NA,NA,NA,NA,NA,5,5,5,100,100,100,95,58,75,72,85,92,95,85,67,0,NA,NA,NA,treatment,Democrat,NA,NA,NA,NA,NA,NA,NA,NA,1549,NA,742,NA,NA,NA,NA,NA,NA,NA,NA,NA,NA,28,NA,NA,NA,NA,NA,NA,NA,NA,NA,2,Weak D,1,Democrat,0,Non-MAGA,Very liberal,1,4,Treatment D,0,1,Mismatch,8,58,0,85,NA,NA,NA,NA,NA,NA,100,100,58,72,92,85,NA,NA,NA,NA,NA,NA,100,95,75,85,95,67,2.5,medium,1,1.3333333333333333,1,0,0,1,1,1,1,0,0,58,85,8,0,-8,27,-35,27,-8,35,5,84.5,86.16666666666667,86.16666666666667,NA,82.5,88.5,88.75,81,100,100,58,72,92,85,100,95,75,85,95,67
NA,NA,0,NA,100,325,1,NA,NA,NA,NA,NA,NA,44.8962,-93.1036,NA,NA,1,1,3,NA,1,4,NA,NA,NA,NA,0,NA,NA,NA,1,1,1,1,4,4,4,20,20,2,NA,NA,NA,NA,NA,NA,NA,NA,1,NA,NA,NA,NA,NA,NA,NA,NA,NA,NA,NA,20,20,NA,NA,NA,NA,NA,NA,NA,NA,NA,NA,NA,NA,4,2,3,31,31,40,40,30,30,30,30,0,30,0,50,0,NA,NA,NA,control,Democrat,NA,NA,NA,NA,NA,NA,NA,NA,337,NA,8018,NA,NA,NA,NA,NA,NA,NA,NA,NA,NA,59,NA,NA,NA,NA,NA,NA,NA,NA,NA,3,Lean D,0,Independent,0,Non-MAGA,Moderate,0,2,Control D,0,0,Control,20,20,20,20,NA,NA,NA,NA,NA,NA,31,40,30,30,0,0,NA,NA,NA,NA,NA,NA,31,40,30,30,30,50,1,weak,0,4,0,0,0,0,0,0,0,0,1,20,20,20,20,0,0,0,0,0,0,9,21.833333333333332,35.166666666666664,35.166666666666664,NA,32.75,0,32.75,40,31,40,30,30,0,0,31,40,30,30,30,50
NA,NA,0,NA,100,433,1,NA,NA,NA,NA,NA,NA,41.9025,-87.6726,NA,NA,1,1,1,1,NA,3,NA,NA,NA,NA,0,NA,NA,NA,2,3,2,3,2,3,2,34,10,2,NA,1,NA,1,NA,NA,1,NA,NA,NA,2,NA,2,NA,NA,2,NA,NA,NA,NA,35,5,NA,NA,NA,NA,NA,NA,NA,NA,NA,NA,NA,NA,5,4,2,95,100,80,100,40,80,40,60,10,60,20,70,0,NA,NA,NA,treatment,Democrat,NA,NA,NA,NA,NA,NA,NA,NA,440,NA,905,NA,NA,NA,NA,NA,NA,NA,NA,NA,NA,27,NA,NA,NA,NA,NA,NA,NA,NA,NA,2,Weak D,1,Democrat,0,Non-MAGA,Slightly liberal,1,4,Treatment D,0,1,Mismatch,10,34,5,35,NA,NA,NA,NA,NA,NA,95,80,40,40,10,20,NA,NA,NA,NA,NA,NA,100,100,80,60,60,70,2.5,medium,1,2.3333333333333335,0,1,0,1,0,0,1,0,0,34,35,10,5,-5,1,-6,1,-5,6,3.6666666666666665,47.5,78.33333333333333,78.33333333333333,NA,63.75,15,85,65,95,80,40,40,10,20,100,100,80,60,60,70
NA,NA,0,NA,100,787,1,NA,NA,NA,NA,NA,NA,38.0685,-78.8895,NA,NA,1,1,2,1,NA,6,4,3,4,4,0,3,3,4,NA,NA,NA,NA,NA,NA,NA,41,71,2,NA,NA,NA,NA,NA,NA,NA,1,NA,NA,NA,NA,NA,NA,NA,NA,5,4,3,1,32,71,40,47,7,19,3,20,9,19,3,9,0,5,NA,NA,NA,NA,NA,NA,NA,NA,NA,NA,NA,NA,NA,NA,NA,1,NA,NA,NA,control,Republican,NA,NA,NA,NA,NA,NA,NA,NA,802,NA,111,NA,NA,NA,NA,NA,NA,NA,NA,NA,NA,71,NA,NA,NA,NA,NA,NA,NA,NA,NA,6,Weak R,2,Republican,1,Non-MAGA,Somewhat conservative,0,1,Control R,0,0,Control,71,41,71,32,40,7,3,9,3,0,NA,NA,NA,NA,NA,NA,47,19,20,19,9,5,NA,NA,NA,NA,NA,NA,3.75,strong,2,3.3333333333333335,0,0,0,0,0,0,0,1,0,71,71,41,32,0,-9,9,0,-9,9,2.6666666666666665,10.333333333333334,19.833333333333332,NA,19.833333333333332,14.75,1.5,26.25,7,40,7,3,9,3,0,47,19,20,19,9,5
NA,NA,0,NA,100,622,1,NA,NA,NA,NA,NA,NA,42.3465,-85.2185,NA,NA,1,1,2,1,NA,6,3,3,2,3,1,4,4,4,NA,NA,NA,NA,NA,NA,NA,44,92,2,NA,NA,NA,NA,NA,1,NA,NA,NA,NA,NA,NA,NA,NA,2,NA,NA,4,2,1,41,93,9,16,2,7,0,6,1,0,0,0,0,0,NA,NA,NA,NA,NA,NA,NA,NA,NA,NA,NA,NA,NA,NA,NA,2,NA,NA,NA,control,Republican,NA,NA,NA,NA,NA,NA,NA,NA,634,NA,93,NA,NA,NA,NA,NA,NA,NA,NA,NA,NA,64,NA,NA,NA,NA,NA,NA,NA,NA,NA,6,Weak R,2,Republican,1,MAGA,Somewhat conservative,0,1,Control R,0,0,Control,92,44,93,41,9,2,0,1,0,0,NA,NA,NA,NA,NA,NA,16,7,6,0,0,0,NA,NA,NA,NA,NA,NA,2.75,medium,1,4,0,0,0,0,0,1,0,0,0,92,93,44,41,1,-3,4,1,-3,4,2.3333333333333335,2,4.833333333333333,NA,4.833333333333333,3,0,7.25,0,9,2,0,1,0,0,16,7,6,0,0,0
NA,NA,0,NA,100,230,1,NA,NA,NA,NA,NA,NA,47.1445,-122.2548,NA,NA,1,1,3,NA,1,4,NA,NA,NA,NA,0,NA,NA,NA,2,1,2,1,4,3,3,45,40,2,NA,NA,NA,NA,NA,NA,NA,NA,1,NA,NA,NA,NA,NA,NA,NA,NA,NA,NA,NA,45,41,NA,NA,NA,NA,NA,NA,NA,NA,NA,NA,NA,NA,3,1,1,60,52,46,44,23,21,10,10,15,14,10,16,0,NA,NA,NA,control,Democrat,NA,NA,NA,NA,NA,NA,NA,NA,257,NA,1211,NA,NA,NA,NA,NA,NA,NA,NA,NA,NA,43,NA,NA,NA,NA,NA,NA,NA,NA,NA,3,Lean D,0,Independent,0,Non-MAGA,Moderate,0,2,Control D,0,0,Control,40,45,41,45,NA,NA,NA,NA,NA,NA,60,46,23,10,15,10,NA,NA,NA,NA,NA,NA,52,44,21,10,14,16,1.5,weak,1,3.3333333333333335,0,0,0,0,0,0,0,0,1,45,45,40,41,1,0,1,0,1,-1,5,27.333333333333332,26.166666666666668,26.166666666666668,NA,34.75,12.5,31.75,15,60,46,23,10,15,10,52,44,21,10,14,16
NA,NA,0,NA,100,299,1,NA,NA,NA,NA,NA,NA,45.5727,-93.2244,NA,NA,1,1,1,2,NA,2,NA,NA,NA,NA,0,NA,NA,NA,5,4,4,5,3,4,3,92,14,2,1,NA,NA,1,1,NA,NA,NA,NA,4,NA,NA,5,4,NA,NA,NA,NA,NA,NA,91,14,NA,NA,NA,NA,NA,NA,NA,NA,NA,NA,NA,NA,5,3,1,40,40,40,50,9,30,14,24,0,30,0,35,0,NA,NA,NA,treatment,Democrat,NA,NA,NA,NA,NA,NA,NA,NA,315,NA,1199,NA,NA,NA,NA,NA,NA,NA,NA,NA,NA,67,NA,NA,NA,NA,NA,NA,NA,NA,NA,1,Strong D,1,Democrat,0,Non-MAGA,Somewhat liberal,1,4,Treatment D,0,1,Mismatch,14,92,14,91,NA,NA,NA,NA,NA,NA,40,40,9,14,0,0,NA,NA,NA,NA,NA,NA,40,50,30,24,30,35,4.5,strong,2,3.3333333333333335,1,0,0,1,1,0,0,0,0,92,91,14,14,0,-1,1,-1,0,-1,3,17.166666666666668,34.833333333333336,34.833333333333336,NA,25.75,0,36,32.5,40,40,9,14,0,0,40,50,30,24,30,35
NA,NA,0,NA,100,534,1,NA,NA,NA,NA,NA,NA,33.553,-84.2338,NA,NA,1,1,2,1,NA,6,3,3,3,3,0,3,3,3,NA,NA,NA,NA,NA,NA,NA,50,85,2,1,NA,NA,NA,NA,NA,1,NA,NA,3,NA,NA,NA,NA,NA,3,NA,4,3,2,40,85,10,30,10,30,0,15,0,10,0,20,0,20,NA,NA,NA,NA,NA,NA,NA,NA,NA,NA,NA,NA,NA,NA,NA,1,NA,NA,NA,treatment,Republican,NA,NA,NA,NA,NA,NA,NA,NA,544,NA,1327,NA,NA,NA,NA,NA,NA,NA,NA,NA,NA,37,NA,NA,NA,NA,NA,NA,NA,NA,NA,6,Weak R,2,Republican,1,Non-MAGA,Somewhat conservative,1,3,Treatment R,1,2,Match,85,50,85,40,10,10,0,0,0,0,NA,NA,NA,NA,NA,NA,30,30,15,10,20,20,NA,NA,NA,NA,NA,NA,3,strong,2,3,1,0,0,0,0,0,1,0,0,85,85,50,40,0,-10,10,0,-10,10,3,3.3333333333333335,20.833333333333332,NA,20.833333333333332,5,0,21.25,20,10,10,0,0,0,0,30,30,15,10,20,20
NA,NA,0,NA,100,356,1,NA,NA,NA,NA,NA,NA,42.0506,-87.719,NA,NA,0.899999976158142,1,2,2,NA,6,4,4,4,4,0,4,4,2,NA,NA,NA,NA,NA,NA,NA,44,78,2,NA,NA,NA,NA,NA,NA,NA,1,NA,NA,NA,NA,NA,NA,NA,NA,4,3,2,3,61,75,82,69,78,75,73,86,57,68,47,40,68,75,NA,NA,NA,NA,NA,NA,NA,NA,NA,NA,NA,NA,NA,NA,NA,1,NA,NA,NA,treatment,Republican,NA,NA,NA,NA,NA,NA,NA,NA,364,NA,95,NA,NA,NA,NA,NA,NA,NA,NA,NA,NA,18,NA,NA,NA,NA,NA,NA,NA,NA,NA,7,Strong R,2,Republican,1,Non-MAGA,Somewhat conservative,1,3,Treatment R,1,2,Match,78,44,75,61,82,78,73,57,47,68,NA,NA,NA,NA,NA,NA,69,75,86,68,40,75,NA,NA,NA,NA,NA,NA,4,strong,2,3.3333333333333335,0,0,0,0,0,0,0,1,0,78,75,44,61,-3,17,-20,-3,17,-20,2.6666666666666665,67.5,68.83333333333333,NA,68.83333333333333,72.5,57.5,74.5,57.5,82,78,73,57,47,68,69,75,86,68,40,75
NA,NA,0,NA,100,275,1,NA,NA,NA,NA,NA,NA,39.9206,-75.1826,NA,NA,1,1,1,2,NA,1,NA,NA,NA,NA,0,NA,NA,NA,2,2,2,2,3,4,2,100,10,2,NA,NA,NA,NA,NA,NA,NA,NA,1,NA,NA,NA,NA,NA,NA,NA,NA,NA,NA,NA,100,11,NA,NA,NA,NA,NA,NA,NA,NA,NA,NA,NA,NA,5,3,1,100,5,50,0,0,0,0,0,0,83,0,100,0,NA,NA,NA,treatment,Democrat,NA,NA,NA,NA,NA,NA,NA,NA,284,NA,4098,NA,NA,NA,NA,NA,NA,NA,NA,NA,NA,49,NA,NA,NA,NA,NA,NA,NA,NA,NA,1,Strong D,1,Democrat,0,Non-MAGA,Very liberal,1,4,Treatment D,0,1,Mismatch,10,100,11,100,NA,NA,NA,NA,NA,NA,100,50,0,0,0,0,NA,NA,NA,NA,NA,NA,5,0,0,0,83,100,2,medium,1,3,0,0,0,0,0,0,0,0,1,100,100,10,11,1,0,1,0,1,-1,3,25,31.333333333333332,31.333333333333332,NA,37.5,0,1.25,91.5,100,50,0,0,0,0,5,0,0,0,83,100
NA,NA,0,NA,100,753,1,NA,NA,NA,NA,NA,NA,42.3914,-83.1493,NA,NA,1,1,1,2,NA,2,NA,NA,NA,NA,0,NA,NA,NA,4,4,3,4,1,1,1,82,0,2,NA,NA,NA,NA,NA,1,NA,1,NA,NA,NA,NA,NA,NA,4,NA,3,NA,NA,NA,96,1,NA,NA,NA,NA,NA,NA,NA,NA,NA,NA,NA,NA,5,5,5,89,84,59,40,50,80,50,50,50,7,20,0,0,NA,NA,NA,control,Democrat,NA,NA,NA,NA,NA,NA,NA,NA,762,NA,242,NA,NA,NA,NA,NA,NA,NA,NA,NA,NA,24,NA,NA,NA,NA,NA,NA,NA,NA,NA,1,Strong D,1,Democrat,0,Non-MAGA,Somewhat liberal,0,2,Control D,0,0,Control,0,82,1,96,NA,NA,NA,NA,NA,NA,89,59,50,50,50,20,NA,NA,NA,NA,NA,NA,84,40,80,50,7,0,3.75,strong,2,1,0,0,0,0,0,1,0,1,0,82,96,0,1,1,14,-13,14,1,13,5,53,43.5,43.5,NA,62,35,63.5,3.5,89,59,50,50,50,20,84,40,80,50,7,0
NA,NA,0,NA,100,1496,1,NA,NA,NA,NA,NA,NA,42.3394,-122.8475,NA,NA,1,1,3,NA,1,4,NA,NA,NA,NA,0,NA,NA,NA,1,2,3,2,4,4,4,100,100,2,1,NA,1,1,NA,1,NA,NA,NA,4,NA,3,4,NA,3,NA,NA,NA,NA,NA,100,100,NA,NA,NA,NA,NA,NA,NA,NA,NA,NA,NA,NA,2,4,3,31,19,19,20,17,18,18,17,19,17,13,15,0,NA,NA,NA,treatment,Democrat,NA,NA,NA,NA,NA,NA,NA,NA,1509,NA,2501,NA,NA,NA,NA,NA,NA,NA,NA,NA,NA,45,NA,NA,NA,NA,NA,NA,NA,NA,NA,3,Lean D,0,Independent,0,Non-MAGA,Moderate,1,4,Treatment D,0,1,Mismatch,100,100,100,100,NA,NA,NA,NA,NA,NA,31,19,17,18,19,13,NA,NA,NA,NA,NA,NA,19,20,18,17,17,15,2,medium,1,4,1,0,1,1,0,1,0,0,0,100,100,100,100,0,0,0,0,0,0,9,19.5,17.666666666666668,17.666666666666668,NA,21.25,16,18.5,16,31,19,17,18,19,13,19,20,18,17,17,15
NA,NA,0,NA,100,425,1,NA,NA,NA,NA,NA,NA,45.5496,-122.5044,NA,NA,1,1,2,2,NA,2,4,4,4,5,1,2,3,2,NA,NA,NA,NA,NA,NA,NA,15,96,2,NA,NA,NA,NA,NA,NA,NA,1,NA,NA,NA,NA,NA,NA,NA,NA,4,4,4,4,7,98,96,56,50,51,92,82,95,85,16,35,17,41,NA,NA,NA,NA,NA,NA,NA,NA,NA,NA,NA,NA,NA,NA,NA,2,NA,NA,NA,control,Republican,NA,NA,NA,NA,NA,NA,NA,NA,436,NA,197,NA,NA,NA,NA,NA,NA,NA,NA,NA,NA,54,NA,NA,NA,NA,NA,NA,NA,NA,NA,7,Strong R,2,Republican,1,MAGA,Somewhat liberal,0,1,Control R,0,0,Control,96,15,98,7,96,50,92,95,16,17,NA,NA,NA,NA,NA,NA,56,51,82,85,35,41,NA,NA,NA,NA,NA,NA,4.25,strong,2,2.3333333333333335,0,0,0,0,0,0,0,1,0,96,98,15,7,2,-8,10,2,-8,10,4,61,58.333333333333336,NA,58.333333333333336,83.25,16.5,68.5,38,96,50,92,95,16,17,56,51,82,85,35,41
NA,NA,0,NA,100,317,1,NA,NA,NA,NA,NA,NA,41.8759,-72.7989,NA,NA,1,1,3,NA,1,3,NA,NA,NA,NA,0,NA,NA,NA,2,2,2,2,3,3,2,49,35,2,NA,NA,NA,NA,1,1,1,NA,NA,NA,NA,NA,NA,3,3,2,NA,NA,NA,NA,49,41,NA,NA,NA,NA,NA,NA,NA,NA,NA,NA,NA,NA,4,2,1,48,45,40,40,10,39,4,15,16,14,11,13,0,NA,NA,NA,control,Democrat,NA,NA,NA,NA,NA,NA,NA,NA,332,NA,7154,NA,NA,NA,NA,NA,NA,NA,NA,NA,NA,55,NA,NA,NA,NA,NA,NA,NA,NA,NA,3,Lean D,0,Independent,0,Non-MAGA,Slightly liberal,0,2,Control D,0,0,Control,35,49,41,49,NA,NA,NA,NA,NA,NA,48,40,10,4,16,11,NA,NA,NA,NA,NA,NA,45,40,39,15,14,13,2,medium,1,2.6666666666666665,0,0,0,0,1,1,1,0,0,49,49,35,41,6,0,6,0,6,-6,7,21.5,27.666666666666668,27.666666666666668,NA,25.5,13.5,34.75,13.5,48,40,10,4,16,11,45,40,39,15,14,13
NA,NA,0,NA,100,241,1,NA,NA,NA,NA,NA,NA,33.9142,-78.1281,NA,NA,1,1,1,1,NA,2,NA,NA,NA,NA,0,NA,NA,NA,3,3,3,4,3,3,3,88,61,2,NA,NA,NA,NA,NA,NA,NA,NA,1,NA,NA,NA,NA,NA,NA,NA,NA,NA,NA,NA,83,51,NA,NA,NA,NA,NA,NA,NA,NA,NA,NA,NA,NA,2,3,2,51,51,44,41,0,0,0,0,0,0,0,0,0,NA,NA,NA,control,Democrat,NA,NA,NA,NA,NA,NA,NA,NA,252,NA,2799,NA,NA,NA,NA,NA,NA,NA,NA,NA,NA,50,NA,NA,NA,NA,NA,NA,NA,NA,NA,2,Weak D,1,Democrat,0,Non-MAGA,Somewhat liberal,0,2,Control D,0,0,Control,61,88,51,83,NA,NA,NA,NA,NA,NA,51,44,0,0,0,0,NA,NA,NA,NA,NA,NA,51,41,0,0,0,0,3.25,strong,2,3,0,0,0,0,0,0,0,0,1,88,83,61,51,-10,-5,-5,-5,-10,5,2.3333333333333335,15.833333333333334,15.333333333333334,15.333333333333334,NA,23.75,0,23,0,51,44,0,0,0,0,51,41,0,0,0,0
NA,NA,0,NA,100,346,1,NA,NA,NA,NA,NA,NA,41.8107,-77.0685,NA,NA,1,1,3,NA,1,1,NA,NA,NA,NA,0,NA,NA,NA,1,2,1,1,1,2,1,20,4,2,1,NA,NA,1,1,1,NA,NA,NA,3,NA,NA,4,4,5,NA,NA,NA,NA,NA,20,5,NA,NA,NA,NA,NA,NA,NA,NA,NA,NA,NA,NA,4,3,2,80,80,85,85,30,30,5,40,40,60,40,75,0,NA,NA,NA,treatment,Democrat,NA,NA,NA,NA,NA,NA,NA,NA,353,NA,487,NA,NA,NA,NA,NA,NA,NA,NA,NA,NA,35,NA,NA,NA,NA,NA,NA,NA,NA,NA,3,Lean D,0,Independent,0,Non-MAGA,Very liberal,1,4,Treatment D,0,1,Mismatch,4,20,5,20,NA,NA,NA,NA,NA,NA,80,85,30,5,40,40,NA,NA,NA,NA,NA,NA,80,85,30,40,60,75,1.25,weak,NA,1.3333333333333333,1,0,0,1,1,1,0,0,0,20,20,4,5,1,0,1,0,1,-1,9,46.666666666666664,61.666666666666664,61.666666666666664,NA,50,40,58.75,67.5,80,85,30,5,40,40,80,85,30,40,60,75
NA,NA,0,NA,100,286,1,NA,NA,NA,NA,NA,NA,33.4571,-112.0669,NA,NA,0.899999976158142,1,1,1,NA,3,NA,NA,NA,NA,0,NA,NA,NA,2,3,2,4,4,4,3,65,40,2,NA,NA,NA,NA,NA,NA,NA,1,NA,NA,NA,NA,NA,NA,NA,NA,3,NA,NA,NA,60,42,NA,NA,NA,NA,NA,NA,NA,NA,NA,NA,NA,NA,4,3,1,55,72,38,58,24,49,31,60,14,30,0,20,0,NA,NA,NA,treatment,Democrat,NA,NA,NA,NA,NA,NA,NA,NA,294,NA,2637,NA,NA,NA,NA,NA,NA,NA,NA,NA,NA,34,NA,NA,NA,NA,NA,NA,NA,NA,NA,2,Weak D,1,Democrat,0,Non-MAGA,Slightly liberal,1,4,Treatment D,0,1,Mismatch,40,65,42,60,NA,NA,NA,NA,NA,NA,55,38,24,31,14,0,NA,NA,NA,NA,NA,NA,72,58,49,60,30,20,2.75,medium,1,3.6666666666666665,0,0,0,0,0,0,0,1,0,65,60,40,42,2,-5,7,-5,2,-7,2.6666666666666665,27,48.166666666666664,48.166666666666664,NA,37,7,59.75,25,55,38,24,31,14,0,72,58,49,60,30,20
NA,NA,0,NA,100,345,1,NA,NA,NA,NA,NA,NA,34.236,-118.5235,NA,NA,1,1,1,1,NA,4,NA,NA,NA,NA,0,NA,NA,NA,3,2,2,2,4,4,4,85,15,2,NA,NA,NA,NA,NA,NA,NA,1,NA,NA,NA,NA,NA,NA,NA,NA,3,NA,NA,NA,85,15,NA,NA,NA,NA,NA,NA,NA,NA,NA,NA,NA,NA,4,4,3,0,85,0,10,0,100,0,60,5,90,0,65,0,NA,NA,NA,control,Democrat,NA,NA,NA,NA,NA,NA,NA,NA,358,NA,278,NA,NA,NA,NA,NA,NA,NA,NA,NA,NA,32,NA,NA,NA,NA,NA,NA,NA,NA,NA,2,Weak D,1,Democrat,0,Non-MAGA,Moderate,0,2,Control D,0,0,Control,15,85,15,85,NA,NA,NA,NA,NA,NA,0,0,0,0,5,0,NA,NA,NA,NA,NA,NA,85,10,100,60,90,65,2.25,medium,1,4,0,0,0,0,0,0,0,1,0,85,85,15,15,0,0,0,0,0,0,3.6666666666666665,0.8333333333333334,68.33333333333333,68.33333333333333,NA,0,2.5,63.75,77.5,0,0,0,0,5,0,85,10,100,60,90,65
NA,NA,0,NA,100,787,1,NA,NA,NA,NA,NA,NA,42.363,-83.3627,NA,NA,0.899999976158142,1,3,NA,1,2,NA,NA,NA,NA,0,NA,NA,NA,1,3,2,2,2,2,2,40,7,2,NA,NA,NA,1,NA,NA,NA,NA,NA,NA,NA,NA,3,NA,NA,NA,NA,NA,NA,NA,40,3,NA,NA,NA,NA,NA,NA,NA,NA,NA,NA,NA,NA,4,4,1,35,60,40,40,15,20,0,5,5,5,0,5,0,NA,NA,NA,treatment,Democrat,NA,NA,NA,NA,NA,NA,NA,NA,932,NA,1300,NA,NA,NA,NA,NA,NA,NA,NA,NA,NA,27,NA,NA,NA,NA,NA,NA,NA,NA,NA,3,Lean D,0,Independent,0,Non-MAGA,Somewhat liberal,1,4,Treatment D,0,1,Mismatch,7,40,3,40,NA,NA,NA,NA,NA,NA,35,40,15,0,5,0,NA,NA,NA,NA,NA,NA,60,40,20,5,5,5,2,medium,1,2,0,0,0,1,0,0,0,0,0,40,40,7,3,-4,0,-4,0,-4,4,9,15.833333333333334,22.5,22.5,NA,22.5,2.5,31.25,5,35,40,15,0,5,0,60,40,20,5,5,5
NA,NA,0,NA,100,215,1,NA,NA,NA,NA,NA,NA,33.0225,-96.729,NA,NA,1,1,1,1,NA,3,NA,NA,NA,NA,0,NA,NA,NA,1,2,1,1,4,4,4,69,41,2,NA,NA,NA,NA,1,1,NA,1,NA,NA,NA,NA,NA,3,4,NA,2,NA,NA,NA,69,44,NA,NA,NA,NA,NA,NA,NA,NA,NA,NA,NA,NA,4,2,4,77,100,99,0,0,0,18,0,0,64,0,73,0,NA,NA,NA,control,Democrat,NA,NA,NA,NA,NA,NA,NA,NA,224,NA,7361,NA,NA,NA,NA,NA,NA,NA,NA,NA,NA,41,NA,NA,NA,NA,NA,NA,NA,NA,NA,2,Weak D,1,Democrat,0,Non-MAGA,Slightly liberal,0,2,Control D,0,0,Control,41,69,44,69,NA,NA,NA,NA,NA,NA,77,99,0,18,0,0,NA,NA,NA,NA,NA,NA,100,0,0,0,64,73,1.25,weak,NA,4,0,0,0,0,1,1,0,1,0,69,69,41,44,3,0,3,0,3,-3,3.3333333333333335,32.333333333333336,39.5,39.5,NA,48.5,0,25,68.5,77,99,0,18,0,0,100,0,0,0,64,73
NA,NA,0,NA,100,467,1,NA,NA,NA,NA,NA,NA,40.6214,-73.9705,NA,NA,1,1,1,2,NA,1,NA,NA,NA,NA,0,NA,NA,NA,4,4,4,4,3,3,2,83,36,2,NA,NA,NA,1,NA,1,NA,NA,NA,NA,NA,NA,5,NA,4,NA,NA,NA,NA,NA,81,38,NA,NA,NA,NA,NA,NA,NA,NA,NA,NA,NA,NA,4,2,2,65,69,39,53,9,40,15,41,2,21,0,11,0,NA,NA,NA,treatment,Democrat,NA,NA,NA,NA,NA,NA,NA,NA,480,NA,182,NA,NA,NA,NA,NA,NA,NA,NA,NA,NA,31,NA,NA,NA,NA,NA,NA,NA,NA,NA,1,Strong D,1,Democrat,0,Non-MAGA,Very liberal,1,4,Treatment D,0,1,Mismatch,36,83,38,81,NA,NA,NA,NA,NA,NA,65,39,9,15,2,0,NA,NA,NA,NA,NA,NA,69,53,40,41,21,11,4,strong,2,2.6666666666666665,0,0,0,1,0,1,0,0,0,83,81,36,38,2,-2,4,-2,2,-4,2.6666666666666665,21.666666666666668,39.166666666666664,39.166666666666664,NA,32,1,50.75,16,65,39,9,15,2,0,69,53,40,41,21,11
NA,NA,0,NA,100,456,1,NA,NA,NA,NA,NA,NA,39.6814,-104.8837,NA,NA,1,1,1,1,NA,1,NA,NA,NA,NA,0,NA,NA,NA,3,3,3,3,2,4,2,81,5,2,1,NA,NA,1,1,1,1,NA,NA,5,NA,NA,5,5,5,4,NA,NA,NA,NA,82,5,NA,NA,NA,NA,NA,NA,NA,NA,NA,NA,NA,NA,5,4,3,5,82,30,5,5,72,0,73,5,90,5,95,0,NA,NA,NA,treatment,Democrat,NA,NA,NA,NA,NA,NA,NA,NA,468,NA,1391,NA,NA,NA,NA,NA,NA,NA,NA,NA,NA,34,NA,NA,NA,NA,NA,NA,NA,NA,NA,2,Weak D,1,Democrat,0,Non-MAGA,Very liberal,1,4,Treatment D,0,1,Mismatch,5,81,5,82,NA,NA,NA,NA,NA,NA,5,30,5,0,5,5,NA,NA,NA,NA,NA,NA,82,5,72,73,90,95,3,strong,2,2.6666666666666665,1,0,0,1,1,1,1,0,0,81,82,5,5,0,1,-1,1,0,1,4,8.333333333333334,69.5,69.5,NA,10,5,58,92.5,5,30,5,0,5,5,82,5,72,73,90,95
NA,NA,0,NA,100,1053,1,NA,NA,NA,NA,NA,NA,41.8993,-84.0402,NA,NA,1,1,1,1,NA,3,NA,NA,NA,NA,0,NA,NA,NA,4,3,4,5,2,3,2,86,25,2,NA,NA,NA,NA,NA,1,NA,1,NA,NA,NA,NA,NA,NA,2,NA,4,NA,NA,NA,89,17,NA,NA,NA,NA,NA,NA,NA,NA,NA,NA,NA,NA,4,3,2,86,94,27,73,8,37,2,54,6,39,7,62,0,NA,NA,NA,control,Democrat,NA,NA,NA,NA,NA,NA,NA,NA,1073,NA,10651,NA,NA,NA,NA,NA,NA,NA,NA,NA,NA,35,NA,NA,NA,NA,NA,NA,NA,NA,NA,2,Weak D,1,Democrat,0,Non-MAGA,Slightly liberal,0,2,Control D,0,0,Control,25,86,17,89,NA,NA,NA,NA,NA,NA,86,27,8,2,6,7,NA,NA,NA,NA,NA,NA,94,73,37,54,39,62,4,strong,2,2.3333333333333335,0,0,0,0,0,1,0,1,0,86,89,25,17,-8,3,-11,3,-8,11,3,22.666666666666668,59.833333333333336,59.833333333333336,NA,30.75,6.5,64.5,50.5,86,27,8,2,6,7,94,73,37,54,39,62
NA,NA,0,NA,100,390,1,NA,NA,NA,NA,NA,NA,42.0401,-91.604,NA,NA,1,1,1,2,NA,1,NA,NA,NA,NA,0,NA,NA,NA,4,4,4,4,1,2,2,82,1,2,1,NA,NA,1,NA,NA,NA,NA,NA,4,NA,NA,5,NA,NA,NA,NA,NA,NA,NA,84,1,NA,NA,NA,NA,NA,NA,NA,NA,NA,NA,NA,NA,4,2,1,28,99,21,94,2,92,5,90,2,92,1,99,0,NA,NA,NA,treatment,Democrat,NA,NA,NA,NA,NA,NA,NA,NA,401,NA,116,NA,NA,NA,NA,NA,NA,NA,NA,NA,NA,46,NA,NA,NA,NA,NA,NA,NA,NA,NA,1,Strong D,1,Democrat,0,Non-MAGA,Very liberal,1,4,Treatment D,0,1,Mismatch,1,82,1,84,NA,NA,NA,NA,NA,NA,28,21,2,5,2,1,NA,NA,NA,NA,NA,NA,99,94,92,90,92,99,4,strong,2,1.6666666666666667,1,0,0,1,0,0,0,0,0,82,84,1,1,0,2,-2,2,0,2,2.3333333333333335,9.833333333333334,94.33333333333333,94.33333333333333,NA,14,1.5,93.75,95.5,28,21,2,5,2,1,99,94,92,90,92,99
NA,NA,0,NA,100,146,1,NA,NA,NA,NA,NA,NA,38.3048,-85.5865,NA,NA,1,1,1,1,NA,3,NA,NA,NA,NA,0,NA,NA,NA,3,3,3,3,2,2,4,71,30,2,NA,NA,NA,NA,NA,1,NA,NA,NA,NA,NA,NA,NA,NA,3,NA,NA,NA,NA,NA,72,29,NA,NA,NA,NA,NA,NA,NA,NA,NA,NA,NA,NA,4,4,3,21,20,0,0,0,0,0,0,0,0,0,0,0,NA,NA,NA,treatment,Democrat,NA,NA,NA,NA,NA,NA,NA,NA,153,NA,10836,NA,NA,NA,NA,NA,NA,NA,NA,NA,NA,33,NA,NA,NA,NA,NA,NA,NA,NA,NA,2,Weak D,1,Democrat,0,Non-MAGA,Slightly liberal,1,4,Treatment D,0,1,Mismatch,30,71,29,72,NA,NA,NA,NA,NA,NA,21,0,0,0,0,0,NA,NA,NA,NA,NA,NA,20,0,0,0,0,0,3,strong,2,2.6666666666666665,0,0,0,0,0,1,0,0,0,71,72,30,29,-1,1,-2,1,-1,2,3.6666666666666665,3.5,3.3333333333333335,3.3333333333333335,NA,5.25,0,5,0,21,0,0,0,0,0,20,0,0,0,0,0
NA,NA,0,NA,100,319,1,NA,NA,NA,NA,NA,NA,27.787,-82.6761,NA,NA,0.899999976158142,1,3,NA,1,2,NA,NA,NA,NA,0,NA,NA,NA,3,2,2,3,2,3,2,30,0,2,NA,NA,NA,NA,NA,NA,NA,NA,1,NA,NA,NA,NA,NA,NA,NA,NA,NA,NA,NA,30,0,NA,NA,NA,NA,NA,NA,NA,NA,NA,NA,NA,NA,3,3,1,50,50,0,70,0,70,0,60,10,60,0,55,0,NA,NA,NA,control,Democrat,NA,NA,NA,NA,NA,NA,NA,NA,326,NA,1453,NA,NA,NA,NA,NA,NA,NA,NA,NA,NA,31,NA,NA,NA,NA,NA,NA,NA,NA,NA,3,Lean D,0,Independent,0,Non-MAGA,Somewhat liberal,0,2,Control D,0,0,Control,0,30,0,30,NA,NA,NA,NA,NA,NA,50,0,0,0,10,0,NA,NA,NA,NA,NA,NA,50,70,70,60,60,55,2.5,medium,1,2.3333333333333335,0,0,0,0,0,0,0,0,1,30,30,0,0,0,0,0,0,0,0,7,10,60.833333333333336,60.833333333333336,NA,12.5,5,62.5,57.5,50,0,0,0,10,0,50,70,70,60,60,55
NA,NA,0,NA,100,358,1,NA,NA,NA,NA,NA,NA,42.6002,-83.0033,NA,NA,1,1,1,2,NA,2,NA,NA,NA,NA,0,NA,NA,NA,3,4,3,4,1,1,2,50,0,2,NA,NA,NA,NA,NA,1,NA,NA,NA,NA,NA,NA,NA,NA,3,NA,NA,NA,NA,NA,50,0,NA,NA,NA,NA,NA,NA,NA,NA,NA,NA,NA,NA,5,5,1,20,75,20,65,0,100,0,100,0,0,0,100,0,NA,NA,NA,control,Democrat,NA,NA,NA,NA,NA,NA,NA,NA,370,NA,369,NA,NA,NA,NA,NA,NA,NA,NA,NA,NA,44,NA,NA,NA,NA,NA,NA,NA,NA,NA,1,Strong D,1,Democrat,0,Non-MAGA,Somewhat liberal,0,2,Control D,0,0,Control,0,50,0,50,NA,NA,NA,NA,NA,NA,20,20,0,0,0,0,NA,NA,NA,NA,NA,NA,75,65,100,100,0,100,3.5,strong,2,1.3333333333333333,0,0,0,0,0,1,0,0,0,50,50,0,0,0,0,0,0,0,0,3.6666666666666665,6.666666666666667,73.33333333333333,73.33333333333333,NA,10,0,85,50,20,20,0,0,0,0,75,65,100,100,0,100
NA,NA,0,NA,100,460,1,NA,NA,NA,NA,NA,NA,39.1547,-84.5911,NA,NA,1,1,1,2,NA,1,NA,NA,NA,NA,0,NA,NA,NA,4,4,3,4,1,2,1,64,2,2,NA,NA,NA,NA,NA,1,NA,1,NA,NA,NA,NA,NA,NA,4,NA,2,NA,NA,NA,63,3,NA,NA,NA,NA,NA,NA,NA,NA,NA,NA,NA,NA,4,5,3,96,100,23,74,11,38,4,18,15,31,19,40,0,NA,NA,NA,control,Democrat,NA,NA,NA,NA,NA,NA,NA,NA,469,NA,2207,NA,NA,NA,NA,NA,NA,NA,NA,NA,NA,22,NA,NA,NA,NA,NA,NA,NA,NA,NA,1,Strong D,1,Democrat,0,Non-MAGA,Very liberal,0,2,Control D,0,0,Control,2,64,3,63,NA,NA,NA,NA,NA,NA,96,23,11,4,15,19,NA,NA,NA,NA,NA,NA,100,74,38,18,31,40,3.75,strong,2,1.3333333333333333,0,0,0,0,0,1,0,1,0,64,63,2,3,1,-1,2,-1,1,-2,4,28,50.166666666666664,50.166666666666664,NA,33.5,17,57.5,35.5,96,23,11,4,15,19,100,74,38,18,31,40
NA,NA,0,NA,100,327,1,NA,NA,NA,NA,NA,NA,44.2433,-88.3564,NA,NA,0.899999976158142,1,2,1,NA,6,3,3,1,3,0,3,3,2,NA,NA,NA,NA,NA,NA,NA,13,71,2,NA,NA,NA,NA,NA,NA,NA,NA,1,NA,NA,NA,NA,NA,NA,NA,NA,5,5,5,18,NA,22,29,29,24,5,2,0,4,2,1,2,4,NA,NA,NA,NA,NA,NA,NA,NA,NA,NA,NA,NA,NA,NA,NA,1,NA,NA,NA,treatment,Republican,NA,NA,NA,NA,NA,NA,NA,NA,357,NA,4014,NA,NA,NA,NA,NA,NA,NA,NA,NA,NA,56,NA,NA,NA,NA,NA,NA,NA,NA,NA,6,Weak R,2,Republican,1,Non-MAGA,Somewhat conservative,1,3,Treatment R,1,2,Match,71,13,NA,18,22,29,5,0,2,2,NA,NA,NA,NA,NA,NA,29,24,2,4,1,4,NA,NA,NA,NA,NA,NA,2.5,medium,1,2.6666666666666665,0,0,0,0,0,0,0,0,1,71,NA,13,18,NA,5,NA,NA,5,NA,5,10,10.666666666666666,NA,10.666666666666666,14,2,14.75,2.5,22,29,5,0,2,2,29,24,2,4,1,4
NA,NA,0,NA,100,433,1,NA,NA,NA,NA,NA,NA,34.0308,-118.473,NA,NA,1,1,1,2,NA,1,NA,NA,NA,NA,0,NA,NA,NA,4,3,3,3,2,4,2,72,19,2,1,NA,NA,1,1,1,1,NA,NA,4,NA,NA,5,3,4,3,NA,NA,NA,NA,71,19,NA,NA,NA,NA,NA,NA,NA,NA,NA,NA,NA,NA,4,2,1,93,90,75,72,0,20,9,15,72,82,65,70,0,NA,NA,NA,treatment,Democrat,NA,NA,NA,NA,NA,NA,NA,NA,443,NA,330,NA,NA,NA,NA,NA,NA,NA,NA,NA,NA,27,NA,NA,NA,NA,NA,NA,NA,NA,NA,1,Strong D,1,Democrat,0,Non-MAGA,Very liberal,1,4,Treatment D,0,1,Mismatch,19,72,19,71,NA,NA,NA,NA,NA,NA,93,75,0,9,72,65,NA,NA,NA,NA,NA,NA,90,72,20,15,82,70,3.25,strong,2,2.6666666666666665,1,0,0,1,1,1,1,0,0,72,71,19,19,0,-1,1,-1,0,-1,2.3333333333333335,52.333333333333336,58.166666666666664,58.166666666666664,NA,44.25,68.5,49.25,76,93,75,0,9,72,65,90,72,20,15,82,70
NA,NA,0,NA,100,367,1,NA,NA,NA,NA,NA,NA,40.7126,-74.0066,NA,NA,1,1,3,NA,3,5,1,2,2,2,0,4,4,4,NA,NA,NA,NA,NA,NA,NA,9,38,2,NA,NA,NA,NA,NA,NA,NA,NA,1,NA,NA,NA,NA,NA,NA,NA,NA,4,3,4,8,37,42,71,29,58,16,32,33,35,20,38,20,30,NA,NA,NA,NA,NA,NA,NA,NA,NA,NA,NA,NA,NA,NA,NA,1,NA,NA,NA,treatment,Republican,NA,NA,NA,NA,NA,NA,NA,NA,376,NA,1678,NA,NA,NA,NA,NA,NA,NA,NA,NA,NA,26,NA,NA,NA,NA,NA,NA,NA,NA,NA,5,Lean R,0,Independent,1,Non-MAGA,Slightly conservative,1,3,Treatment R,1,2,Match,38,9,37,8,42,29,16,33,20,20,NA,NA,NA,NA,NA,NA,71,58,32,35,38,30,NA,NA,NA,NA,NA,NA,1.75,medium,1,4,0,0,0,0,0,0,0,0,1,38,37,9,8,-1,-1,0,-1,-1,0,3.6666666666666665,26.666666666666668,44,NA,44,30,20,49,34,42,29,16,33,20,20,71,58,32,35,38,30
NA,NA,0,NA,100,338,1,NA,NA,NA,NA,NA,NA,39.8661,-104.9197,NA,NA,1,1,2,2,NA,6,2,3,3,3,0,3,3,2,NA,NA,NA,NA,NA,NA,NA,25,75,2,NA,NA,NA,NA,NA,NA,NA,NA,1,NA,NA,NA,NA,NA,NA,NA,NA,5,3,4,24,76,19,28,0,25,0,14,0,20,0,13,0,18,NA,NA,NA,NA,NA,NA,NA,NA,NA,NA,NA,NA,NA,NA,NA,1,NA,NA,NA,control,Republican,NA,NA,NA,NA,NA,NA,NA,NA,349,NA,169,NA,NA,NA,NA,NA,NA,NA,NA,NA,NA,47,NA,NA,NA,NA,NA,NA,NA,NA,NA,7,Strong R,2,Republican,1,Non-MAGA,Somewhat conservative,0,1,Control R,0,0,Control,75,25,76,24,19,0,0,0,0,0,NA,NA,NA,NA,NA,NA,28,25,14,20,13,18,NA,NA,NA,NA,NA,NA,2.75,medium,1,2.6666666666666665,0,0,0,0,0,0,0,0,1,75,76,25,24,1,-1,2,1,-1,2,4,3.1666666666666665,19.666666666666668,NA,19.666666666666668,4.75,0,21.75,15.5,19,0,0,0,0,0,28,25,14,20,13,18
NA,NA,0,NA,100,258,1,NA,NA,NA,NA,NA,NA,40.3018,-74.8767,NA,NA,1,1,2,1,NA,4,2,2,2,2,0,4,4,4,NA,NA,NA,NA,NA,NA,NA,27,60,2,NA,NA,NA,1,NA,NA,NA,NA,NA,NA,NA,NA,3,NA,NA,NA,NA,4,2,1,27,61,29,60,0,6,0,0,0,0,0,0,0,0,NA,NA,NA,NA,NA,NA,NA,NA,NA,NA,NA,NA,NA,NA,NA,1,NA,NA,NA,treatment,Republican,NA,NA,NA,NA,NA,NA,NA,NA,266,NA,4494,NA,NA,NA,NA,NA,NA,NA,NA,NA,NA,53,NA,NA,NA,NA,NA,NA,NA,NA,NA,6,Weak R,2,Republican,1,Non-MAGA,Moderate,1,3,Treatment R,1,2,Match,60,27,61,27,29,0,0,0,0,0,NA,NA,NA,NA,NA,NA,60,6,0,0,0,0,NA,NA,NA,NA,NA,NA,2,medium,1,4,0,0,0,1,0,0,0,0,0,60,61,27,27,1,0,1,1,0,1,2.3333333333333335,4.833333333333333,11,NA,11,7.25,0,16.5,0,29,0,0,0,0,0,60,6,0,0,0,0
NA,NA,0,NA,100,227,1,NA,NA,NA,NA,NA,NA,40.7307,-73.7932,NA,NA,1,1,1,1,NA,3,NA,NA,NA,NA,0,NA,NA,NA,3,3,4,3,3,3,3,85,30,2,NA,1,1,NA,NA,1,NA,NA,NA,NA,2,3,NA,NA,4,NA,NA,NA,NA,NA,85,25,NA,NA,NA,NA,NA,NA,NA,NA,NA,NA,NA,NA,4,2,2,65,50,30,25,0,0,10,10,0,70,0,80,0,NA,NA,NA,control,Democrat,NA,NA,NA,NA,NA,NA,NA,NA,234,NA,690,NA,NA,NA,NA,NA,NA,NA,NA,NA,NA,25,NA,NA,NA,NA,NA,NA,NA,NA,NA,2,Weak D,1,Democrat,0,Non-MAGA,Slightly liberal,0,2,Control D,0,0,Control,30,85,25,85,NA,NA,NA,NA,NA,NA,65,30,0,10,0,0,NA,NA,NA,NA,NA,NA,50,25,0,10,70,80,3.25,strong,2,3,0,1,1,0,0,1,0,0,0,85,85,30,25,-5,0,-5,0,-5,5,2.6666666666666665,17.5,39.166666666666664,39.166666666666664,NA,26.25,0,21.25,75,65,30,0,10,0,0,50,25,0,10,70,80
NA,NA,0,NA,100,233,1,NA,NA,NA,NA,NA,NA,39.5294,-107.3272,NA,NA,1,1,1,1,NA,3,NA,NA,NA,NA,0,NA,NA,NA,3,3,3,4,3,3,3,75,30,2,NA,NA,NA,NA,NA,NA,NA,NA,1,NA,NA,NA,NA,NA,NA,NA,NA,NA,NA,NA,75,30,NA,NA,NA,NA,NA,NA,NA,NA,NA,NA,NA,NA,3,4,3,50,50,0,0,0,0,0,0,0,0,0,46,0,NA,NA,NA,control,Democrat,NA,NA,NA,NA,NA,NA,NA,NA,244,NA,494,NA,NA,NA,NA,NA,NA,NA,NA,NA,NA,40,NA,NA,NA,NA,NA,NA,NA,NA,NA,2,Weak D,1,Democrat,0,Non-MAGA,Slightly liberal,0,2,Control D,0,0,Control,30,75,30,75,NA,NA,NA,NA,NA,NA,50,0,0,0,0,0,NA,NA,NA,NA,NA,NA,50,0,0,0,0,46,3.25,strong,2,3,0,0,0,0,0,0,0,0,1,75,75,30,30,0,0,0,0,0,0,3.3333333333333335,8.333333333333334,16,16,NA,12.5,0,12.5,23,50,0,0,0,0,0,50,0,0,0,0,46
NA,NA,0,NA,100,231,1,NA,NA,NA,NA,NA,NA,30.5218,-84.2626,NA,NA,1,1,1,2,NA,1,NA,NA,NA,NA,0,NA,NA,NA,3,3,2,3,2,4,2,60,0,2,NA,NA,NA,NA,NA,NA,NA,NA,1,NA,NA,NA,NA,NA,NA,NA,NA,NA,NA,NA,60,0,NA,NA,NA,NA,NA,NA,NA,NA,NA,NA,NA,NA,5,4,1,45,45,40,40,20,20,1,1,0,0,0,20,0,NA,NA,NA,treatment,Democrat,NA,NA,NA,NA,NA,NA,NA,NA,237,NA,3229,NA,NA,NA,NA,NA,NA,NA,NA,NA,NA,48,NA,NA,NA,NA,NA,NA,NA,NA,NA,1,Strong D,1,Democrat,0,Non-MAGA,Very liberal,1,4,Treatment D,0,1,Mismatch,0,60,0,60,NA,NA,NA,NA,NA,NA,45,40,20,1,0,0,NA,NA,NA,NA,NA,NA,45,40,20,1,0,20,2.75,medium,1,2.6666666666666665,0,0,0,0,0,0,0,0,1,60,60,0,0,0,0,0,0,0,0,3.3333333333333335,17.666666666666668,21,21,NA,26.5,0,26.5,10,45,40,20,1,0,0,45,40,20,1,0,20
NA,NA,0,NA,100,454,1,NA,NA,NA,NA,NA,NA,35.9412,-80.4092,NA,NA,1,1,3,NA,1,3,NA,NA,NA,NA,0,NA,NA,NA,4,3,2,3,2,2,2,80,1,2,NA,1,NA,1,NA,NA,NA,NA,NA,NA,4,NA,5,NA,NA,NA,NA,NA,NA,NA,81,1,NA,NA,NA,NA,NA,NA,NA,NA,NA,NA,NA,NA,5,4,3,100,100,20,20,0,0,0,0,2,50,1,50,0,NA,NA,NA,treatment,Democrat,NA,NA,NA,NA,NA,NA,NA,NA,480,NA,5891,NA,NA,NA,NA,NA,NA,NA,NA,NA,NA,67,NA,NA,NA,NA,NA,NA,NA,NA,NA,3,Lean D,0,Independent,0,Non-MAGA,Slightly liberal,1,4,Treatment D,0,1,Mismatch,1,80,1,81,NA,NA,NA,NA,NA,NA,100,20,0,0,2,1,NA,NA,NA,NA,NA,NA,100,20,0,0,50,50,3,strong,2,2,0,1,0,1,0,0,0,0,0,80,81,1,1,0,1,-1,1,0,1,12,20.5,36.666666666666664,36.666666666666664,NA,30,1.5,30,50,100,20,0,0,2,1,100,20,0,0,50,50
NA,NA,0,NA,100,404,1,NA,NA,NA,NA,NA,NA,42.4444,-76.4926,NA,NA,1,1,1,1,NA,1,NA,NA,NA,NA,0,NA,NA,NA,2,2,1,1,1,1,1,60,5,2,1,NA,NA,1,1,1,1,NA,NA,5,NA,NA,5,4,4,4,NA,NA,NA,NA,62,1,NA,NA,NA,NA,NA,NA,NA,NA,NA,NA,NA,NA,5,5,5,96,93,100,100,35,66,29,65,66,75,75,71,0,NA,NA,NA,treatment,Democrat,NA,NA,NA,NA,NA,NA,NA,NA,421,NA,3313,NA,NA,NA,NA,NA,NA,NA,NA,NA,NA,27,NA,NA,NA,NA,NA,NA,NA,NA,NA,2,Weak D,1,Democrat,0,Non-MAGA,Very liberal,1,4,Treatment D,0,1,Mismatch,5,60,1,62,NA,NA,NA,NA,NA,NA,96,100,35,29,66,75,NA,NA,NA,NA,NA,NA,93,100,66,65,75,71,1.5,weak,1,1,1,0,0,1,1,1,1,0,0,60,62,5,1,-4,2,-6,2,-4,6,5,66.83333333333333,78.33333333333333,78.33333333333333,NA,65,70.5,81,73,96,100,35,29,66,75,93,100,66,65,75,71
NA,NA,0,NA,100,788,1,NA,NA,NA,NA,NA,NA,42.8482,-73.7863,NA,NA,1,1,1,1,NA,3,NA,NA,NA,NA,0,NA,NA,NA,3,3,4,4,2,3,2,70,10,2,NA,NA,NA,NA,NA,NA,NA,NA,1,NA,NA,NA,NA,NA,NA,NA,NA,NA,NA,NA,70,10,NA,NA,NA,NA,NA,NA,NA,NA,NA,NA,NA,NA,5,5,3,10,70,5,70,0,30,0,29,0,30,0,35,0,NA,NA,NA,control,Democrat,NA,NA,NA,NA,NA,NA,NA,NA,808,NA,1946,NA,NA,NA,NA,NA,NA,NA,NA,NA,NA,51,NA,NA,NA,NA,NA,NA,NA,NA,NA,2,Weak D,1,Democrat,0,Non-MAGA,Slightly liberal,0,2,Control D,0,0,Control,10,70,10,70,NA,NA,NA,NA,NA,NA,10,5,0,0,0,0,NA,NA,NA,NA,NA,NA,70,70,30,29,30,35,3.5,strong,2,2.3333333333333335,0,0,0,0,0,0,0,0,1,70,70,10,10,0,0,0,0,0,0,4.333333333333333,2.5,44,44,NA,3.75,0,49.75,32.5,10,5,0,0,0,0,70,70,30,29,30,35
NA,NA,0,NA,100,421,1,NA,NA,NA,NA,NA,NA,42.6854,-83.9127,NA,NA,1,1,2,2,NA,7,5,5,5,5,1,2,2,1,NA,NA,NA,NA,NA,NA,NA,2,99,2,NA,NA,NA,NA,NA,NA,NA,1,NA,NA,NA,NA,NA,NA,NA,NA,3,5,5,5,5,100,100,100,19,84,30,41,20,21,19,10,9,10,NA,NA,NA,NA,NA,NA,NA,NA,NA,NA,NA,NA,NA,NA,NA,2,NA,NA,NA,control,Republican,NA,NA,NA,NA,NA,NA,NA,NA,448,NA,2851,NA,NA,NA,NA,NA,NA,NA,NA,NA,NA,30,NA,NA,NA,NA,NA,NA,NA,NA,NA,7,Strong R,2,Republican,1,MAGA,Very conservative,0,1,Control R,0,0,Control,99,2,100,5,100,19,30,20,19,9,NA,NA,NA,NA,NA,NA,100,84,41,21,10,10,NA,NA,NA,NA,NA,NA,5,strong,2,1.6666666666666667,0,0,0,0,0,0,0,1,0,99,100,2,5,1,3,-2,1,3,-2,5,32.833333333333336,44.333333333333336,NA,44.333333333333336,42.25,14,61.5,10,100,19,30,20,19,9,100,84,41,21,10,10
NA,NA,0,NA,100,1242,1,NA,NA,NA,NA,NA,NA,39.3248,-76.6062,NA,NA,1,1,1,2,NA,1,NA,NA,NA,NA,0,NA,NA,NA,5,5,1,4,3,3,3,96,64,2,NA,NA,NA,NA,NA,NA,NA,1,NA,NA,NA,NA,NA,NA,NA,NA,3,NA,NA,NA,96,60,NA,NA,NA,NA,NA,NA,NA,NA,NA,NA,NA,NA,4,1,3,0,0,0,0,0,0,0,0,0,56,0,57,0,NA,NA,NA,control,Democrat,NA,NA,NA,NA,NA,NA,NA,NA,1526,NA,4569,NA,NA,NA,NA,NA,NA,NA,NA,NA,NA,38,NA,NA,NA,NA,NA,NA,NA,NA,NA,1,Strong D,1,Democrat,0,Non-MAGA,Very liberal,0,2,Control D,0,0,Control,64,96,60,96,NA,NA,NA,NA,NA,NA,0,0,0,0,0,0,NA,NA,NA,NA,NA,NA,0,0,0,0,56,57,3.75,strong,2,3,0,0,0,0,0,0,0,1,0,96,96,64,60,-4,0,-4,0,-4,4,2.6666666666666665,0,18.833333333333332,18.833333333333332,NA,0,0,0,56.5,0,0,0,0,0,0,0,0,0,0,56,57
NA,NA,0,NA,100,373,1,NA,NA,NA,NA,NA,NA,40.5076,-78.3925,NA,NA,1,1,2,2,NA,6,3,3,1,2,1,4,3,3,NA,NA,NA,NA,NA,NA,NA,38,50,2,NA,NA,NA,NA,NA,NA,NA,NA,1,NA,NA,NA,NA,NA,NA,NA,NA,3,4,1,42,52,0,63,0,53,0,0,0,0,0,0,0,2,NA,NA,NA,NA,NA,NA,NA,NA,NA,NA,NA,NA,NA,NA,NA,2,NA,NA,NA,treatment,Republican,NA,NA,NA,NA,NA,NA,NA,NA,390,NA,5751,NA,NA,NA,NA,NA,NA,NA,NA,NA,NA,59,NA,NA,NA,NA,NA,NA,NA,NA,NA,7,Strong R,2,Republican,1,MAGA,Somewhat conservative,1,3,Treatment R,1,2,Match,50,38,52,42,0,0,0,0,0,0,NA,NA,NA,NA,NA,NA,63,53,0,0,0,2,NA,NA,NA,NA,NA,NA,2.25,medium,1,3.3333333333333335,0,0,0,0,0,0,0,0,1,50,52,38,42,2,4,-2,2,4,-2,2.6666666666666665,0,19.666666666666668,NA,19.666666666666668,0,0,29,1,0,0,0,0,0,0,63,53,0,0,0,2
NA,NA,0,NA,100,437,1,NA,NA,NA,NA,NA,NA,38.867,-76.8173,NA,NA,1,1,1,2,NA,2,NA,NA,NA,NA,0,NA,NA,NA,4,4,2,4,4,4,4,90,85,2,NA,NA,NA,NA,NA,NA,NA,1,NA,NA,NA,NA,NA,NA,NA,NA,3,NA,NA,NA,90,85,NA,NA,NA,NA,NA,NA,NA,NA,NA,NA,NA,NA,2,2,2,15,30,0,10,0,3,0,3,0,10,0,5,0,NA,NA,NA,control,Democrat,NA,NA,NA,NA,NA,NA,NA,NA,451,NA,54,NA,NA,NA,NA,NA,NA,NA,NA,NA,NA,25,NA,NA,NA,NA,NA,NA,NA,NA,NA,1,Strong D,1,Democrat,0,Non-MAGA,Somewhat liberal,0,2,Control D,0,0,Control,85,90,85,90,NA,NA,NA,NA,NA,NA,15,0,0,0,0,0,NA,NA,NA,NA,NA,NA,30,10,3,3,10,5,3.5,strong,2,4,0,0,0,0,0,0,0,1,0,90,90,85,85,0,0,0,0,0,0,2,2.5,10.166666666666666,10.166666666666666,NA,3.75,0,11.5,7.5,15,0,0,0,0,0,30,10,3,3,10,5
NA,NA,0,NA,100,849,1,NA,NA,NA,NA,NA,NA,37.3392,-77.4175,NA,NA,1,1,3,NA,3,4,2,2,3,2,0,4,4,4,NA,NA,NA,NA,NA,NA,NA,75,80,2,NA,NA,NA,NA,NA,NA,NA,1,NA,NA,NA,NA,NA,NA,NA,NA,4,1,1,1,50,50,50,93,0,50,0,50,0,55,0,50,0,50,NA,NA,NA,NA,NA,NA,NA,NA,NA,NA,NA,NA,NA,NA,NA,1,NA,NA,NA,control,Republican,NA,NA,NA,NA,NA,NA,NA,NA,870,NA,1884,NA,NA,NA,NA,NA,NA,NA,NA,NA,NA,54,NA,NA,NA,NA,NA,NA,NA,NA,NA,5,Lean R,0,Independent,1,Non-MAGA,Moderate,0,1,Control R,0,0,Control,80,75,50,50,50,0,0,0,0,0,NA,NA,NA,NA,NA,NA,93,50,50,55,50,50,NA,NA,NA,NA,NA,NA,2.25,medium,1,4,0,0,0,0,0,0,0,1,0,80,50,75,50,-30,-25,-5,-30,-25,-5,1,8.333333333333334,58,NA,58,12.5,0,62,50,50,0,0,0,0,0,93,50,50,55,50,50
NA,NA,0,NA,100,248,1,NA,NA,NA,NA,NA,NA,39.2102,-94.637200000000007,NA,NA,1,1,1,2,NA,1,NA,NA,NA,NA,0,NA,NA,NA,4,4,3,5,1,1,1,80,0,2,NA,NA,NA,NA,1,1,1,NA,NA,NA,NA,NA,NA,4,4,5,NA,NA,NA,NA,80,0,NA,NA,NA,NA,NA,NA,NA,NA,NA,NA,NA,NA,5,4,3,50,50,45,45,25,25,20,20,15,15,30,60,0,NA,NA,NA,control,Democrat,NA,NA,NA,NA,NA,NA,NA,NA,265,NA,2335,NA,NA,NA,NA,NA,NA,NA,NA,NA,NA,62,NA,NA,NA,NA,NA,NA,NA,NA,NA,1,Strong D,1,Democrat,0,Non-MAGA,Very liberal,0,2,Control D,0,0,Control,0,80,0,80,NA,NA,NA,NA,NA,NA,50,45,25,20,15,30,NA,NA,NA,NA,NA,NA,50,45,25,20,15,60,4,strong,2,1,0,0,0,0,1,1,1,0,0,80,80,0,0,0,0,0,0,0,0,4,30.833333333333332,35.833333333333336,35.833333333333336,NA,35,22.5,35,37.5,50,45,25,20,15,30,50,45,25,20,15,60
NA,NA,0,NA,100,306,1,NA,NA,NA,NA,NA,NA,34.126,-84.5752,NA,NA,0.899999976158142,1,3,NA,1,4,NA,NA,NA,NA,0,NA,NA,NA,3,2,1,3,3,4,3,55,45,2,NA,NA,NA,NA,NA,NA,NA,NA,1,NA,NA,NA,NA,NA,NA,NA,NA,NA,NA,NA,57,44,NA,NA,NA,NA,NA,NA,NA,NA,NA,NA,NA,NA,2,1,1,25,25,33,33,0,0,2,2,0,15,0,20,0,NA,NA,NA,control,Democrat,NA,NA,NA,NA,NA,NA,NA,NA,312,NA,663,NA,NA,NA,NA,NA,NA,NA,NA,NA,NA,30,NA,NA,NA,NA,NA,NA,NA,NA,NA,3,Lean D,0,Independent,0,Non-MAGA,Moderate,0,2,Control D,0,0,Control,45,55,44,57,NA,NA,NA,NA,NA,NA,25,33,0,2,0,0,NA,NA,NA,NA,NA,NA,25,33,0,2,15,20,2.25,medium,1,3.3333333333333335,0,0,0,0,0,0,0,0,1,55,57,45,44,-1,2,-3,2,-1,3,4,10,15.833333333333334,15.833333333333334,NA,15,0,15,17.5,25,33,0,2,0,0,25,33,0,2,15,20
NA,NA,0,NA,100,444,1,NA,NA,NA,NA,NA,NA,47.1285,-119.2883,NA,NA,1,1,2,2,NA,6,4,4,4,4,1,3,4,3,NA,NA,NA,NA,NA,NA,NA,0,80,2,NA,NA,NA,NA,NA,1,NA,NA,NA,NA,NA,NA,NA,NA,3,NA,NA,4,4,4,0,80,0,0,0,0,0,0,0,0,0,0,0,0,NA,NA,NA,NA,NA,NA,NA,NA,NA,NA,NA,NA,NA,NA,NA,2,NA,NA,NA,treatment,Republican,NA,NA,NA,NA,NA,NA,NA,NA,458,NA,2481,NA,NA,NA,NA,NA,NA,NA,NA,NA,NA,46,NA,NA,NA,NA,NA,NA,NA,NA,NA,7,Strong R,2,Republican,1,MAGA,Somewhat conservative,1,3,Treatment R,1,2,Match,80,0,80,0,0,0,0,0,0,0,NA,NA,NA,NA,NA,NA,0,0,0,0,0,0,NA,NA,NA,NA,NA,NA,4,strong,2,3.3333333333333335,0,0,0,0,0,1,0,0,0,80,80,0,0,0,0,0,0,0,0,4,0,0,NA,0,0,0,0,0,0,0,0,0,0,0,0,0,0,0,0,0
NA,NA,0,NA,100,448,1,NA,NA,NA,NA,NA,NA,37.0142,-93.1986,NA,NA,1,1,1,2,NA,4,NA,NA,NA,NA,0,NA,NA,NA,1,2,1,2,4,4,3,65,4,2,NA,NA,NA,NA,NA,NA,NA,NA,1,NA,NA,NA,NA,NA,NA,NA,NA,NA,NA,NA,65,9,NA,NA,NA,NA,NA,NA,NA,NA,NA,NA,NA,NA,5,1,1,19,85,0,82,0,75,0,80,0,81,NA,NA,0,NA,NA,NA,control,Democrat,NA,NA,NA,NA,NA,NA,NA,NA,457,NA,48,NA,NA,NA,NA,NA,NA,NA,NA,NA,NA,44,NA,NA,NA,NA,NA,NA,NA,NA,NA,1,Strong D,1,Democrat,0,Non-MAGA,Moderate,0,2,Control D,0,0,Control,4,65,9,65,NA,NA,NA,NA,NA,NA,19,0,0,0,0,NA,NA,NA,NA,NA,NA,NA,85,82,75,80,81,NA,1.5,weak,1,3.6666666666666665,0,0,0,0,0,0,0,0,1,65,65,4,9,5,0,5,0,5,-5,2.3333333333333335,NA,NA,NA,NA,4.75,NA,80.5,NA,19,0,0,0,0,NA,85,82,75,80,81,NA
NA,NA,0,NA,100,495,1,NA,NA,NA,NA,NA,NA,30.6032,-96.3136,NA,NA,1,1,1,2,NA,1,NA,NA,NA,NA,0,NA,NA,NA,5,5,5,5,3,3,3,90,9,2,1,1,NA,1,1,1,1,NA,NA,5,5,NA,4,3,3,3,NA,NA,NA,NA,90,12,NA,NA,NA,NA,NA,NA,NA,NA,NA,NA,NA,NA,5,4,1,0,63,0,30,0,6,0,28,0,5,0,5,0,NA,NA,NA,treatment,Democrat,NA,NA,NA,NA,NA,NA,NA,NA,510,NA,2654,NA,NA,NA,NA,NA,NA,NA,NA,NA,NA,72,NA,NA,NA,NA,NA,NA,NA,NA,NA,1,Strong D,1,Democrat,0,Non-MAGA,Very liberal,1,4,Treatment D,0,1,Mismatch,9,90,12,90,NA,NA,NA,NA,NA,NA,0,0,0,0,0,0,NA,NA,NA,NA,NA,NA,63,30,6,28,5,5,5,strong,2,3,1,1,0,1,1,1,1,0,0,90,90,9,12,3,0,3,0,3,-3,3.3333333333333335,0,22.833333333333332,22.833333333333332,NA,0,0,31.75,5,0,0,0,0,0,0,63,30,6,28,5,5
NA,NA,0,NA,100,499,1,NA,NA,NA,NA,NA,NA,40.8438,-73.8813,NA,NA,1,1,1,2,NA,2,NA,NA,NA,NA,0,NA,NA,NA,3,3,3,4,2,2,2,38,3,2,NA,NA,NA,1,NA,NA,NA,NA,NA,NA,NA,NA,4,NA,NA,NA,NA,NA,NA,NA,36,8,NA,NA,NA,NA,NA,NA,NA,NA,NA,NA,NA,NA,5,4,3,85,95,9,89,14,77,10,80,77,75,70,92,0,NA,NA,NA,treatment,Democrat,NA,NA,NA,NA,NA,NA,NA,NA,507,NA,250,NA,NA,NA,NA,NA,NA,NA,NA,NA,NA,23,NA,NA,NA,NA,NA,NA,NA,NA,NA,1,Strong D,1,Democrat,0,Non-MAGA,Somewhat liberal,1,4,Treatment D,0,1,Mismatch,3,38,8,36,NA,NA,NA,NA,NA,NA,85,9,14,10,77,70,NA,NA,NA,NA,NA,NA,95,89,77,80,75,92,3.25,strong,2,2,0,0,0,1,0,0,0,0,0,38,36,3,8,5,-2,7,-2,5,-7,4,44.166666666666664,84.66666666666667,84.66666666666667,NA,29.5,73.5,85.25,83.5,85,9,14,10,77,70,95,89,77,80,75,92
NA,NA,0,NA,100,607,1,NA,NA,NA,NA,NA,NA,42.7841,-73.6756,NA,NA,1,1,2,2,NA,6,5,5,5,5,1,4,4,4,NA,NA,NA,NA,NA,NA,NA,0,100,2,NA,NA,NA,NA,NA,NA,NA,1,NA,NA,NA,NA,NA,NA,NA,NA,5,5,5,1,0,100,100,100,50,76,0,0,0,0,0,0,0,0,NA,NA,NA,NA,NA,NA,NA,NA,NA,NA,NA,NA,NA,NA,NA,2,NA,NA,NA,treatment,Republican,NA,NA,NA,NA,NA,NA,NA,NA,617,NA,7,NA,NA,NA,NA,NA,NA,NA,NA,NA,NA,71,NA,NA,NA,NA,NA,NA,NA,NA,NA,7,Strong R,2,Republican,1,MAGA,Somewhat conservative,1,3,Treatment R,1,2,Match,100,0,100,0,100,50,0,0,0,0,NA,NA,NA,NA,NA,NA,100,76,0,0,0,0,NA,NA,NA,NA,NA,NA,5,strong,2,4,0,0,0,0,0,0,0,1,0,100,100,0,0,0,0,0,0,0,0,3.6666666666666665,25,29.333333333333332,NA,29.333333333333332,37.5,0,44,0,100,50,0,0,0,0,100,76,0,0,0,0
NA,NA,0,NA,100,262,1,NA,NA,NA,NA,NA,NA,34.011,-118.1145,NA,NA,1,1,1,1,NA,1,NA,NA,NA,NA,0,NA,NA,NA,3,3,3,3,2,2,2,80,0,2,NA,NA,NA,NA,NA,NA,NA,1,NA,NA,NA,NA,NA,NA,NA,NA,5,NA,NA,NA,80,0,NA,NA,NA,NA,NA,NA,NA,NA,NA,NA,NA,NA,5,5,4,71,100,61,100,60,100,40,100,30,100,30,100,0,NA,NA,NA,control,Democrat,NA,NA,NA,NA,NA,NA,NA,NA,276,NA,46,NA,NA,NA,NA,NA,NA,NA,NA,NA,NA,31,NA,NA,NA,NA,NA,NA,NA,NA,NA,2,Weak D,1,Democrat,0,Non-MAGA,Very liberal,0,2,Control D,0,0,Control,0,80,0,80,NA,NA,NA,NA,NA,NA,71,61,60,40,30,30,NA,NA,NA,NA,NA,NA,100,100,100,100,100,100,3,strong,2,2,0,0,0,0,0,0,0,1,0,80,80,0,0,0,0,0,0,0,0,4.666666666666667,48.666666666666664,100,100,NA,58,30,100,100,71,61,60,40,30,30,100,100,100,100,100,100
NA,NA,0,NA,100,1040,1,NA,NA,NA,NA,NA,NA,38.5347,-121.4442,NA,NA,1,1,3,NA,1,4,NA,NA,NA,NA,0,NA,NA,NA,2,2,2,2,3,3,3,80,10,2,NA,NA,NA,NA,NA,NA,NA,1,NA,NA,NA,NA,NA,NA,NA,NA,3,NA,NA,NA,80,10,NA,NA,NA,NA,NA,NA,NA,NA,NA,NA,NA,NA,4,4,3,50,50,60,82,10,75,10,70,9,71,10,82,0,NA,NA,NA,control,Democrat,NA,NA,NA,NA,NA,NA,NA,NA,1085,NA,5194,NA,NA,NA,NA,NA,NA,NA,NA,NA,NA,61,NA,NA,NA,NA,NA,NA,NA,NA,NA,3,Lean D,0,Independent,0,Non-MAGA,Moderate,0,2,Control D,0,0,Control,10,80,10,80,NA,NA,NA,NA,NA,NA,50,60,10,10,9,10,NA,NA,NA,NA,NA,NA,50,82,75,70,71,82,2,medium,1,3,0,0,0,0,0,0,0,1,0,80,80,10,10,0,0,0,0,0,0,11,24.833333333333332,71.66666666666667,71.66666666666667,NA,32.5,9.5,69.25,76.5,50,60,10,10,9,10,50,82,75,70,71,82
NA,NA,0,NA,100,393,1,NA,NA,NA,NA,NA,NA,42.093,-79.244,NA,NA,1,1,1,2,NA,2,NA,NA,NA,NA,0,NA,NA,NA,5,5,4,5,1,2,1,95,7,2,NA,NA,NA,NA,NA,NA,NA,NA,1,NA,NA,NA,NA,NA,NA,NA,NA,NA,NA,NA,92,7,NA,NA,NA,NA,NA,NA,NA,NA,NA,NA,NA,NA,5,4,3,77,50,56,52,14,0,5,0,15,0,8,0,0,NA,NA,NA,control,Democrat,NA,NA,NA,NA,NA,NA,NA,NA,405,NA,6449,NA,NA,NA,NA,NA,NA,NA,NA,NA,NA,32,NA,NA,NA,NA,NA,NA,NA,NA,NA,1,Strong D,1,Democrat,0,Non-MAGA,Somewhat liberal,0,2,Control D,0,0,Control,7,95,7,92,NA,NA,NA,NA,NA,NA,77,56,14,5,15,8,NA,NA,NA,NA,NA,NA,50,52,0,0,0,0,4.75,strong,2,1.3333333333333333,0,0,0,0,0,0,0,0,1,95,92,7,7,0,-3,3,-3,0,-3,4,29.166666666666668,17,17,NA,38,11.5,25.5,0,77,56,14,5,15,8,50,52,0,0,0,0
NA,NA,0,NA,100,433,1,NA,NA,NA,NA,NA,NA,45.461,-122.7052,NA,NA,0.800000011920929,1,3,NA,3,4,2,2,1,1,0,3,4,4,NA,NA,NA,NA,NA,NA,NA,23,66,2,NA,NA,NA,NA,NA,1,NA,1,NA,NA,NA,NA,NA,NA,2,NA,3,4,3,1,23,66,10,60,0,30,0,0,0,0,0,0,0,0,NA,NA,NA,NA,NA,NA,NA,NA,NA,NA,NA,NA,NA,NA,NA,1,NA,NA,NA,control,Republican,NA,NA,NA,NA,NA,NA,NA,NA,440,NA,30,NA,NA,NA,NA,NA,NA,NA,NA,NA,NA,39,NA,NA,NA,NA,NA,NA,NA,NA,NA,5,Lean R,0,Independent,1,Non-MAGA,Moderate,0,1,Control R,0,0,Control,66,23,66,23,10,0,0,0,0,0,NA,NA,NA,NA,NA,NA,60,30,0,0,0,0,NA,NA,NA,NA,NA,NA,1.5,weak,1,3.6666666666666665,0,0,0,0,0,1,0,1,0,66,66,23,23,0,0,0,0,0,0,2.6666666666666665,1.6666666666666667,15,NA,15,2.5,0,22.5,0,10,0,0,0,0,0,60,30,0,0,0,0
NA,NA,0,NA,100,816,1,NA,NA,NA,NA,NA,NA,37.6901,-97.3404,NA,NA,1,1,2,1,NA,5,2,3,2,3,0,3,3,3,NA,NA,NA,NA,NA,NA,NA,7,70,2,NA,NA,NA,NA,NA,1,1,NA,NA,NA,NA,NA,NA,NA,3,4,NA,4,4,2,9,71,40,59,19,29,0,9,0,5,0,4,0,3,NA,NA,NA,NA,NA,NA,NA,NA,NA,NA,NA,NA,NA,NA,NA,1,NA,NA,NA,control,Republican,NA,NA,NA,NA,NA,NA,NA,NA,831,NA,3355,NA,NA,NA,NA,NA,NA,NA,NA,NA,NA,36,NA,NA,NA,NA,NA,NA,NA,NA,NA,6,Weak R,2,Republican,1,Non-MAGA,Slightly conservative,0,1,Control R,0,0,Control,70,7,71,9,40,19,0,0,0,0,NA,NA,NA,NA,NA,NA,59,29,9,5,4,3,NA,NA,NA,NA,NA,NA,2.5,medium,1,3,0,0,0,0,0,1,1,0,0,70,71,7,9,1,2,-1,1,2,-1,3.3333333333333335,9.833333333333334,18.166666666666668,NA,18.166666666666668,14.75,0,25.5,3.5,40,19,0,0,0,0,59,29,9,5,4,3
NA,NA,0,NA,100,393,1,NA,NA,NA,NA,NA,NA,39.0857,-94.5362,NA,NA,1,1,1,2,NA,2,NA,NA,NA,NA,0,NA,NA,NA,4,5,4,5,4,4,4,100,90,2,NA,NA,NA,NA,NA,NA,NA,1,NA,NA,NA,NA,NA,NA,NA,NA,4,NA,NA,NA,100,55,NA,NA,NA,NA,NA,NA,NA,NA,NA,NA,NA,NA,2,2,1,11,0,0,14,0,6,0,3,0,5,1,6,0,NA,NA,NA,treatment,Democrat,NA,NA,NA,NA,NA,NA,NA,NA,404,NA,1893,NA,NA,NA,NA,NA,NA,NA,NA,NA,NA,57,NA,NA,NA,NA,NA,NA,NA,NA,NA,1,Strong D,1,Democrat,0,Non-MAGA,Somewhat liberal,1,4,Treatment D,0,1,Mismatch,90,100,55,100,NA,NA,NA,NA,NA,NA,11,0,0,0,0,1,NA,NA,NA,NA,NA,NA,0,14,6,3,5,6,4.5,strong,2,4,0,0,0,0,0,0,0,1,0,100,100,90,55,-35,0,-35,0,-35,35,1.6666666666666667,2,5.666666666666667,5.666666666666667,NA,2.75,0.5,5.75,5.5,11,0,0,0,0,1,0,14,6,3,5,6
NA,NA,0,NA,100,259,1,NA,NA,NA,NA,NA,NA,42.2807,-83.7801,NA,NA,1,1,1,2,NA,2,NA,NA,NA,NA,0,NA,NA,NA,4,4,2,4,2,3,1,85,24,2,NA,1,1,1,NA,1,NA,NA,NA,NA,3,4,2,NA,5,NA,NA,NA,NA,NA,91,18,NA,NA,NA,NA,NA,NA,NA,NA,NA,NA,NA,NA,5,4,3,45,30,71,38,20,0,8,65,20,90,30,90,0,NA,NA,NA,control,Democrat,NA,NA,NA,NA,NA,NA,NA,NA,268,NA,14,NA,NA,NA,NA,NA,NA,NA,NA,NA,NA,19,NA,NA,NA,NA,NA,NA,NA,NA,NA,1,Strong D,1,Democrat,0,Non-MAGA,Somewhat liberal,0,2,Control D,0,0,Control,24,85,18,91,NA,NA,NA,NA,NA,NA,45,71,20,8,20,30,NA,NA,NA,NA,NA,NA,30,38,0,65,90,90,3.5,strong,2,2,0,1,1,1,0,1,0,0,0,85,91,24,18,-6,6,-12,6,-6,12,4,32.333333333333336,52.166666666666664,52.166666666666664,NA,36,25,33.25,90,45,71,20,8,20,30,30,38,0,65,90,90
NA,NA,0,NA,100,1050,1,NA,NA,NA,NA,NA,NA,40.7365,-74.0055,NA,NA,0.899999976158142,1,2,1,NA,2,3,2,2,2,0,4,3,2,NA,NA,NA,NA,NA,NA,NA,60,65,2,NA,NA,NA,NA,NA,NA,NA,1,NA,NA,NA,NA,NA,NA,NA,NA,4,2,1,2,60,64,20,70,10,70,40,70,10,70,2,60,0,70,NA,NA,NA,NA,NA,NA,NA,NA,NA,NA,NA,NA,NA,NA,NA,1,NA,NA,NA,treatment,Republican,NA,NA,NA,NA,NA,NA,NA,NA,1069,NA,29,NA,NA,NA,NA,NA,NA,NA,NA,NA,NA,33,NA,NA,NA,NA,NA,NA,NA,NA,NA,6,Weak R,2,Republican,1,Non-MAGA,Somewhat liberal,1,3,Treatment R,1,2,Match,65,60,64,60,20,10,40,10,2,0,NA,NA,NA,NA,NA,NA,70,70,70,70,60,70,NA,NA,NA,NA,NA,NA,2.25,medium,1,3,0,0,0,0,0,0,0,1,0,65,64,60,60,-1,0,-1,-1,0,-1,1.6666666666666667,13.666666666666666,68.33333333333333,NA,68.33333333333333,20,1,70,65,20,10,40,10,2,0,70,70,70,70,60,70
NA,NA,0,NA,100,409,1,NA,NA,NA,NA,NA,NA,40.518,-74.8453,NA,NA,1,1,1,2,NA,2,NA,NA,NA,NA,0,NA,NA,NA,4,4,4,4,3,3,2,85,15,2,NA,NA,NA,NA,NA,NA,NA,1,NA,NA,NA,NA,NA,NA,NA,NA,4,NA,NA,NA,86,15,NA,NA,NA,NA,NA,NA,NA,NA,NA,NA,NA,NA,4,4,2,19,18,22,22,10,10,16,17,9,30,6,24,0,NA,NA,NA,control,Democrat,NA,NA,NA,NA,NA,NA,NA,NA,419,NA,11075,NA,NA,NA,NA,NA,NA,NA,NA,NA,NA,72,NA,NA,NA,NA,NA,NA,NA,NA,NA,1,Strong D,1,Democrat,0,Non-MAGA,Somewhat liberal,0,2,Control D,0,0,Control,15,85,15,86,NA,NA,NA,NA,NA,NA,19,22,10,16,9,6,NA,NA,NA,NA,NA,NA,18,22,10,17,30,24,4,strong,2,2.6666666666666665,0,0,0,0,0,0,0,1,0,85,86,15,15,0,1,-1,1,0,1,3.3333333333333335,13.666666666666666,20.166666666666668,20.166666666666668,NA,16.75,7.5,16.75,27,19,22,10,16,9,6,18,22,10,17,30,24
NA,NA,0,NA,100,339,1,NA,NA,NA,NA,NA,NA,40.5978,-74.0001,NA,NA,0.899999976158142,1,3,NA,3,4,1,2,1,2,1,4,4,4,NA,NA,NA,NA,NA,NA,NA,45,55,2,NA,NA,NA,1,NA,NA,1,NA,NA,NA,NA,NA,2,NA,NA,2,NA,4,1,1,45,55,0,75,40,90,0,40,0,25,30,40,0,45,NA,NA,NA,NA,NA,NA,NA,NA,NA,NA,NA,NA,NA,NA,NA,2,NA,NA,NA,treatment,Republican,NA,NA,NA,NA,NA,NA,NA,NA,348,NA,101,NA,NA,NA,NA,NA,NA,NA,NA,NA,NA,34,NA,NA,NA,NA,NA,NA,NA,NA,NA,5,Lean R,0,Independent,1,MAGA,Moderate,1,3,Treatment R,1,2,Match,55,45,55,45,0,40,0,0,30,0,NA,NA,NA,NA,NA,NA,75,90,40,25,40,45,NA,NA,NA,NA,NA,NA,1.5,weak,1,4,0,0,0,1,0,0,1,0,0,55,55,45,45,0,0,0,0,0,0,2,11.666666666666666,52.5,NA,52.5,10,15,57.5,42.5,0,40,0,0,30,0,75,90,40,25,40,45
NA,NA,0,NA,100,1113,1,NA,NA,NA,NA,NA,NA,33.0287,-96.6826,NA,NA,1,1,2,1,NA,5,3,3,3,3,0,4,3,4,NA,NA,NA,NA,NA,NA,NA,60,80,2,NA,NA,NA,NA,NA,NA,NA,1,NA,NA,NA,NA,NA,NA,NA,NA,3,2,2,1,60,80,40,60,30,50,0,20,0,20,0,20,0,20,NA,NA,NA,NA,NA,NA,NA,NA,NA,NA,NA,NA,NA,NA,NA,1,NA,NA,NA,control,Republican,NA,NA,NA,NA,NA,NA,NA,NA,1121,NA,5965,NA,NA,NA,NA,NA,NA,NA,NA,NA,NA,33,NA,NA,NA,NA,NA,NA,NA,NA,NA,6,Weak R,2,Republican,1,Non-MAGA,Slightly conservative,0,1,Control R,0,0,Control,80,60,80,60,40,30,0,0,0,0,NA,NA,NA,NA,NA,NA,60,50,20,20,20,20,NA,NA,NA,NA,NA,NA,3,strong,2,3.6666666666666665,0,0,0,0,0,0,0,1,0,80,80,60,60,0,0,0,0,0,0,1.6666666666666667,11.666666666666666,31.666666666666668,NA,31.666666666666668,17.5,0,37.5,20,40,30,0,0,0,0,60,50,20,20,20,20
NA,NA,0,NA,100,655,1,NA,NA,NA,NA,NA,NA,35.4662,-97.5168,NA,NA,1,1,1,1,NA,3,NA,NA,NA,NA,0,NA,NA,NA,2,2,1,2,4,4,4,50,50,2,NA,NA,NA,NA,NA,NA,1,NA,NA,NA,NA,NA,NA,NA,NA,2,NA,NA,NA,NA,50,50,NA,NA,NA,NA,NA,NA,NA,NA,NA,NA,NA,NA,3,3,3,75,81,0,71,0,0,0,0,0,0,0,0,0,NA,NA,NA,treatment,Democrat,NA,NA,NA,NA,NA,NA,NA,NA,666,NA,4286,NA,NA,NA,NA,NA,NA,NA,NA,NA,NA,37,NA,NA,NA,NA,NA,NA,NA,NA,NA,2,Weak D,1,Democrat,0,Non-MAGA,Slightly liberal,1,4,Treatment D,0,1,Mismatch,50,50,50,50,NA,NA,NA,NA,NA,NA,75,0,0,0,0,0,NA,NA,NA,NA,NA,NA,81,71,0,0,0,0,1.75,medium,1,4,0,0,0,0,0,0,1,0,0,50,50,50,50,0,0,0,0,0,0,3,12.5,25.333333333333332,25.333333333333332,NA,18.75,0,38,0,75,0,0,0,0,0,81,71,0,0,0,0
NA,NA,0,NA,100,333,1,NA,NA,NA,NA,NA,NA,41.7517,-88.2414,NA,NA,0.300000011920929,1,1,1,NA,2,NA,NA,NA,NA,0,NA,NA,NA,4,3,3,4,2,3,2,82,68,2,NA,NA,NA,NA,NA,NA,NA,NA,1,NA,NA,NA,NA,NA,NA,NA,NA,NA,NA,NA,82,68,NA,NA,NA,NA,NA,NA,NA,NA,NA,NA,NA,NA,3,2,1,40,62,10,18,0,1,0,0,0,5,0,6,0,NA,NA,NA,control,Democrat,NA,NA,NA,NA,NA,NA,NA,NA,344,NA,518,NA,NA,NA,NA,NA,NA,NA,NA,NA,NA,37,NA,NA,NA,NA,NA,NA,NA,NA,NA,2,Weak D,1,Democrat,0,Non-MAGA,Somewhat liberal,0,2,Control D,0,0,Control,68,82,68,82,NA,NA,NA,NA,NA,NA,40,10,0,0,0,0,NA,NA,NA,NA,NA,NA,62,18,1,0,5,6,3.5,strong,2,2.3333333333333335,0,0,0,0,0,0,0,0,1,82,82,68,68,0,0,0,0,0,0,2,8.333333333333334,15.333333333333334,15.333333333333334,NA,12.5,0,20.25,5.5,40,10,0,0,0,0,62,18,1,0,5,6
NA,NA,0,NA,100,245,1,NA,NA,NA,NA,NA,NA,35.2294,-101.8106,NA,NA,1,1,2,1,NA,6,3,3,3,4,0,4,4,4,NA,NA,NA,NA,NA,NA,NA,70,83,2,NA,NA,NA,NA,NA,NA,1,NA,NA,NA,NA,NA,NA,NA,NA,4,NA,1,1,1,70,82,31,41,24,NA,4,12,3,9,2,12,0,13,NA,NA,NA,NA,NA,NA,NA,NA,NA,NA,NA,NA,NA,NA,NA,1,NA,NA,NA,treatment,Republican,NA,NA,NA,NA,NA,NA,NA,NA,256,NA,651,NA,NA,NA,NA,NA,NA,NA,NA,NA,NA,33,NA,NA,NA,NA,NA,NA,NA,NA,NA,6,Weak R,2,Republican,1,Non-MAGA,Somewhat conservative,1,3,Treatment R,1,2,Match,83,70,82,70,31,24,4,3,2,0,NA,NA,NA,NA,NA,NA,41,NA,12,9,12,13,NA,NA,NA,NA,NA,NA,3.25,strong,2,4,0,0,0,0,0,0,1,0,0,83,82,70,70,-1,0,-1,-1,0,-1,1,10.666666666666666,17.4,NA,17.4,15.5,1,NA,12.5,31,24,4,3,2,0,41,NA,12,9,12,13
NA,NA,0,NA,100,427,1,NA,NA,NA,NA,NA,NA,38.3085,-85.816,NA,NA,1,1,3,NA,1,1,NA,NA,NA,NA,0,NA,NA,NA,2,2,3,2,1,2,1,60,10,2,NA,NA,NA,NA,NA,NA,NA,NA,1,NA,NA,NA,NA,NA,NA,NA,NA,NA,NA,NA,60,10,NA,NA,NA,NA,NA,NA,NA,NA,NA,NA,NA,NA,5,1,1,50,90,30,95,0,70,0,70,0,30,0,60,0,NA,NA,NA,control,Democrat,NA,NA,NA,NA,NA,NA,NA,NA,439,NA,1275,NA,NA,NA,NA,NA,NA,NA,NA,NA,NA,27,NA,NA,NA,NA,NA,NA,NA,NA,NA,3,Lean D,0,Independent,0,Non-MAGA,Very liberal,0,2,Control D,0,0,Control,10,60,10,60,NA,NA,NA,NA,NA,NA,50,30,0,0,0,0,NA,NA,NA,NA,NA,NA,90,95,70,70,30,60,2.25,medium,1,1.3333333333333333,0,0,0,0,0,0,0,0,1,60,60,10,10,0,0,0,0,0,0,7,13.333333333333334,69.16666666666667,69.16666666666667,NA,20,0,81.25,45,50,30,0,0,0,0,90,95,70,70,30,60
NA,NA,0,NA,100,239,1,NA,NA,NA,NA,NA,NA,37.6653,-77.5364,NA,NA,1,1,1,1,NA,3,NA,NA,NA,NA,0,NA,NA,NA,3,3,4,4,4,4,3,74,58,2,1,NA,NA,1,NA,NA,NA,NA,NA,3,NA,NA,5,NA,NA,NA,NA,NA,NA,NA,75,44,NA,NA,NA,NA,NA,NA,NA,NA,NA,NA,NA,NA,4,2,1,35,62,41,67,0,22,0,6,12,24,8,19,0,NA,NA,NA,treatment,Democrat,NA,NA,NA,NA,NA,NA,NA,NA,247,NA,493,NA,NA,NA,NA,NA,NA,NA,NA,NA,NA,21,NA,NA,NA,NA,NA,NA,NA,NA,NA,2,Weak D,1,Democrat,0,Non-MAGA,Slightly liberal,1,4,Treatment D,0,1,Mismatch,58,74,44,75,NA,NA,NA,NA,NA,NA,35,41,0,0,12,8,NA,NA,NA,NA,NA,NA,62,67,22,6,24,19,3.5,strong,2,3.6666666666666665,1,0,0,1,0,0,0,0,0,74,75,58,44,-14,1,-15,1,-14,15,2.3333333333333335,16,33.333333333333336,33.333333333333336,NA,19,10,39.25,21.5,35,41,0,0,12,8,62,67,22,6,24,19
NA,NA,0,NA,100,584,1,NA,NA,NA,NA,NA,NA,33.1976,-96.6178,NA,NA,1,1,2,2,NA,6,4,4,4,5,1,2,2,2,NA,NA,NA,NA,NA,NA,NA,1,92,2,NA,NA,NA,NA,NA,NA,NA,1,NA,NA,NA,NA,NA,NA,NA,NA,3,5,5,4,1,93,49,52,20,18,0,0,6,6,0,0,0,0,NA,NA,NA,NA,NA,NA,NA,NA,NA,NA,NA,NA,NA,NA,NA,2,NA,NA,NA,treatment,Republican,NA,NA,NA,NA,NA,NA,NA,NA,600,NA,3033,NA,NA,NA,NA,NA,NA,NA,NA,NA,NA,49,NA,NA,NA,NA,NA,NA,NA,NA,NA,7,Strong R,2,Republican,1,MAGA,Somewhat conservative,1,3,Treatment R,1,2,Match,92,1,93,1,49,20,0,6,0,0,NA,NA,NA,NA,NA,NA,52,18,0,6,0,0,NA,NA,NA,NA,NA,NA,4.25,strong,2,2,0,0,0,0,0,0,0,1,0,92,93,1,1,1,0,1,1,0,1,4.666666666666667,12.5,12.666666666666666,NA,12.666666666666666,18.75,0,19,0,49,20,0,6,0,0,52,18,0,6,0,0
NA,NA,0,NA,100,880,1,NA,NA,NA,NA,NA,NA,40.4837,-104.8994,NA,NA,1,1,1,2,NA,2,NA,NA,NA,NA,0,NA,NA,NA,NA,4,4,2,1,1,1,90,0,2,1,1,NA,1,NA,NA,NA,NA,NA,5,5,NA,5,NA,NA,NA,NA,NA,NA,NA,90,0,NA,NA,NA,NA,NA,NA,NA,NA,NA,NA,NA,NA,5,4,3,26,25,22,23,19,20,20,20,20,73,70,95,0,NA,NA,NA,treatment,Democrat,NA,NA,NA,NA,NA,NA,NA,NA,892,NA,2949,NA,NA,NA,NA,NA,NA,NA,NA,NA,NA,67,NA,NA,NA,NA,NA,NA,NA,NA,NA,1,Strong D,1,Democrat,0,Non-MAGA,Somewhat liberal,1,4,Treatment D,0,1,Mismatch,0,90,0,90,NA,NA,NA,NA,NA,NA,26,22,19,20,20,70,NA,NA,NA,NA,NA,NA,25,23,20,20,73,95,NA,NA,NA,1,1,1,0,1,0,0,0,0,0,90,90,0,0,0,0,0,0,0,0,4,29.5,42.666666666666664,42.666666666666664,NA,21.75,45,22,84,26,22,19,20,20,70,25,23,20,20,73,95
NA,NA,0,NA,100,718,1,NA,NA,NA,NA,NA,NA,37.751,-97.822,NA,NA,1,1,3,NA,1,3,NA,NA,NA,NA,0,NA,NA,NA,2,3,2,3,3,4,3,71,22,2,NA,NA,NA,1,NA,NA,NA,NA,NA,NA,NA,NA,5,NA,NA,NA,NA,NA,NA,NA,75,22,NA,NA,NA,NA,NA,NA,NA,NA,NA,NA,NA,NA,4,2,3,97,88,3,79,0,0,0,33,0,58,0,56,0,NA,NA,NA,treatment,Democrat,NA,NA,NA,NA,NA,NA,NA,NA,731,NA,53,NA,NA,NA,NA,NA,NA,NA,NA,NA,NA,35,NA,NA,NA,NA,NA,NA,NA,NA,NA,3,Lean D,0,Independent,0,Non-MAGA,Slightly liberal,1,4,Treatment D,0,1,Mismatch,22,71,22,75,NA,NA,NA,NA,NA,NA,97,3,0,0,0,0,NA,NA,NA,NA,NA,NA,88,79,0,33,58,56,2.5,medium,1,3.3333333333333335,0,0,0,1,0,0,0,0,0,71,75,22,22,0,4,-4,4,0,4,9,16.666666666666668,52.333333333333336,52.333333333333336,NA,25,0,50,57,97,3,0,0,0,0,88,79,0,33,58,56
NA,NA,0,NA,100,1190,1,NA,NA,NA,NA,NA,NA,36.9904,-85.9239,NA,NA,0.899999976158142,1,2,2,NA,7,3,4,2,4,1,3,3,2,NA,NA,NA,NA,NA,NA,NA,30,70,2,NA,NA,NA,NA,NA,NA,NA,NA,1,NA,NA,NA,NA,NA,NA,NA,NA,5,5,5,30,85,51,70,50,40,0,NA,7,28,16,10,5,6,NA,NA,NA,NA,NA,NA,NA,NA,NA,NA,NA,NA,NA,NA,NA,2,NA,NA,NA,treatment,Republican,NA,NA,NA,NA,NA,NA,NA,NA,1200,NA,3600,NA,NA,NA,NA,NA,NA,NA,NA,NA,NA,54,NA,NA,NA,NA,NA,NA,NA,NA,NA,7,Strong R,2,Republican,1,MAGA,Very conservative,1,3,Treatment R,1,2,Match,70,30,85,30,51,50,0,7,16,5,NA,NA,NA,NA,NA,NA,70,40,NA,28,10,6,NA,NA,NA,NA,NA,NA,3.25,strong,2,2.6666666666666665,0,0,0,0,0,0,0,0,1,70,85,30,30,15,0,15,15,0,15,5,21.5,30.8,NA,30.8,27,10.5,NA,8,51,50,0,7,16,5,70,40,NA,28,10,6
NA,NA,0,NA,100,269,1,NA,NA,NA,NA,NA,NA,35.0562,-80.8194,NA,NA,1,1,3,NA,1,1,NA,NA,NA,NA,0,NA,NA,NA,2,3,1,2,1,1,4,50,0,2,1,NA,NA,1,1,1,1,NA,NA,4,NA,NA,4,4,4,4,NA,NA,NA,NA,50,0,NA,NA,NA,NA,NA,NA,NA,NA,NA,NA,NA,NA,5,5,1,75,76,50,27,21,0,5,0,25,0,27,84,0,NA,NA,NA,treatment,Democrat,NA,NA,NA,NA,NA,NA,NA,NA,280,NA,5577,NA,NA,NA,NA,NA,NA,NA,NA,NA,NA,43,NA,NA,NA,NA,NA,NA,NA,NA,NA,3,Lean D,0,Independent,0,Non-MAGA,Very liberal,1,4,Treatment D,0,1,Mismatch,0,50,0,50,NA,NA,NA,NA,NA,NA,75,50,21,5,25,27,NA,NA,NA,NA,NA,NA,76,27,0,0,0,84,2,medium,1,2,1,0,0,1,1,1,1,0,0,50,50,0,0,0,0,0,0,0,0,11,33.833333333333336,31.166666666666668,31.166666666666668,NA,37.75,26,25.75,42,75,50,21,5,25,27,76,27,0,0,0,84
NA,NA,0,NA,100,412,1,NA,NA,NA,NA,NA,NA,40.0296,-74.8834,NA,NA,1,1,2,2,NA,6,4,4,4,4,1,3,1,2,NA,NA,NA,NA,NA,NA,NA,16,81,2,NA,NA,NA,NA,NA,NA,NA,1,NA,NA,NA,NA,NA,NA,NA,NA,4,5,5,4,16,81,60,77,70,80,0,17,4,32,0,8,0,0,NA,NA,NA,NA,NA,NA,NA,NA,NA,NA,NA,NA,NA,NA,NA,2,NA,NA,NA,control,Republican,NA,NA,NA,NA,NA,NA,NA,NA,428,NA,413,NA,NA,NA,NA,NA,NA,NA,NA,NA,NA,50,NA,NA,NA,NA,NA,NA,NA,NA,NA,7,Strong R,2,Republican,1,MAGA,Somewhat conservative,0,1,Control R,0,0,Control,81,16,81,16,60,70,0,4,0,0,NA,NA,NA,NA,NA,NA,77,80,17,32,8,0,NA,NA,NA,NA,NA,NA,4,strong,2,2,0,0,0,0,0,0,0,1,0,81,81,16,16,0,0,0,0,0,0,4.666666666666667,22.333333333333332,35.666666666666664,NA,35.666666666666664,33.5,0,51.5,4,60,70,0,4,0,0,77,80,17,32,8,0
NA,NA,0,NA,100,443,1,NA,NA,NA,NA,NA,NA,25.6992,-80.3613,NA,NA,1,1,3,NA,3,4,1,1,1,1,0,4,4,4,NA,NA,NA,NA,NA,NA,NA,50,50,2,NA,NA,NA,NA,NA,NA,NA,NA,1,NA,NA,NA,NA,NA,NA,NA,NA,3,3,1,50,50,50,75,0,3,0,0,0,0,1,8,0,1,NA,NA,NA,NA,NA,NA,NA,NA,NA,NA,NA,NA,NA,NA,NA,1,NA,NA,NA,treatment,Republican,NA,NA,NA,NA,NA,NA,NA,NA,454,NA,7557,NA,NA,NA,NA,NA,NA,NA,NA,NA,NA,35,NA,NA,NA,NA,NA,NA,NA,NA,NA,5,Lean R,0,Independent,1,Non-MAGA,Moderate,1,3,Treatment R,1,2,Match,50,50,50,50,50,0,0,0,1,0,NA,NA,NA,NA,NA,NA,75,3,0,0,8,1,NA,NA,NA,NA,NA,NA,1,weak,0,4,0,0,0,0,0,0,0,0,1,50,50,50,50,0,0,0,0,0,0,2.3333333333333335,8.5,14.5,NA,14.5,12.5,0.5,19.5,4.5,50,0,0,0,1,0,75,3,0,0,8,1
NA,NA,0,NA,100,315,1,NA,NA,NA,NA,NA,NA,45.0617,-83.4327,NA,NA,1,1,1,1,NA,2,NA,NA,NA,NA,0,NA,NA,NA,2,2,2,2,3,3,3,66,46,2,NA,NA,NA,NA,NA,NA,NA,1,NA,NA,NA,NA,NA,NA,NA,NA,3,NA,NA,NA,73,46,NA,NA,NA,NA,NA,NA,NA,NA,NA,NA,NA,NA,4,2,1,59,58,6,6,0,0,0,0,0,0,0,0,0,NA,NA,NA,control,Democrat,NA,NA,NA,NA,NA,NA,NA,NA,324,NA,6872,NA,NA,NA,NA,NA,NA,NA,NA,NA,NA,34,NA,NA,NA,NA,NA,NA,NA,NA,NA,2,Weak D,1,Democrat,0,Non-MAGA,Somewhat liberal,0,2,Control D,0,0,Control,46,66,46,73,NA,NA,NA,NA,NA,NA,59,6,0,0,0,0,NA,NA,NA,NA,NA,NA,58,6,0,0,0,0,2,medium,1,3,0,0,0,0,0,0,0,1,0,66,73,46,46,0,7,-7,7,0,7,2.3333333333333335,10.833333333333334,10.666666666666666,10.666666666666666,NA,16.25,0,16,0,59,6,0,0,0,0,58,6,0,0,0,0
NA,NA,0,NA,100,254,1,NA,NA,NA,NA,NA,NA,40.694,-73.9901,NA,NA,1,1,1,2,NA,1,NA,NA,NA,NA,0,NA,NA,NA,3,3,3,3,4,4,3,70,60,2,1,NA,NA,1,NA,NA,NA,NA,NA,3,NA,NA,3,NA,NA,NA,NA,NA,NA,NA,40,40,NA,NA,NA,NA,NA,NA,NA,NA,NA,NA,NA,NA,4,2,2,80,60,70,45,40,35,35,35,39,60,25,61,0,NA,NA,NA,treatment,Democrat,NA,NA,NA,NA,NA,NA,NA,NA,262,NA,245,NA,NA,NA,NA,NA,NA,NA,NA,NA,NA,49,NA,NA,NA,NA,NA,NA,NA,NA,NA,1,Strong D,1,Democrat,0,Non-MAGA,Very liberal,1,4,Treatment D,0,1,Mismatch,60,70,40,40,NA,NA,NA,NA,NA,NA,80,70,40,35,39,25,NA,NA,NA,NA,NA,NA,60,45,35,35,60,61,3,strong,2,3.6666666666666665,1,0,0,1,0,0,0,0,0,70,40,60,40,-20,-30,10,-30,-20,-10,2.6666666666666665,48.166666666666664,49.333333333333336,49.333333333333336,NA,56.25,32,43.75,60.5,80,70,40,35,39,25,60,45,35,35,60,61
NA,NA,0,NA,100,267,1,NA,NA,NA,NA,NA,NA,41.7697,-87.6985,NA,NA,0.899999976158142,1,2,1,NA,4,3,3,3,3,0,3,3,3,NA,NA,NA,NA,NA,NA,NA,56,78,2,NA,NA,NA,NA,NA,NA,NA,1,NA,NA,NA,NA,NA,NA,NA,NA,4,3,3,2,61,80,50,63,40,50,26,43,29,44,50,62,40,50,NA,NA,NA,NA,NA,NA,NA,NA,NA,NA,NA,NA,NA,NA,NA,1,NA,NA,NA,control,Republican,NA,NA,NA,NA,NA,NA,NA,NA,282,NA,1973,NA,NA,NA,NA,NA,NA,NA,NA,NA,NA,41,NA,NA,NA,NA,NA,NA,NA,NA,NA,6,Weak R,2,Republican,1,Non-MAGA,Moderate,0,1,Control R,0,0,Control,78,56,80,61,50,40,26,29,50,40,NA,NA,NA,NA,NA,NA,63,50,43,44,62,50,NA,NA,NA,NA,NA,NA,3,strong,2,3,0,0,0,0,0,0,0,1,0,78,80,56,61,2,5,-3,2,5,-3,2.6666666666666665,39.166666666666664,52,NA,52,36.25,45,50,56,50,40,26,29,50,40,63,50,43,44,62,50
NA,NA,0,NA,100,361,1,NA,NA,NA,NA,NA,NA,43.3926,-70.4728,NA,NA,1,1,3,NA,1,2,NA,NA,NA,NA,0,NA,NA,NA,2,3,2,2,4,4,3,70,30,2,1,NA,NA,1,NA,NA,1,NA,NA,2,NA,NA,3,NA,NA,2,NA,NA,NA,NA,70,32,NA,NA,NA,NA,NA,NA,NA,NA,NA,NA,NA,NA,3,2,1,50,50,22,22,0,0,0,25,0,17,0,18,0,NA,NA,NA,treatment,Democrat,NA,NA,NA,NA,NA,NA,NA,NA,371,NA,4318,NA,NA,NA,NA,NA,NA,NA,NA,NA,NA,52,NA,NA,NA,NA,NA,NA,NA,NA,NA,3,Lean D,0,Independent,0,Non-MAGA,Somewhat liberal,1,4,Treatment D,0,1,Mismatch,30,70,32,70,NA,NA,NA,NA,NA,NA,50,22,0,0,0,0,NA,NA,NA,NA,NA,NA,50,22,0,25,17,18,2.25,medium,1,3.6666666666666665,1,0,0,1,0,0,1,0,0,70,70,30,32,2,0,2,0,2,-2,6,12,22,22,NA,18,0,24.25,17.5,50,22,0,0,0,0,50,22,0,25,17,18
NA,NA,0,NA,100,311,1,NA,NA,NA,NA,NA,NA,34.9879,-79.2169,NA,NA,1,1,3,NA,3,5,1,2,1,2,0,3,3,3,NA,NA,NA,NA,NA,NA,NA,42,50,2,NA,NA,NA,NA,NA,NA,NA,NA,1,NA,NA,NA,NA,NA,NA,NA,NA,3,2,1,44,55,33,71,36,48,1,18,0,10,9,17,18,31,NA,NA,NA,NA,NA,NA,NA,NA,NA,NA,NA,NA,NA,NA,NA,1,NA,NA,NA,control,Republican,NA,NA,NA,NA,NA,NA,NA,NA,320,NA,441,NA,NA,NA,NA,NA,NA,NA,NA,NA,NA,38,NA,NA,NA,NA,NA,NA,NA,NA,NA,5,Lean R,0,Independent,1,Non-MAGA,Slightly conservative,0,1,Control R,0,0,Control,50,42,55,44,33,36,1,0,9,18,NA,NA,NA,NA,NA,NA,71,48,18,10,17,31,NA,NA,NA,NA,NA,NA,1.5,weak,1,3,0,0,0,0,0,0,0,0,1,50,55,42,44,5,2,3,5,2,3,2,16.166666666666668,32.5,NA,32.5,17.5,13.5,36.75,24,33,36,1,0,9,18,71,48,18,10,17,31
NA,NA,0,NA,100,374,1,NA,NA,NA,NA,NA,NA,42.3253,-71.0951,NA,NA,1,1,1,2,NA,2,NA,NA,NA,NA,0,NA,NA,NA,5,4,4,5,2,4,2,80,25,2,NA,NA,NA,NA,NA,NA,NA,NA,1,NA,NA,NA,NA,NA,NA,NA,NA,NA,NA,NA,80,25,NA,NA,NA,NA,NA,NA,NA,NA,NA,NA,NA,NA,5,3,2,70,100,55,90,25,45,20,25,40,65,45,45,0,NA,NA,NA,control,Democrat,NA,NA,NA,NA,NA,NA,NA,NA,382,NA,45,NA,NA,NA,NA,NA,NA,NA,NA,NA,NA,18,NA,NA,NA,NA,NA,NA,NA,NA,NA,1,Strong D,1,Democrat,0,Non-MAGA,Somewhat liberal,0,2,Control D,0,0,Control,25,80,25,80,NA,NA,NA,NA,NA,NA,70,55,25,20,40,45,NA,NA,NA,NA,NA,NA,100,90,45,25,65,45,4.5,strong,2,2.6666666666666665,0,0,0,0,0,0,0,0,1,80,80,25,25,0,0,0,0,0,0,3.3333333333333335,42.5,61.666666666666664,61.666666666666664,NA,42.5,42.5,65,55,70,55,25,20,40,45,100,90,45,25,65,45
NA,NA,0,NA,100,196,1,NA,NA,NA,NA,NA,NA,40.1994,-74.7106,NA,NA,1,1,2,2,NA,7,5,5,1,5,1,4,4,3,NA,NA,NA,NA,NA,NA,NA,15,100,2,NA,NA,NA,NA,NA,NA,NA,NA,1,NA,NA,NA,NA,NA,NA,NA,NA,5,5,5,15,100,100,100,50,50,0,0,0,0,0,0,0,0,NA,NA,NA,NA,NA,NA,NA,NA,NA,NA,NA,NA,NA,NA,NA,2,NA,NA,NA,control,Republican,NA,NA,NA,NA,NA,NA,NA,NA,205,NA,3478,NA,NA,NA,NA,NA,NA,NA,NA,NA,NA,46,NA,NA,NA,NA,NA,NA,NA,NA,NA,7,Strong R,2,Republican,1,MAGA,Very conservative,0,1,Control R,0,0,Control,100,15,100,15,100,50,0,0,0,0,NA,NA,NA,NA,NA,NA,100,50,0,0,0,0,NA,NA,NA,NA,NA,NA,4,strong,2,3.6666666666666665,0,0,0,0,0,0,0,0,1,100,100,15,15,0,0,0,0,0,0,5,25,25,NA,25,37.5,0,37.5,0,100,50,0,0,0,0,100,50,0,0,0,0
NA,NA,0,NA,100,628,1,NA,NA,NA,NA,NA,NA,38.9251,-77.392,NA,NA,1,1,1,1,NA,3,NA,NA,NA,NA,0,NA,NA,NA,2,3,2,2,3,3,3,64,67,2,1,NA,NA,NA,NA,1,NA,NA,NA,3,NA,NA,NA,NA,4,NA,NA,NA,NA,NA,61,55,NA,NA,NA,NA,NA,NA,NA,NA,NA,NA,NA,NA,3,3,2,37,51,30,42,37,39,40,55,36,38,33,34,0,NA,NA,NA,treatment,Democrat,NA,NA,NA,NA,NA,NA,NA,NA,659,NA,4253,NA,NA,NA,NA,NA,NA,NA,NA,NA,NA,30,NA,NA,NA,NA,NA,NA,NA,NA,NA,2,Weak D,1,Democrat,0,Non-MAGA,Slightly liberal,1,4,Treatment D,0,1,Mismatch,67,64,55,61,NA,NA,NA,NA,NA,NA,37,30,37,40,36,33,NA,NA,NA,NA,NA,NA,51,42,39,55,38,34,2.25,medium,1,3,1,0,0,0,0,1,0,0,0,64,61,67,55,-12,-3,-9,-3,-12,9,2.6666666666666665,35.5,43.166666666666664,43.166666666666664,NA,36,34.5,46.75,36,37,30,37,40,36,33,51,42,39,55,38,34
NA,NA,0,NA,100,541,1,NA,NA,NA,NA,NA,NA,37.045,-76.4067,NA,NA,1,1,1,2,NA,2,NA,NA,NA,NA,0,NA,NA,NA,3,3,1,2,2,2,1,90,15,2,1,NA,NA,1,NA,NA,NA,NA,NA,4,NA,NA,5,NA,NA,NA,NA,NA,NA,NA,89,0,NA,NA,NA,NA,NA,NA,NA,NA,NA,NA,NA,NA,5,5,5,89,100,19,100,0,86,0,94,5,82,0,95,0,NA,NA,NA,treatment,Democrat,NA,NA,NA,NA,NA,NA,NA,NA,549,NA,1872,NA,NA,NA,NA,NA,NA,NA,NA,NA,NA,54,NA,NA,NA,NA,NA,NA,NA,NA,NA,1,Strong D,1,Democrat,0,Non-MAGA,Somewhat liberal,1,4,Treatment D,0,1,Mismatch,15,90,0,89,NA,NA,NA,NA,NA,NA,89,19,0,0,5,0,NA,NA,NA,NA,NA,NA,100,100,86,94,82,95,2.25,medium,1,1.6666666666666667,1,0,0,1,0,0,0,0,0,90,89,15,0,-15,-1,-14,-1,-15,14,5,18.833333333333332,92.83333333333333,92.83333333333333,NA,27,2.5,95,88.5,89,19,0,0,5,0,100,100,86,94,82,95
NA,NA,0,NA,100,423,1,NA,NA,NA,NA,NA,NA,36.9375,-86.4481,NA,NA,1,1,2,2,NA,6,4,4,4,5,0,3,3,3,NA,NA,NA,NA,NA,NA,NA,10,90,2,1,NA,NA,NA,NA,NA,NA,1,NA,3,NA,NA,NA,NA,NA,NA,4,5,4,4,10,90,100,100,50,60,0,0,0,0,40,50,20,30,NA,NA,NA,NA,NA,NA,NA,NA,NA,NA,NA,NA,NA,NA,NA,1,NA,NA,NA,treatment,Republican,NA,NA,NA,NA,NA,NA,NA,NA,432,NA,402,NA,NA,NA,NA,NA,NA,NA,NA,NA,NA,33,NA,NA,NA,NA,NA,NA,NA,NA,NA,7,Strong R,2,Republican,1,Non-MAGA,Somewhat conservative,1,3,Treatment R,1,2,Match,90,10,90,10,100,50,0,0,40,20,NA,NA,NA,NA,NA,NA,100,60,0,0,50,30,NA,NA,NA,NA,NA,NA,4.25,strong,2,3,1,0,0,0,0,0,0,1,0,90,90,10,10,0,0,0,0,0,0,4.333333333333333,35,40,NA,40,37.5,30,40,40,100,50,0,0,40,20,100,60,0,0,50,30
NA,NA,0,NA,100,1523,1,NA,NA,NA,NA,NA,NA,39.7045,-77.3269,NA,NA,1,1,2,2,NA,7,5,5,5,5,1,1,1,1,NA,NA,NA,NA,NA,NA,NA,3,93,2,NA,NA,NA,NA,NA,NA,NA,NA,1,NA,NA,NA,NA,NA,NA,NA,NA,5,5,5,3,99,95,96,98,94,95,96,94,93,95,71,93,62,NA,NA,NA,NA,NA,NA,NA,NA,NA,NA,NA,NA,NA,NA,NA,2,NA,NA,NA,control,Republican,NA,NA,NA,NA,NA,NA,NA,NA,1532,NA,15461,NA,NA,NA,NA,NA,NA,NA,NA,NA,NA,43,NA,NA,NA,NA,NA,NA,NA,NA,NA,7,Strong R,2,Republican,1,MAGA,Very conservative,0,1,Control R,0,0,Control,93,3,99,3,95,98,95,94,95,93,NA,NA,NA,NA,NA,NA,96,94,96,93,71,62,NA,NA,NA,NA,NA,NA,5,strong,2,1,0,0,0,0,0,0,0,0,1,93,99,3,3,6,0,6,6,0,6,5,95,85.33333333333333,NA,85.33333333333333,95.5,94,94.75,66.5,95,98,95,94,95,93,96,94,96,93,71,62
NA,NA,0,NA,100,379,1,NA,NA,NA,NA,NA,NA,42.1087,-79.9535,NA,NA,0.899999976158142,1,2,2,NA,7,4,4,4,4,0,3,3,2,NA,NA,NA,NA,NA,NA,NA,10,100,2,NA,NA,NA,NA,NA,NA,NA,NA,1,NA,NA,NA,NA,NA,NA,NA,NA,5,5,5,10,100,10,10,0,0,0,0,0,0,0,10,0,10,NA,NA,NA,NA,NA,NA,NA,NA,NA,NA,NA,NA,NA,NA,NA,1,NA,NA,NA,control,Republican,NA,NA,NA,NA,NA,NA,NA,NA,393,NA,3251,NA,NA,NA,NA,NA,NA,NA,NA,NA,NA,48,NA,NA,NA,NA,NA,NA,NA,NA,NA,7,Strong R,2,Republican,1,Non-MAGA,Very conservative,0,1,Control R,0,0,Control,100,10,100,10,10,0,0,0,0,0,NA,NA,NA,NA,NA,NA,10,0,0,0,10,10,NA,NA,NA,NA,NA,NA,4,strong,2,2.6666666666666665,0,0,0,0,0,0,0,0,1,100,100,10,10,0,0,0,0,0,0,5,1.6666666666666667,5,NA,5,2.5,0,2.5,10,10,0,0,0,0,0,10,0,0,0,10,10
NA,NA,0,NA,100,358,1,NA,NA,NA,NA,NA,NA,39.7946,-84.32,NA,NA,1,1,2,1,NA,4,1,3,2,2,0,4,4,4,NA,NA,NA,NA,NA,NA,NA,50,50,2,NA,NA,NA,NA,NA,NA,NA,1,NA,NA,NA,NA,NA,NA,NA,NA,3,2,1,1,50,64,9,47,0,6,0,0,0,0,0,0,0,0,NA,NA,NA,NA,NA,NA,NA,NA,NA,NA,NA,NA,NA,NA,NA,1,NA,NA,NA,control,Republican,NA,NA,NA,NA,NA,NA,NA,NA,374,NA,14527,NA,NA,NA,NA,NA,NA,NA,NA,NA,NA,37,NA,NA,NA,NA,NA,NA,NA,NA,NA,6,Weak R,2,Republican,1,Non-MAGA,Moderate,0,1,Control R,0,0,Control,50,50,64,50,9,0,0,0,0,0,NA,NA,NA,NA,NA,NA,47,6,0,0,0,0,NA,NA,NA,NA,NA,NA,2,medium,1,4,0,0,0,0,0,0,0,1,0,50,64,50,50,14,0,14,14,0,14,1.3333333333333333,1.5,8.833333333333334,NA,8.833333333333334,2.25,0,13.25,0,9,0,0,0,0,0,47,6,0,0,0,0
NA,NA,0,NA,100,569,1,NA,NA,NA,NA,NA,NA,26.0162,-80.1955,NA,NA,1,1,1,2,NA,2,NA,NA,NA,NA,0,NA,NA,NA,4,4,4,5,1,2,1,90,10,2,1,NA,NA,1,1,1,1,NA,NA,4,NA,NA,5,3,4,3,NA,NA,NA,NA,100,0,NA,NA,NA,NA,NA,NA,NA,NA,NA,NA,NA,NA,5,5,4,10,90,0,75,0,70,0,10,0,75,0,70,0,NA,NA,NA,treatment,Democrat,NA,NA,NA,NA,NA,NA,NA,NA,581,NA,14023,NA,NA,NA,NA,NA,NA,NA,NA,NA,NA,62,NA,NA,NA,NA,NA,NA,NA,NA,NA,1,Strong D,1,Democrat,0,Non-MAGA,Somewhat liberal,1,4,Treatment D,0,1,Mismatch,10,90,0,100,NA,NA,NA,NA,NA,NA,10,0,0,0,0,0,NA,NA,NA,NA,NA,NA,90,75,70,10,75,70,4.25,strong,2,1.3333333333333333,1,0,0,1,1,1,1,0,0,90,100,10,0,-10,10,-20,10,-10,20,4.666666666666667,1.6666666666666667,65,65,NA,2.5,0,61.25,72.5,10,0,0,0,0,0,90,75,70,10,75,70
NA,NA,0,NA,100,527,1,NA,NA,NA,NA,NA,NA,38.7669,-93.7291,NA,NA,1,1,3,NA,1,2,NA,NA,NA,NA,0,NA,NA,NA,2,2,1,2,1,3,2,20,1,2,NA,NA,NA,NA,NA,1,NA,NA,NA,NA,NA,NA,NA,NA,2,NA,NA,NA,NA,NA,20,1,NA,NA,NA,NA,NA,NA,NA,NA,NA,NA,NA,NA,5,2,1,40,80,30,75,9,85,1,95,25,95,5,85,0,NA,NA,NA,control,Democrat,NA,NA,NA,NA,NA,NA,NA,NA,583,NA,4686,NA,NA,NA,NA,NA,NA,NA,NA,NA,NA,37,NA,NA,NA,NA,NA,NA,NA,NA,NA,3,Lean D,0,Independent,0,Non-MAGA,Somewhat liberal,0,2,Control D,0,0,Control,1,20,1,20,NA,NA,NA,NA,NA,NA,40,30,9,1,25,5,NA,NA,NA,NA,NA,NA,80,75,85,95,95,85,1.75,medium,1,2,0,0,0,0,0,1,0,0,0,20,20,1,1,0,0,0,0,0,0,8,18.333333333333332,85.83333333333333,85.83333333333333,NA,20,15,83.75,90,40,30,9,1,25,5,80,75,85,95,95,85
NA,NA,0,NA,100,1280,1,NA,NA,NA,NA,NA,NA,33.7697,-84.3754,NA,NA,1,1,2,1,NA,4,3,2,2,2,0,4,4,4,NA,NA,NA,NA,NA,NA,NA,100,100,2,1,NA,NA,1,NA,NA,1,NA,NA,5,NA,NA,5,NA,NA,5,NA,1,1,1,98,98,8,26,1,35,0,17,0,9,0,10,0,10,NA,NA,NA,NA,NA,NA,NA,NA,NA,NA,NA,NA,NA,NA,NA,1,NA,NA,NA,treatment,Republican,NA,NA,NA,NA,NA,NA,NA,NA,1302,NA,5460,NA,NA,NA,NA,NA,NA,NA,NA,NA,NA,58,NA,NA,NA,NA,NA,NA,NA,NA,NA,6,Weak R,2,Republican,1,Non-MAGA,Moderate,1,3,Treatment R,1,2,Match,100,100,98,98,8,1,0,0,0,0,NA,NA,NA,NA,NA,NA,26,35,17,9,10,10,NA,NA,NA,NA,NA,NA,2.25,medium,1,4,1,0,0,1,0,0,1,0,0,100,98,100,98,-2,-2,0,-2,-2,0,1,1.5,17.833333333333332,NA,17.833333333333332,2.25,0,21.75,10,8,1,0,0,0,0,26,35,17,9,10,10
NA,NA,0,NA,100,607,1,NA,NA,NA,NA,NA,NA,42.1501,-71.8684,NA,NA,1,1,3,NA,1,3,NA,NA,NA,NA,0,NA,NA,NA,2,3,1,3,2,4,2,80,22,2,NA,NA,NA,1,NA,NA,NA,NA,NA,NA,NA,NA,2,NA,NA,NA,NA,NA,NA,NA,80,19,NA,NA,NA,NA,NA,NA,NA,NA,NA,NA,NA,NA,3,3,1,6,84,0,72,0,61,0,75,0,53,0,80,0,NA,NA,NA,treatment,Democrat,NA,NA,NA,NA,NA,NA,NA,NA,619,NA,671,NA,NA,NA,NA,NA,NA,NA,NA,NA,NA,35,NA,NA,NA,NA,NA,NA,NA,NA,NA,3,Lean D,0,Independent,0,Non-MAGA,Slightly liberal,1,4,Treatment D,0,1,Mismatch,22,80,19,80,NA,NA,NA,NA,NA,NA,6,0,0,0,0,0,NA,NA,NA,NA,NA,NA,84,72,61,75,53,80,2.25,medium,1,2.6666666666666665,0,0,0,1,0,0,0,0,0,80,80,22,19,-3,0,-3,0,-3,3,7,1,70.83333333333333,70.83333333333333,NA,1.5,0,73,66.5,6,0,0,0,0,0,84,72,61,75,53,80
NA,NA,0,NA,100,425,1,NA,NA,NA,NA,NA,NA,37.0156,-121.5779,NA,NA,1,1,3,NA,3,6,3,3,1,1,0,4,4,4,NA,NA,NA,NA,NA,NA,NA,70,100,2,NA,NA,NA,NA,NA,NA,NA,1,NA,NA,NA,NA,NA,NA,NA,NA,4,3,4,1,80,100,10,50,0,21,0,2,0,0,0,0,0,0,NA,NA,NA,NA,NA,NA,NA,NA,NA,NA,NA,NA,NA,NA,NA,1,NA,NA,NA,control,Republican,NA,NA,NA,NA,NA,NA,NA,NA,438,NA,805,NA,NA,NA,NA,NA,NA,NA,NA,NA,NA,61,NA,NA,NA,NA,NA,NA,NA,NA,NA,5,Lean R,0,Independent,1,Non-MAGA,Somewhat conservative,0,1,Control R,0,0,Control,100,70,100,80,10,0,0,0,0,0,NA,NA,NA,NA,NA,NA,50,21,2,0,0,0,NA,NA,NA,NA,NA,NA,2,medium,1,4,0,0,0,0,0,0,0,1,0,100,100,70,80,0,10,-10,0,10,-10,2.6666666666666665,1.6666666666666667,12.166666666666666,NA,12.166666666666666,2.5,0,18.25,0,10,0,0,0,0,0,50,21,2,0,0,0
NA,NA,0,NA,100,206,1,NA,NA,NA,NA,NA,NA,34.0862,-117.9641,NA,NA,1,1,1,1,NA,2,NA,NA,NA,NA,0,NA,NA,NA,4,4,4,4,1,1,4,69,2,2,1,NA,NA,1,NA,NA,NA,NA,NA,3,NA,NA,4,NA,NA,NA,NA,NA,NA,NA,53,2,NA,NA,NA,NA,NA,NA,NA,NA,NA,NA,NA,NA,5,5,5,67,83,67,87,57,93,48,79,63,81,45,100,0,NA,NA,NA,treatment,Democrat,NA,NA,NA,NA,NA,NA,NA,NA,214,NA,2105,NA,NA,NA,NA,NA,NA,NA,NA,NA,NA,22,NA,NA,NA,NA,NA,NA,NA,NA,NA,2,Weak D,1,Democrat,0,Non-MAGA,Somewhat liberal,1,4,Treatment D,0,1,Mismatch,2,69,2,53,NA,NA,NA,NA,NA,NA,67,67,57,48,63,45,NA,NA,NA,NA,NA,NA,83,87,93,79,81,100,4,strong,2,2,1,0,0,1,0,0,0,0,0,69,53,2,2,0,-16,16,-16,0,-16,5,57.833333333333336,87.16666666666667,87.16666666666667,NA,59.75,54,85.5,90.5,67,67,57,48,63,45,83,87,93,79,81,100
NA,NA,0,NA,100,863,1,NA,NA,NA,NA,NA,NA,30.3478,-81.6493,NA,NA,1,1,3,NA,1,2,NA,NA,NA,NA,0,NA,NA,NA,1,3,2,2,3,3,3,46,23,2,NA,1,NA,1,1,NA,1,NA,NA,NA,4,NA,2,3,NA,3,NA,NA,NA,NA,46,22,NA,NA,NA,NA,NA,NA,NA,NA,NA,NA,NA,NA,3,2,2,50,50,10,9,0,0,0,0,0,25,0,27,0,NA,NA,NA,treatment,Democrat,NA,NA,NA,NA,NA,NA,NA,NA,871,NA,6280,NA,NA,NA,NA,NA,NA,NA,NA,NA,NA,33,NA,NA,NA,NA,NA,NA,NA,NA,NA,3,Lean D,0,Independent,0,Non-MAGA,Somewhat liberal,1,4,Treatment D,0,1,Mismatch,23,46,22,46,NA,NA,NA,NA,NA,NA,50,10,0,0,0,0,NA,NA,NA,NA,NA,NA,50,9,0,0,25,27,2,medium,1,3,0,1,0,1,1,0,1,0,0,46,46,23,22,-1,0,-1,0,-1,1,7,10,18.5,18.5,NA,15,0,14.75,26,50,10,0,0,0,0,50,9,0,0,25,27
NA,NA,0,NA,100,321,1,NA,NA,NA,NA,NA,NA,34.1994,-118.5972,NA,NA,1,1,2,2,NA,7,4,4,4,4,1,1,1,1,NA,NA,NA,NA,NA,NA,NA,0,100,2,NA,NA,NA,NA,NA,NA,1,NA,NA,NA,NA,NA,NA,NA,NA,3,NA,5,5,5,0,100,68,29,0,0,3,3,0,0,4,13,0,0,NA,NA,NA,NA,NA,NA,NA,NA,NA,NA,NA,NA,NA,NA,NA,2,NA,NA,NA,control,Republican,NA,NA,NA,NA,NA,NA,NA,NA,334,NA,3778,NA,NA,NA,NA,NA,NA,NA,NA,NA,NA,62,NA,NA,NA,NA,NA,NA,NA,NA,NA,7,Strong R,2,Republican,1,MAGA,Very conservative,0,1,Control R,0,0,Control,100,0,100,0,68,0,3,0,4,0,NA,NA,NA,NA,NA,NA,29,0,3,0,13,0,NA,NA,NA,NA,NA,NA,4,strong,2,1,0,0,0,0,0,0,1,0,0,100,100,0,0,0,0,0,0,0,0,5,12.5,7.5,NA,7.5,17.75,2,8,6.5,68,0,3,0,4,0,29,0,3,0,13,0
NA,NA,0,NA,100,1250,1,NA,NA,NA,NA,NA,NA,40.65,-112.0061,NA,NA,1,1,2,1,NA,6,1,1,1,4,0,3,3,2,NA,NA,NA,NA,NA,NA,NA,11,79,2,NA,NA,NA,NA,NA,NA,NA,NA,1,NA,NA,NA,NA,NA,NA,NA,NA,4,4,4,12,72,73,72,72,75,12,14,12,7,9,12,2,7,NA,NA,NA,NA,NA,NA,NA,NA,NA,NA,NA,NA,NA,NA,NA,1,NA,NA,NA,control,Republican,NA,NA,NA,NA,NA,NA,NA,NA,1325,NA,2794,NA,NA,NA,NA,NA,NA,NA,NA,NA,NA,32,NA,NA,NA,NA,NA,NA,NA,NA,NA,6,Weak R,2,Republican,1,Non-MAGA,Somewhat conservative,0,1,Control R,0,0,Control,79,11,72,12,73,72,12,12,9,2,NA,NA,NA,NA,NA,NA,72,75,14,7,12,7,NA,NA,NA,NA,NA,NA,1.75,medium,1,2.6666666666666665,0,0,0,0,0,0,0,0,1,79,72,11,12,-7,1,-8,-7,1,-8,4,30,31.166666666666668,NA,31.166666666666668,42.25,5.5,42,9.5,73,72,12,12,9,2,72,75,14,7,12,7
NA,NA,0,NA,100,250,1,NA,NA,NA,NA,NA,NA,27.8942,-82.6746,NA,NA,1,1,1,1,NA,2,NA,NA,NA,NA,0,NA,NA,NA,3,NA,2,2,2,2,2,71,27,2,NA,NA,NA,NA,NA,1,1,NA,NA,NA,NA,NA,NA,NA,2,4,NA,NA,NA,NA,68,27,NA,NA,NA,NA,NA,NA,NA,NA,NA,NA,NA,NA,5,3,2,19,13,15,15,0,0,7,7,0,17,0,18,0,NA,NA,NA,control,Democrat,NA,NA,NA,NA,NA,NA,NA,NA,259,NA,1330,NA,NA,NA,NA,NA,NA,NA,NA,NA,NA,64,NA,NA,NA,NA,NA,NA,NA,NA,NA,2,Weak D,1,Democrat,0,Non-MAGA,Somewhat liberal,0,2,Control D,0,0,Control,27,71,27,68,NA,NA,NA,NA,NA,NA,19,15,0,7,0,0,NA,NA,NA,NA,NA,NA,13,15,0,7,17,18,NA,NA,NA,2,0,0,0,0,0,1,1,0,0,71,68,27,27,0,-3,3,-3,0,-3,3.3333333333333335,6.833333333333333,11.666666666666666,11.666666666666666,NA,10.25,0,8.75,17.5,19,15,0,7,0,0,13,15,0,7,17,18
NA,NA,0,NA,100,1899,1,NA,NA,NA,NA,NA,NA,30.4908,-84.3158,NA,NA,1,1,1,2,NA,2,NA,NA,NA,NA,0,NA,NA,NA,4,3,3,3,3,4,2,45,4,2,NA,NA,NA,NA,NA,1,NA,NA,NA,NA,NA,NA,NA,NA,2,NA,NA,NA,NA,NA,40,18,NA,NA,NA,NA,NA,NA,NA,NA,NA,NA,NA,NA,3,3,1,45,42,56,41,40,40,40,42,43,43,35,44,0,NA,NA,NA,control,Democrat,NA,NA,NA,NA,NA,NA,NA,NA,1909,NA,529,NA,NA,NA,NA,NA,NA,NA,NA,NA,NA,26,NA,NA,NA,NA,NA,NA,NA,NA,NA,1,Strong D,1,Democrat,0,Non-MAGA,Somewhat liberal,0,2,Control D,0,0,Control,4,45,18,40,NA,NA,NA,NA,NA,NA,45,56,40,40,43,35,NA,NA,NA,NA,NA,NA,42,41,40,42,43,44,3.25,strong,2,3,0,0,0,0,0,1,0,0,0,45,40,4,18,14,-5,19,-5,14,-19,2.3333333333333335,43.166666666666664,42,42,NA,45.25,39,41.25,43.5,45,56,40,40,43,35,42,41,40,42,43,44
NA,NA,0,NA,100,761,1,NA,NA,NA,NA,NA,NA,44.5928,-123.2746,NA,NA,1,1,2,1,NA,6,2,2,3,3,0,3,3,2,NA,NA,NA,NA,NA,NA,NA,27,78,2,NA,NA,NA,NA,NA,1,NA,NA,NA,NA,NA,NA,NA,NA,2,NA,NA,3,3,2,27,78,92,88,9,11,17,31,0,0,7,18,0,14,NA,NA,NA,NA,NA,NA,NA,NA,NA,NA,NA,NA,NA,NA,NA,1,NA,NA,NA,control,Republican,NA,NA,NA,NA,NA,NA,NA,NA,779,NA,612,NA,NA,NA,NA,NA,NA,NA,NA,NA,NA,45,NA,NA,NA,NA,NA,NA,NA,NA,NA,6,Weak R,2,Republican,1,Non-MAGA,Somewhat conservative,0,1,Control R,0,0,Control,78,27,78,27,92,9,17,0,7,0,NA,NA,NA,NA,NA,NA,88,11,31,0,18,14,NA,NA,NA,NA,NA,NA,2.5,medium,1,2.6666666666666665,0,0,0,0,0,1,0,0,0,78,78,27,27,0,0,0,0,0,0,2.6666666666666665,20.833333333333332,27,NA,27,29.5,3.5,32.5,16,92,9,17,0,7,0,88,11,31,0,18,14
NA,NA,0,NA,100,345,1,NA,NA,NA,NA,NA,NA,33.6262,-112.0074,NA,NA,1,1,1,2,NA,1,NA,NA,NA,NA,0,NA,NA,NA,3,3,3,5,3,3,2,80,20,2,NA,NA,NA,NA,NA,NA,NA,1,NA,NA,NA,NA,NA,NA,NA,NA,4,NA,NA,NA,80,20,NA,NA,NA,NA,NA,NA,NA,NA,NA,NA,NA,NA,5,4,3,50,50,10,10,0,0,0,0,0,0,0,0,0,NA,NA,NA,control,Democrat,NA,NA,NA,NA,NA,NA,NA,NA,355,NA,2209,NA,NA,NA,NA,NA,NA,NA,NA,NA,NA,37,NA,NA,NA,NA,NA,NA,NA,NA,NA,1,Strong D,1,Democrat,0,Non-MAGA,Very liberal,0,2,Control D,0,0,Control,20,80,20,80,NA,NA,NA,NA,NA,NA,50,10,0,0,0,0,NA,NA,NA,NA,NA,NA,50,10,0,0,0,0,3.5,strong,2,2.6666666666666665,0,0,0,0,0,0,0,1,0,80,80,20,20,0,0,0,0,0,0,4,10,10,10,NA,15,0,15,0,50,10,0,0,0,0,50,10,0,0,0,0
NA,NA,0,NA,100,526,1,NA,NA,NA,NA,NA,NA,40.87,-72.5231,NA,NA,1,1,1,2,NA,2,NA,NA,NA,NA,0,NA,NA,NA,4,4,2,3,3,2,3,71,18,2,NA,NA,NA,1,NA,NA,1,NA,NA,NA,NA,NA,4,NA,NA,5,NA,NA,NA,NA,70,20,NA,NA,NA,NA,NA,NA,NA,NA,NA,NA,NA,NA,4,2,1,100,28,11,8,0,34,0,36,0,36,0,50,0,NA,NA,NA,treatment,Democrat,NA,NA,NA,NA,NA,NA,NA,NA,533,NA,428,NA,NA,NA,NA,NA,NA,NA,NA,NA,NA,37,NA,NA,NA,NA,NA,NA,NA,NA,NA,1,Strong D,1,Democrat,0,Non-MAGA,Somewhat liberal,1,4,Treatment D,0,1,Mismatch,18,71,20,70,NA,NA,NA,NA,NA,NA,100,11,0,0,0,0,NA,NA,NA,NA,NA,NA,28,8,34,36,36,50,3.25,strong,2,2.6666666666666665,0,0,0,1,0,0,1,0,0,71,70,18,20,2,-1,3,-1,2,-3,2.3333333333333335,18.5,32,32,NA,27.75,0,26.5,43,100,11,0,0,0,0,28,8,34,36,36,50
NA,NA,0,NA,100,484,1,NA,NA,NA,NA,NA,NA,41.947,-80.5492,NA,NA,1,1,1,2,NA,1,NA,NA,NA,NA,0,NA,NA,NA,2,2,3,3,1,2,1,55,0,2,1,NA,NA,1,NA,1,1,NA,NA,4,NA,NA,5,NA,3,4,NA,NA,NA,NA,55,0,NA,NA,NA,NA,NA,NA,NA,NA,NA,NA,NA,NA,5,5,5,60,90,100,55,50,56,45,53,55,97,77,86,0,NA,NA,NA,treatment,Democrat,NA,NA,NA,NA,NA,NA,NA,NA,495,NA,3500,NA,NA,NA,NA,NA,NA,NA,NA,NA,NA,31,NA,NA,NA,NA,NA,NA,NA,NA,NA,1,Strong D,1,Democrat,0,Non-MAGA,Very liberal,1,4,Treatment D,0,1,Mismatch,0,55,0,55,NA,NA,NA,NA,NA,NA,60,100,50,45,55,77,NA,NA,NA,NA,NA,NA,90,55,56,53,97,86,2.5,medium,1,1.3333333333333333,1,0,0,1,0,1,1,0,0,55,55,0,0,0,0,0,0,0,0,5,64.5,72.83333333333333,72.83333333333333,NA,63.75,66,63.5,91.5,60,100,50,45,55,77,90,55,56,53,97,86
NA,NA,0,NA,100,948,1,NA,NA,NA,NA,NA,NA,32.8869,-83.6021,NA,NA,1,1,2,1,NA,6,3,3,1,3,0,4,4,4,NA,NA,NA,NA,NA,NA,NA,53,75,2,NA,NA,NA,NA,NA,1,NA,NA,NA,NA,NA,NA,NA,NA,3,NA,NA,3,2,1,55,77,55,62,55,57,12,33,13,28,0,8,0,3,NA,NA,NA,NA,NA,NA,NA,NA,NA,NA,NA,NA,NA,NA,NA,1,NA,NA,NA,treatment,Republican,NA,NA,NA,NA,NA,NA,NA,NA,963,NA,1603,NA,NA,NA,NA,NA,NA,NA,NA,NA,NA,44,NA,NA,NA,NA,NA,NA,NA,NA,NA,6,Weak R,2,Republican,1,Non-MAGA,Somewhat conservative,1,3,Treatment R,1,2,Match,75,53,77,55,55,55,12,13,0,0,NA,NA,NA,NA,NA,NA,62,57,33,28,8,3,NA,NA,NA,NA,NA,NA,2.5,medium,1,4,0,0,0,0,0,1,0,0,0,75,77,53,55,2,2,0,2,2,0,2,22.5,31.833333333333332,NA,31.833333333333332,33.75,0,45,5.5,55,55,12,13,0,0,62,57,33,28,8,3
NA,NA,0,NA,100,622,1,NA,NA,NA,NA,NA,NA,33.8206,-84.0229,NA,NA,1,1,3,NA,3,4,1,2,1,1,0,3,4,4,NA,NA,NA,NA,NA,NA,NA,NA,50,2,NA,NA,NA,1,NA,NA,1,NA,1,NA,NA,NA,2,NA,NA,2,NA,3,3,3,50,50,50,85,10,85,0,30,10,45,0,30,0,30,NA,NA,NA,NA,NA,NA,NA,NA,NA,NA,NA,NA,NA,NA,NA,1,NA,NA,NA,treatment,Republican,NA,NA,NA,NA,NA,NA,NA,NA,636,NA,474,NA,NA,NA,NA,NA,NA,NA,NA,NA,NA,56,NA,NA,NA,NA,NA,NA,NA,NA,NA,5,Lean R,0,Independent,1,Non-MAGA,Moderate,1,3,Treatment R,1,2,Match,50,NA,50,50,50,10,0,10,0,0,NA,NA,NA,NA,NA,NA,85,85,30,45,30,30,NA,NA,NA,NA,NA,NA,1.25,weak,NA,3.6666666666666665,0,0,0,1,0,0,1,0,1,50,50,NA,50,0,NA,NA,0,NA,NA,3,11.666666666666666,50.833333333333336,NA,50.833333333333336,17.5,0,61.25,30,50,10,0,10,0,0,85,85,30,45,30,30
NA,NA,0,NA,100,497,1,NA,NA,NA,NA,NA,NA,37.7836,-122.4353,NA,NA,1,1,1,2,NA,2,NA,NA,NA,NA,0,NA,NA,NA,4,4,3,4,2,2,2,82,18,2,NA,NA,NA,NA,NA,NA,NA,1,NA,NA,NA,NA,NA,NA,NA,NA,2,NA,NA,NA,82,21,NA,NA,NA,NA,NA,NA,NA,NA,NA,NA,NA,NA,5,4,1,29,27,18,62,7,21,18,65,1,16,1,29,0,NA,NA,NA,control,Democrat,NA,NA,NA,NA,NA,NA,NA,NA,514,NA,1029,NA,NA,NA,NA,NA,NA,NA,NA,NA,NA,35,NA,NA,NA,NA,NA,NA,NA,NA,NA,1,Strong D,1,Democrat,0,Non-MAGA,Somewhat liberal,0,2,Control D,0,0,Control,18,82,21,82,NA,NA,NA,NA,NA,NA,29,18,7,18,1,1,NA,NA,NA,NA,NA,NA,27,62,21,65,16,29,3.75,strong,2,2,0,0,0,0,0,0,0,1,0,82,82,18,21,3,0,3,0,3,-3,3.3333333333333335,12.333333333333334,36.666666666666664,36.666666666666664,NA,18,1,43.75,22.5,29,18,7,18,1,1,27,62,21,65,16,29
NA,NA,0,NA,100,292,1,NA,NA,NA,NA,NA,NA,41.9555,-87.6613,NA,NA,1,1,1,2,NA,2,NA,NA,NA,NA,0,NA,NA,NA,3,4,4,3,1,2,2,75,5,2,NA,NA,1,NA,NA,1,NA,NA,NA,NA,NA,2,NA,NA,4,NA,NA,NA,NA,NA,75,5,NA,NA,NA,NA,NA,NA,NA,NA,NA,NA,NA,NA,5,4,2,40,80,5,30,0,10,0,5,0,10,0,10,0,NA,NA,NA,control,Democrat,NA,NA,NA,NA,NA,NA,NA,NA,300,NA,8280,NA,NA,NA,NA,NA,NA,NA,NA,NA,NA,36,NA,NA,NA,NA,NA,NA,NA,NA,NA,1,Strong D,1,Democrat,0,Non-MAGA,Somewhat liberal,0,2,Control D,0,0,Control,5,75,5,75,NA,NA,NA,NA,NA,NA,40,5,0,0,0,0,NA,NA,NA,NA,NA,NA,80,30,10,5,10,10,3.5,strong,2,1.6666666666666667,0,0,1,0,0,1,0,0,0,75,75,5,5,0,0,0,0,0,0,3.6666666666666665,7.5,24.166666666666668,24.166666666666668,NA,11.25,0,31.25,10,40,5,0,0,0,0,80,30,10,5,10,10
NA,NA,0,NA,100,927,1,NA,NA,NA,NA,NA,NA,28.801,-81.734,NA,NA,1,1,3,NA,1,2,NA,NA,NA,NA,0,NA,NA,NA,1,2,1,1,3,3,2,65,10,2,1,NA,NA,1,NA,NA,1,NA,NA,5,NA,NA,4,NA,NA,3,NA,NA,NA,NA,60,10,NA,NA,NA,NA,NA,NA,NA,NA,NA,NA,NA,NA,4,4,1,65,60,10,10,0,30,0,30,0,0,0,30,0,NA,NA,NA,treatment,Democrat,NA,NA,NA,NA,NA,NA,NA,NA,937,NA,169,NA,NA,NA,NA,NA,NA,NA,NA,NA,NA,44,NA,NA,NA,NA,NA,NA,NA,NA,NA,3,Lean D,0,Independent,0,Non-MAGA,Somewhat liberal,1,4,Treatment D,0,1,Mismatch,10,65,10,60,NA,NA,NA,NA,NA,NA,65,10,0,0,0,0,NA,NA,NA,NA,NA,NA,60,10,30,30,0,30,1.25,weak,NA,2.6666666666666665,1,0,0,1,0,0,1,0,0,65,60,10,10,0,-5,5,-5,0,-5,9,12.5,26.666666666666668,26.666666666666668,NA,18.75,0,32.5,15,65,10,0,0,0,0,60,10,30,30,0,30
NA,NA,0,NA,100,489,1,NA,NA,NA,NA,NA,NA,39.6253,-104.7863,NA,NA,1,1,1,2,NA,2,NA,NA,NA,NA,0,NA,NA,NA,3,4,2,5,2,3,3,65,30,2,NA,1,1,NA,1,NA,1,NA,NA,NA,5,4,NA,3,NA,2,NA,NA,NA,NA,65,30,NA,NA,NA,NA,NA,NA,NA,NA,NA,NA,NA,NA,4,1,1,30,75,10,60,5,40,0,25,0,55,0,65,0,NA,NA,NA,control,Democrat,NA,NA,NA,NA,NA,NA,NA,NA,499,NA,275,NA,NA,NA,NA,NA,NA,NA,NA,NA,NA,45,NA,NA,NA,NA,NA,NA,NA,NA,NA,1,Strong D,1,Democrat,0,Non-MAGA,Somewhat liberal,0,2,Control D,0,0,Control,30,65,30,65,NA,NA,NA,NA,NA,NA,30,10,5,0,0,0,NA,NA,NA,NA,NA,NA,75,60,40,25,55,65,3.5,strong,2,2.6666666666666665,0,1,1,0,1,0,1,0,0,65,65,30,30,0,0,0,0,0,0,2,7.5,53.333333333333336,53.333333333333336,NA,11.25,0,50,60,30,10,5,0,0,0,75,60,40,25,55,65
NA,NA,0,NA,100,311,1,NA,NA,NA,NA,NA,NA,41.8835,-87.6305,NA,NA,1,1,1,2,NA,2,NA,NA,NA,NA,0,NA,NA,NA,4,3,4,4,4,4,2,77,39,2,1,NA,NA,1,NA,NA,NA,NA,NA,3,NA,NA,5,NA,NA,NA,NA,NA,NA,NA,73,30,NA,NA,NA,NA,NA,NA,NA,NA,NA,NA,NA,NA,2,3,1,66,70,55,61,10,19,0,0,0,0,0,5,0,NA,NA,NA,treatment,Democrat,NA,NA,NA,NA,NA,NA,NA,NA,321,NA,564,NA,NA,NA,NA,NA,NA,NA,NA,NA,NA,46,NA,NA,NA,NA,NA,NA,NA,NA,NA,1,Strong D,1,Democrat,0,Non-MAGA,Somewhat liberal,1,4,Treatment D,0,1,Mismatch,39,77,30,73,NA,NA,NA,NA,NA,NA,66,55,10,0,0,0,NA,NA,NA,NA,NA,NA,70,61,19,0,0,5,3.75,strong,2,3.3333333333333335,1,0,0,1,0,0,0,0,0,77,73,39,30,-9,-4,-5,-4,-9,5,2,21.833333333333332,25.833333333333332,25.833333333333332,NA,32.75,0,37.5,2.5,66,55,10,0,0,0,70,61,19,0,0,5
NA,NA,0,NA,100,350,1,NA,NA,NA,NA,NA,NA,40.6537,-73.999,NA,NA,1,1,1,2,NA,2,NA,NA,NA,NA,0,NA,NA,NA,4,4,4,4,2,2,2,94,18,2,1,NA,NA,1,1,1,1,1,NA,2,NA,NA,4,4,4,2,4,NA,NA,NA,91,16,NA,NA,NA,NA,NA,NA,NA,NA,NA,NA,NA,NA,2,2,3,50,62,63,64,0,58,0,66,0,69,0,62,0,NA,NA,NA,control,Democrat,NA,NA,NA,NA,NA,NA,NA,NA,359,NA,254,NA,NA,NA,NA,NA,NA,NA,NA,NA,NA,34,NA,NA,NA,NA,NA,NA,NA,NA,NA,1,Strong D,1,Democrat,0,Non-MAGA,Somewhat liberal,0,2,Control D,0,0,Control,18,94,16,91,NA,NA,NA,NA,NA,NA,50,63,0,0,0,0,NA,NA,NA,NA,NA,NA,62,64,58,66,69,62,4,strong,2,2,1,0,0,1,1,1,1,1,0,94,91,18,16,-2,-3,1,-3,-2,-1,2.3333333333333335,18.833333333333332,63.5,63.5,NA,28.25,0,62.5,65.5,50,63,0,0,0,0,62,64,58,66,69,62
NA,NA,0,NA,100,284,1,NA,NA,NA,NA,NA,NA,30.5045,-97.8209,NA,NA,1,1,1,1,NA,1,NA,NA,NA,NA,0,NA,NA,NA,2,3,3,2,1,2,1,33,13,2,NA,NA,NA,NA,NA,NA,NA,NA,1,NA,NA,NA,NA,NA,NA,NA,NA,NA,NA,NA,35,9,NA,NA,NA,NA,NA,NA,NA,NA,NA,NA,NA,NA,5,5,4,82,24,62,71,40,78,23,76,66,27,60,90,0,NA,NA,NA,control,Democrat,NA,NA,NA,NA,NA,NA,NA,NA,296,NA,2561,NA,NA,NA,NA,NA,NA,NA,NA,NA,NA,30,NA,NA,NA,NA,NA,NA,NA,NA,NA,2,Weak D,1,Democrat,0,Non-MAGA,Very liberal,0,2,Control D,0,0,Control,13,33,9,35,NA,NA,NA,NA,NA,NA,82,62,40,23,66,60,NA,NA,NA,NA,NA,NA,24,71,78,76,27,90,2.5,medium,1,1.3333333333333333,0,0,0,0,0,0,0,0,1,33,35,13,9,-4,2,-6,2,-4,6,4.666666666666667,55.5,61,61,NA,51.75,63,62.25,58.5,82,62,40,23,66,60,24,71,78,76,27,90
NA,NA,0,NA,100,430,1,NA,NA,NA,NA,NA,NA,40.0345,-75.1193,NA,NA,1,1,1,2,NA,6,NA,NA,NA,NA,0,NA,NA,NA,4,4,4,2,4,4,1,80,50,2,1,NA,NA,1,NA,NA,1,NA,NA,3,NA,NA,3,NA,NA,3,NA,NA,NA,NA,80,50,NA,NA,NA,NA,NA,NA,NA,NA,NA,NA,NA,NA,2,1,1,50,50,0,0,0,0,0,0,0,0,0,0,0,NA,NA,NA,treatment,Democrat,NA,NA,NA,NA,NA,NA,NA,NA,444,NA,2780,NA,NA,NA,NA,NA,NA,NA,NA,NA,NA,66,NA,NA,NA,NA,NA,NA,NA,NA,NA,1,Strong D,1,Democrat,0,Non-MAGA,Somewhat conservative,1,4,Treatment D,0,1,Mismatch,50,80,50,80,NA,NA,NA,NA,NA,NA,50,0,0,0,0,0,NA,NA,NA,NA,NA,NA,50,0,0,0,0,0,3.5,strong,2,3,1,0,0,1,0,0,1,0,0,80,80,50,50,0,0,0,0,0,0,1.3333333333333333,8.333333333333334,8.333333333333334,8.333333333333334,NA,12.5,0,12.5,0,50,0,0,0,0,0,50,0,0,0,0,0
NA,NA,0,NA,100,275,1,NA,NA,NA,NA,NA,NA,34.9564,-81.9868,NA,NA,1,1,2,2,NA,7,5,5,5,5,1,4,4,1,NA,NA,NA,NA,NA,NA,NA,90,100,2,NA,NA,NA,NA,NA,NA,NA,1,NA,NA,NA,NA,NA,NA,NA,NA,5,1,1,1,90,100,10,15,0,8,0,0,10,9,0,0,0,0,NA,NA,NA,NA,NA,NA,NA,NA,NA,NA,NA,NA,NA,NA,NA,2,NA,NA,NA,control,Republican,NA,NA,NA,NA,NA,NA,NA,NA,303,NA,4879,NA,NA,NA,NA,NA,NA,NA,NA,NA,NA,30,NA,NA,NA,NA,NA,NA,NA,NA,NA,7,Strong R,2,Republican,1,MAGA,Very conservative,0,1,Control R,0,0,Control,100,90,100,90,10,0,0,10,0,0,NA,NA,NA,NA,NA,NA,15,8,0,9,0,0,NA,NA,NA,NA,NA,NA,5,strong,2,3,0,0,0,0,0,0,0,1,0,100,100,90,90,0,0,0,0,0,0,1,3.3333333333333335,5.333333333333333,NA,5.333333333333333,5,0,8,0,10,0,0,10,0,0,15,8,0,9,0,0
NA,NA,0,NA,100,269,1,NA,NA,NA,NA,NA,NA,39.013,-76.6742,NA,NA,1,1,1,2,NA,1,NA,NA,NA,NA,0,NA,NA,NA,5,4,1,3,2,1,2,93,0,2,1,NA,NA,1,NA,NA,NA,NA,NA,4,NA,NA,5,NA,NA,NA,NA,NA,NA,NA,95,0,NA,NA,NA,NA,NA,NA,NA,NA,NA,NA,NA,NA,5,5,5,79,84,22,86,2,86,5,93,0,91,6,1,0,NA,NA,NA,treatment,Democrat,NA,NA,NA,NA,NA,NA,NA,NA,279,NA,11212,NA,NA,NA,NA,NA,NA,NA,NA,NA,NA,39,NA,NA,NA,NA,NA,NA,NA,NA,NA,1,Strong D,1,Democrat,0,Non-MAGA,Very liberal,1,4,Treatment D,0,1,Mismatch,0,93,0,95,NA,NA,NA,NA,NA,NA,79,22,2,5,0,6,NA,NA,NA,NA,NA,NA,84,86,86,93,91,1,3.25,strong,2,1.6666666666666667,1,0,0,1,0,0,0,0,0,93,95,0,0,0,2,-2,2,0,2,5,19,73.5,73.5,NA,27,3,87.25,46,79,22,2,5,0,6,84,86,86,93,91,1
NA,NA,0,NA,100,632,1,NA,NA,NA,NA,NA,NA,37.8334,-86.6328,NA,NA,0.899999976158142,1,2,1,NA,6,3,3,2,3,1,3,4,4,NA,NA,NA,NA,NA,NA,NA,35,60,2,NA,NA,NA,NA,NA,1,NA,NA,NA,NA,NA,NA,NA,NA,2,NA,NA,3,2,2,35,65,70,80,20,50,0,15,0,5,0,5,0,5,NA,NA,NA,NA,NA,NA,NA,NA,NA,NA,NA,NA,NA,NA,NA,2,NA,NA,NA,treatment,Republican,NA,NA,NA,NA,NA,NA,NA,NA,654,NA,46,NA,NA,NA,NA,NA,NA,NA,NA,NA,NA,20,NA,NA,NA,NA,NA,NA,NA,NA,NA,6,Weak R,2,Republican,1,MAGA,Somewhat conservative,1,3,Treatment R,1,2,Match,60,35,65,35,70,20,0,0,0,0,NA,NA,NA,NA,NA,NA,80,50,15,5,5,5,NA,NA,NA,NA,NA,NA,2.75,medium,1,3.6666666666666665,0,0,0,0,0,1,0,0,0,60,65,35,35,5,0,5,5,0,5,2.3333333333333335,15,26.666666666666668,NA,26.666666666666668,22.5,0,37.5,5,70,20,0,0,0,0,80,50,15,5,5,5
NA,NA,0,NA,100,340,1,NA,NA,NA,NA,NA,NA,45.3779,-122.6201,NA,NA,1,1,2,2,NA,6,3,4,3,4,0,3,4,4,NA,NA,NA,NA,NA,NA,NA,90,75,2,NA,NA,NA,NA,NA,NA,NA,1,NA,NA,NA,NA,NA,NA,NA,NA,4,3,3,3,70,90,55,55,70,80,80,60,50,50,40,40,10,30,NA,NA,NA,NA,NA,NA,NA,NA,NA,NA,NA,NA,NA,NA,NA,1,NA,NA,NA,treatment,Republican,NA,NA,NA,NA,NA,NA,NA,NA,350,NA,177,NA,NA,NA,NA,NA,NA,NA,NA,NA,NA,19,NA,NA,NA,NA,NA,NA,NA,NA,NA,7,Strong R,2,Republican,1,Non-MAGA,Somewhat conservative,1,3,Treatment R,1,2,Match,75,90,90,70,55,70,80,50,40,10,NA,NA,NA,NA,NA,NA,55,80,60,50,40,30,NA,NA,NA,NA,NA,NA,3.5,strong,2,3.6666666666666665,0,0,0,0,0,0,0,1,0,75,90,90,70,15,-20,35,15,-20,35,3,50.833333333333336,52.5,NA,52.5,63.75,25,61.25,35,55,70,80,50,40,10,55,80,60,50,40,30
NA,NA,0,NA,100,554,1,NA,NA,NA,NA,NA,NA,42.5516,-71.9067,NA,NA,1,1,1,2,NA,2,NA,NA,NA,NA,0,NA,NA,NA,4,4,4,4,2,3,3,93,19,2,NA,NA,NA,NA,NA,NA,NA,1,NA,NA,NA,NA,NA,NA,NA,NA,5,NA,NA,NA,90,18,NA,NA,NA,NA,NA,NA,NA,NA,NA,NA,NA,NA,4,2,1,31,9,10,29,1,7,0,7,0,8,0,8,0,NA,NA,NA,control,Democrat,NA,NA,NA,NA,NA,NA,NA,NA,566,NA,6385,NA,NA,NA,NA,NA,NA,NA,NA,NA,NA,38,NA,NA,NA,NA,NA,NA,NA,NA,NA,1,Strong D,1,Democrat,0,Non-MAGA,Somewhat liberal,0,2,Control D,0,0,Control,19,93,18,90,NA,NA,NA,NA,NA,NA,31,10,1,0,0,0,NA,NA,NA,NA,NA,NA,9,29,7,7,8,8,4,strong,2,2.6666666666666665,0,0,0,0,0,0,0,1,0,93,90,19,18,-1,-3,2,-3,-1,-2,2.3333333333333335,7,11.333333333333334,11.333333333333334,NA,10.5,0,13,8,31,10,1,0,0,0,9,29,7,7,8,8
NA,NA,0,NA,100,705,1,NA,NA,NA,NA,NA,NA,33.5631,-84.5832,NA,NA,1,1,1,1,NA,2,NA,NA,NA,NA,0,NA,NA,NA,3,3,4,4,NA,2,2,87,0,2,1,NA,NA,1,1,1,1,NA,NA,5,NA,NA,5,3,4,5,NA,NA,NA,NA,87,0,NA,NA,NA,NA,NA,NA,NA,NA,NA,NA,NA,NA,5,5,5,0,0,0,100,0,0,0,0,0,100,0,100,0,NA,NA,NA,treatment,Democrat,NA,NA,NA,NA,NA,NA,NA,NA,716,NA,1746,NA,NA,NA,NA,NA,NA,NA,NA,NA,NA,68,NA,NA,NA,NA,NA,NA,NA,NA,NA,2,Weak D,1,Democrat,0,Non-MAGA,Somewhat liberal,1,4,Treatment D,0,1,Mismatch,0,87,0,87,NA,NA,NA,NA,NA,NA,0,0,0,0,0,0,NA,NA,NA,NA,NA,NA,0,100,0,0,100,100,3.5,strong,2,NA,1,0,0,1,1,1,1,0,0,87,87,0,0,0,0,0,0,0,0,5,0,50,50,NA,0,0,25,100,0,0,0,0,0,0,0,100,0,0,100,100
NA,NA,0,NA,100,778,1,NA,NA,NA,NA,NA,NA,40.7053,-74.0866,NA,NA,1,1,1,2,NA,1,NA,NA,NA,NA,0,NA,NA,NA,5,5,5,5,1,2,2,100,0,2,1,NA,NA,NA,1,1,1,NA,NA,4,NA,NA,NA,5,5,4,NA,NA,NA,NA,100,0,NA,NA,NA,NA,NA,NA,NA,NA,NA,NA,NA,NA,5,5,3,100,100,5,5,0,0,0,0,5,25,50,25,0,NA,NA,NA,control,Democrat,NA,NA,NA,NA,NA,NA,NA,NA,796,NA,2133,NA,NA,NA,NA,NA,NA,NA,NA,NA,NA,49,NA,NA,NA,NA,NA,NA,NA,NA,NA,1,Strong D,1,Democrat,0,Non-MAGA,Very liberal,0,2,Control D,0,0,Control,0,100,0,100,NA,NA,NA,NA,NA,NA,100,5,0,0,5,50,NA,NA,NA,NA,NA,NA,100,5,0,0,25,25,5,strong,2,1.6666666666666667,1,0,0,0,1,1,1,0,0,100,100,0,0,0,0,0,0,0,0,4.333333333333333,26.666666666666668,25.833333333333332,25.833333333333332,NA,26.25,27.5,26.25,25,100,5,0,0,5,50,100,5,0,0,25,25
NA,NA,0,NA,100,328,1,NA,NA,NA,NA,NA,NA,40.7429,-73.9392,NA,NA,1,1,1,2,NA,1,NA,NA,NA,NA,0,NA,NA,NA,5,3,1,2,2,2,1,77,26,2,NA,NA,NA,NA,NA,NA,NA,NA,1,NA,NA,NA,NA,NA,NA,NA,NA,NA,NA,NA,75,23,NA,NA,NA,NA,NA,NA,NA,NA,NA,NA,NA,NA,4,4,3,40,91,56,95,35,98,34,99,53,74,47,95,0,NA,NA,NA,control,Democrat,NA,NA,NA,NA,NA,NA,NA,NA,338,NA,40,NA,NA,NA,NA,NA,NA,NA,NA,NA,NA,26,NA,NA,NA,NA,NA,NA,NA,NA,NA,1,Strong D,1,Democrat,0,Non-MAGA,Very liberal,0,2,Control D,0,0,Control,26,77,23,75,NA,NA,NA,NA,NA,NA,40,56,35,34,53,47,NA,NA,NA,NA,NA,NA,91,95,98,99,74,95,2.75,medium,1,1.6666666666666667,0,0,0,0,0,0,0,0,1,77,75,26,23,-3,-2,-1,-2,-3,1,3.6666666666666665,44.166666666666664,92,92,NA,41.25,50,95.75,84.5,40,56,35,34,53,47,91,95,98,99,74,95
NA,NA,0,NA,100,198,1,NA,NA,NA,NA,NA,NA,38.7142,-90.2759,NA,NA,1,1,3,NA,3,4,2,3,3,3,1,3,3,1,NA,NA,NA,NA,NA,NA,NA,20,80,2,NA,NA,NA,NA,NA,NA,NA,1,NA,NA,NA,NA,NA,NA,NA,NA,4,1,1,3,20,80,40,80,25,50,10,29,70,81,50,40,49,39,NA,NA,NA,NA,NA,NA,NA,NA,NA,NA,NA,NA,NA,NA,NA,2,NA,NA,NA,control,Republican,NA,NA,NA,NA,NA,NA,NA,NA,207,NA,1203,NA,NA,NA,NA,NA,NA,NA,NA,NA,NA,34,NA,NA,NA,NA,NA,NA,NA,NA,NA,5,Lean R,0,Independent,1,MAGA,Moderate,0,1,Control R,0,0,Control,80,20,80,20,40,25,10,70,50,49,NA,NA,NA,NA,NA,NA,80,50,29,81,40,39,NA,NA,NA,NA,NA,NA,2.75,medium,1,2.3333333333333335,0,0,0,0,0,0,0,1,0,80,80,20,20,0,0,0,0,0,0,1.6666666666666667,40.666666666666664,53.166666666666664,NA,53.166666666666664,36.25,49.5,60,39.5,40,25,10,70,50,49,80,50,29,81,40,39
NA,NA,0,NA,100,204,1,NA,NA,NA,NA,NA,NA,41.792,-88.166,NA,NA,1,1,3,NA,1,1,NA,NA,NA,NA,0,NA,NA,NA,1,3,3,2,2,2,1,26,5,2,NA,NA,NA,1,NA,NA,NA,NA,NA,NA,NA,NA,4,NA,NA,NA,NA,NA,NA,NA,26,0,NA,NA,NA,NA,NA,NA,NA,NA,NA,NA,NA,NA,5,5,2,100,30,0,0,20,0,0,0,45,0,45,60,0,NA,NA,NA,treatment,Democrat,NA,NA,NA,NA,NA,NA,NA,NA,217,NA,192,NA,NA,NA,NA,NA,NA,NA,NA,NA,NA,26,NA,NA,NA,NA,NA,NA,NA,NA,NA,3,Lean D,0,Independent,0,Non-MAGA,Very liberal,1,4,Treatment D,0,1,Mismatch,5,26,0,26,NA,NA,NA,NA,NA,NA,100,0,20,0,45,45,NA,NA,NA,NA,NA,NA,30,0,0,0,0,60,2.25,medium,1,1.6666666666666667,0,0,0,1,0,0,0,0,0,26,26,5,0,-5,0,-5,0,-5,5,12,35,15,15,NA,30,45,7.5,30,100,0,20,0,45,45,30,0,0,0,0,60
NA,NA,0,NA,100,392,1,NA,NA,NA,NA,NA,NA,39.645,-119.8738,NA,NA,1,1,3,NA,3,4,2,2,1,2,0,3,3,3,NA,NA,NA,NA,NA,NA,NA,6,26,2,NA,NA,NA,NA,NA,NA,NA,NA,1,NA,NA,NA,NA,NA,NA,NA,NA,4,3,3,6,23,22,60,9,37,11,29,3,23,0,15,0,19,NA,NA,NA,NA,NA,NA,NA,NA,NA,NA,NA,NA,NA,NA,NA,1,NA,NA,NA,treatment,Republican,NA,NA,NA,NA,NA,NA,NA,NA,401,NA,3643,NA,NA,NA,NA,NA,NA,NA,NA,NA,NA,64,NA,NA,NA,NA,NA,NA,NA,NA,NA,5,Lean R,0,Independent,1,Non-MAGA,Moderate,1,3,Treatment R,1,2,Match,26,6,23,6,22,9,11,3,0,0,NA,NA,NA,NA,NA,NA,60,37,29,23,15,19,NA,NA,NA,NA,NA,NA,1.75,medium,1,3,0,0,0,0,0,0,0,0,1,26,23,6,6,-3,0,-3,-3,0,-3,3.3333333333333335,7.5,30.5,NA,30.5,11.25,0,37.25,17,22,9,11,3,0,0,60,37,29,23,15,19
NA,NA,0,NA,100,265,1,NA,NA,NA,NA,NA,NA,34.3851,-118.5627,NA,NA,1,1,3,NA,3,3,2,2,1,2,1,4,4,4,NA,NA,NA,NA,NA,NA,NA,25,45,2,NA,NA,NA,NA,NA,NA,NA,NA,1,NA,NA,NA,NA,NA,NA,NA,NA,4,2,1,25,40,50,70,35,65,35,55,15,35,5,55,0,15,NA,NA,NA,NA,NA,NA,NA,NA,NA,NA,NA,NA,NA,NA,NA,2,NA,NA,NA,treatment,Republican,NA,NA,NA,NA,NA,NA,NA,NA,285,NA,1878,NA,NA,NA,NA,NA,NA,NA,NA,NA,NA,36,NA,NA,NA,NA,NA,NA,NA,NA,NA,5,Lean R,0,Independent,1,MAGA,Slightly liberal,1,3,Treatment R,1,2,Match,45,25,40,25,50,35,35,15,5,0,NA,NA,NA,NA,NA,NA,70,65,55,35,55,15,NA,NA,NA,NA,NA,NA,1.75,medium,1,4,0,0,0,0,0,0,0,0,1,45,40,25,25,-5,0,-5,-5,0,-5,2.3333333333333335,23.333333333333332,49.166666666666664,NA,49.166666666666664,33.75,2.5,56.25,35,50,35,35,15,5,0,70,65,55,35,55,15
NA,NA,0,NA,100,379,1,NA,NA,NA,NA,NA,NA,38.1912,-85.7828,NA,NA,1,1,1,2,NA,1,NA,NA,NA,NA,0,NA,NA,NA,4,4,1,4,1,2,1,82,9,2,NA,NA,NA,NA,NA,1,NA,NA,NA,NA,NA,NA,NA,NA,2,NA,NA,NA,NA,NA,82,9,NA,NA,NA,NA,NA,NA,NA,NA,NA,NA,NA,NA,5,4,4,25,70,15,70,0,60,0,60,0,65,0,60,0,NA,NA,NA,control,Democrat,NA,NA,NA,NA,NA,NA,NA,NA,392,NA,34,NA,NA,NA,NA,NA,NA,NA,NA,NA,NA,59,NA,NA,NA,NA,NA,NA,NA,NA,NA,1,Strong D,1,Democrat,0,Non-MAGA,Very liberal,0,2,Control D,0,0,Control,9,82,9,82,NA,NA,NA,NA,NA,NA,25,15,0,0,0,0,NA,NA,NA,NA,NA,NA,70,70,60,60,65,60,3.25,strong,2,1.3333333333333333,0,0,0,0,0,1,0,0,0,82,82,9,9,0,0,0,0,0,0,4.333333333333333,6.666666666666667,64.16666666666667,64.16666666666667,NA,10,0,65,62.5,25,15,0,0,0,0,70,70,60,60,65,60
NA,NA,0,NA,100,366,1,NA,NA,NA,NA,NA,NA,37.751,-97.822,NA,NA,1,1,2,1,NA,6,4,4,4,5,1,3,3,3,NA,NA,NA,NA,NA,NA,NA,85,100,2,NA,NA,NA,NA,NA,1,NA,1,NA,NA,NA,NA,NA,NA,2,NA,4,2,2,2,85,99,99,100,20,99,20,30,0,10,0,0,0,0,NA,NA,NA,NA,NA,NA,NA,NA,NA,NA,NA,NA,NA,NA,NA,2,NA,NA,NA,control,Republican,NA,NA,NA,NA,NA,NA,NA,NA,384,NA,4876,NA,NA,NA,NA,NA,NA,NA,NA,NA,NA,52,NA,NA,NA,NA,NA,NA,NA,NA,NA,6,Weak R,2,Republican,1,MAGA,Somewhat conservative,0,1,Control R,0,0,Control,100,85,99,85,99,20,20,0,0,0,NA,NA,NA,NA,NA,NA,100,99,30,10,0,0,NA,NA,NA,NA,NA,NA,4.25,strong,2,3,0,0,0,0,0,1,0,1,0,100,99,85,85,-1,0,-1,-1,0,-1,2,23.166666666666668,39.833333333333336,NA,39.833333333333336,34.75,0,59.75,0,99,20,20,0,0,0,100,99,30,10,0,0
NA,NA,0,NA,100,322,1,NA,NA,NA,NA,NA,NA,40.0179,-79.5895,NA,NA,1,1,2,1,NA,4,2,2,2,2,0,4,4,1,NA,NA,NA,NA,NA,NA,NA,60,68,2,NA,NA,NA,NA,NA,NA,NA,1,NA,NA,NA,NA,NA,NA,NA,NA,4,1,2,1,64,77,42,42,22,23,35,31,25,22,3,11,11,13,NA,NA,NA,NA,NA,NA,NA,NA,NA,NA,NA,NA,NA,NA,NA,1,NA,NA,NA,control,Republican,NA,NA,NA,NA,NA,NA,NA,NA,340,NA,3526,NA,NA,NA,NA,NA,NA,NA,NA,NA,NA,26,NA,NA,NA,NA,NA,NA,NA,NA,NA,6,Weak R,2,Republican,1,Non-MAGA,Moderate,0,1,Control R,0,0,Control,68,60,77,64,42,22,35,25,3,11,NA,NA,NA,NA,NA,NA,42,23,31,22,11,13,NA,NA,NA,NA,NA,NA,2,medium,1,3,0,0,0,0,0,0,0,1,0,68,77,60,64,9,4,5,9,4,5,1.3333333333333333,23,23.666666666666668,NA,23.666666666666668,31,7,29.5,12,42,22,35,25,3,11,42,23,31,22,11,13
NA,NA,0,NA,100,800,1,NA,NA,NA,NA,NA,NA,39.2812,-76.7406,NA,NA,1,1,1,1,NA,4,NA,NA,NA,NA,0,NA,NA,NA,2,2,4,3,2,3,4,66,50,2,NA,NA,NA,NA,NA,1,NA,NA,NA,NA,NA,NA,NA,NA,4,NA,NA,NA,NA,NA,28,27,NA,NA,NA,NA,NA,NA,NA,NA,NA,NA,NA,NA,1,1,1,65,56,NA,NA,36,58,29,62,44,42,56,47,0,NA,NA,NA,treatment,Democrat,NA,NA,NA,NA,NA,NA,NA,NA,810,NA,32,NA,NA,NA,NA,NA,NA,NA,NA,NA,NA,29,NA,NA,NA,NA,NA,NA,NA,NA,NA,2,Weak D,1,Democrat,0,Non-MAGA,Moderate,1,4,Treatment D,0,1,Mismatch,50,66,27,28,NA,NA,NA,NA,NA,NA,65,NA,36,29,44,56,NA,NA,NA,NA,NA,NA,56,NA,58,62,42,47,2.75,medium,1,3,0,0,0,0,0,1,0,0,0,66,28,50,27,-23,-38,15,-38,-23,-15,1,NA,NA,NA,NA,NA,50,NA,44.5,65,NA,36,29,44,56,56,NA,58,62,42,47
NA,NA,0,NA,100,294,1,NA,NA,NA,NA,NA,NA,43.0782,-89.4075,NA,NA,1,1,2,1,NA,5,2,4,2,3,0,3,3,2,NA,NA,NA,NA,NA,NA,NA,50,50,2,NA,NA,NA,NA,NA,NA,NA,NA,1,NA,NA,NA,NA,NA,NA,NA,NA,3,2,2,50,50,35,90,50,100,0,40,0,60,0,70,0,60,NA,NA,NA,NA,NA,NA,NA,NA,NA,NA,NA,NA,NA,NA,NA,1,NA,NA,NA,treatment,Republican,NA,NA,NA,NA,NA,NA,NA,NA,302,NA,36,NA,NA,NA,NA,NA,NA,NA,NA,NA,NA,18,NA,NA,NA,NA,NA,NA,NA,NA,NA,6,Weak R,2,Republican,1,Non-MAGA,Slightly conservative,1,3,Treatment R,1,2,Match,50,50,50,50,35,50,0,0,0,0,NA,NA,NA,NA,NA,NA,90,100,40,60,70,60,NA,NA,NA,NA,NA,NA,2.75,medium,1,2.6666666666666665,0,0,0,0,0,0,0,0,1,50,50,50,50,0,0,0,0,0,0,2.3333333333333335,14.166666666666666,70,NA,70,21.25,0,72.5,65,35,50,0,0,0,0,90,100,40,60,70,60
NA,NA,0,NA,100,227,1,NA,NA,NA,NA,NA,NA,29.5183,-95.0977,NA,NA,1,1,1,1,NA,3,NA,NA,NA,NA,0,NA,NA,NA,2,2,2,2,1,1,3,59,3,2,NA,NA,NA,NA,NA,1,NA,NA,NA,NA,NA,NA,NA,NA,3,NA,NA,NA,NA,NA,73,4,NA,NA,NA,NA,NA,NA,NA,NA,NA,NA,NA,NA,5,5,5,40,92,40,89,32,90,27,81,45,97,73,82,0,NA,NA,NA,control,Democrat,NA,NA,NA,NA,NA,NA,NA,NA,237,NA,2400,NA,NA,NA,NA,NA,NA,NA,NA,NA,NA,40,NA,NA,NA,NA,NA,NA,NA,NA,NA,2,Weak D,1,Democrat,0,Non-MAGA,Slightly liberal,0,2,Control D,0,0,Control,3,59,4,73,NA,NA,NA,NA,NA,NA,40,40,32,27,45,73,NA,NA,NA,NA,NA,NA,92,89,90,81,97,82,2,medium,1,1.6666666666666667,0,0,0,0,0,1,0,0,0,59,73,3,4,1,14,-13,14,1,13,5,42.833333333333336,88.5,88.5,NA,34.75,59,88,89.5,40,40,32,27,45,73,92,89,90,81,97,82
NA,NA,0,NA,100,534,1,NA,NA,NA,NA,NA,NA,39.7491,-104.9945,NA,NA,1,1,2,2,NA,7,5,5,5,5,0,4,4,4,NA,NA,NA,NA,NA,NA,NA,8,100,2,NA,NA,NA,NA,NA,NA,NA,1,NA,NA,NA,NA,NA,NA,NA,NA,4,3,4,1,8,100,100,90,61,92,3,100,0,100,0,0,0,0,NA,NA,NA,NA,NA,NA,NA,NA,NA,NA,NA,NA,NA,NA,NA,1,NA,NA,NA,control,Republican,NA,NA,NA,NA,NA,NA,NA,NA,555,NA,3378,NA,NA,NA,NA,NA,NA,NA,NA,NA,NA,65,NA,NA,NA,NA,NA,NA,NA,NA,NA,7,Strong R,2,Republican,1,Non-MAGA,Very conservative,0,1,Control R,0,0,Control,100,8,100,8,100,61,3,0,0,0,NA,NA,NA,NA,NA,NA,90,92,100,100,0,0,NA,NA,NA,NA,NA,NA,5,strong,2,4,0,0,0,0,0,0,0,1,0,100,100,8,8,0,0,0,0,0,0,2.6666666666666665,27.333333333333332,63.666666666666664,NA,63.666666666666664,41,0,95.5,0,100,61,3,0,0,0,90,92,100,100,0,0
NA,NA,0,NA,100,733,1,NA,NA,NA,NA,NA,NA,42.3574,-88.2209,NA,NA,1,1,3,NA,3,5,2,3,2,3,1,3,4,4,NA,NA,NA,NA,NA,NA,NA,20,40,2,NA,NA,NA,NA,NA,1,NA,NA,NA,NA,NA,NA,NA,NA,3,NA,NA,4,3,1,20,50,60,60,30,40,0,10,0,10,20,30,10,30,NA,NA,NA,NA,NA,NA,NA,NA,NA,NA,NA,NA,NA,NA,NA,2,NA,NA,NA,treatment,Republican,NA,NA,NA,NA,NA,NA,NA,NA,742,NA,41,NA,NA,NA,NA,NA,NA,NA,NA,NA,NA,68,NA,NA,NA,NA,NA,NA,NA,NA,NA,5,Lean R,0,Independent,1,MAGA,Slightly conservative,1,3,Treatment R,1,2,Match,40,20,50,20,60,30,0,0,20,10,NA,NA,NA,NA,NA,NA,60,40,10,10,30,30,NA,NA,NA,NA,NA,NA,2.5,medium,1,3.6666666666666665,0,0,0,0,0,1,0,0,0,40,50,20,20,10,0,10,10,0,10,2.6666666666666665,20,30,NA,30,22.5,15,30,30,60,30,0,0,20,10,60,40,10,10,30,30
NA,NA,0,NA,100,186,1,NA,NA,NA,NA,NA,NA,41.4866,-81.8037,NA,NA,1,1,2,1,NA,6,4,4,2,4,1,2,3,3,NA,NA,NA,NA,NA,NA,NA,15,85,2,NA,NA,NA,NA,NA,1,1,NA,NA,NA,NA,NA,NA,NA,4,4,NA,4,5,5,10,85,80,80,75,70,35,60,40,60,26,50,25,61,NA,NA,NA,NA,NA,NA,NA,NA,NA,NA,NA,NA,NA,NA,NA,2,NA,NA,NA,control,Republican,NA,NA,NA,NA,NA,NA,NA,NA,199,NA,241,NA,NA,NA,NA,NA,NA,NA,NA,NA,NA,24,NA,NA,NA,NA,NA,NA,NA,NA,NA,6,Weak R,2,Republican,1,MAGA,Somewhat conservative,0,1,Control R,0,0,Control,85,15,85,10,80,75,35,40,26,25,NA,NA,NA,NA,NA,NA,80,70,60,60,50,61,NA,NA,NA,NA,NA,NA,3.5,strong,2,2.6666666666666665,0,0,0,0,0,1,1,0,0,85,85,15,10,0,-5,5,0,-5,5,4.666666666666667,46.833333333333336,63.5,NA,63.5,57.5,25.5,67.5,55.5,80,75,35,40,26,25,80,70,60,60,50,61
NA,NA,0,NA,100,480,1,NA,NA,NA,NA,NA,NA,32.9144,-85.941,NA,NA,1,1,1,1,NA,5,NA,NA,NA,NA,0,NA,NA,NA,4,4,4,4,2,2,1,67,5,2,1,NA,NA,1,NA,1,1,NA,NA,5,NA,NA,5,NA,4,5,NA,NA,NA,NA,67,3,NA,NA,NA,NA,NA,NA,NA,NA,NA,NA,NA,NA,5,5,5,24,45,26,47,8,36,3,24,9,41,16,56,0,NA,NA,NA,treatment,Democrat,NA,NA,NA,NA,NA,NA,NA,NA,495,NA,12979,NA,NA,NA,NA,NA,NA,NA,NA,NA,NA,51,NA,NA,NA,NA,NA,NA,NA,NA,NA,2,Weak D,1,Democrat,0,Non-MAGA,Slightly conservative,1,4,Treatment D,0,1,Mismatch,5,67,3,67,NA,NA,NA,NA,NA,NA,24,26,8,3,9,16,NA,NA,NA,NA,NA,NA,45,47,36,24,41,56,4,strong,2,1.6666666666666667,1,0,0,1,0,1,1,0,0,67,67,5,3,-2,0,-2,0,-2,2,5,14.333333333333334,41.5,41.5,NA,15.25,12.5,38,48.5,24,26,8,3,9,16,45,47,36,24,41,56
NA,NA,0,NA,100,344,1,NA,NA,NA,NA,NA,NA,32.8756,-96.7495,NA,NA,1,1,2,1,NA,6,3,3,2,3,1,3,4,3,NA,NA,NA,NA,NA,NA,NA,34,73,2,NA,NA,NA,NA,NA,NA,1,NA,NA,NA,NA,NA,NA,NA,NA,2,NA,3,2,2,33,73,5,21,0,19,0,5,0,7,0,9,0,10,NA,NA,NA,NA,NA,NA,NA,NA,NA,NA,NA,NA,NA,NA,NA,2,NA,NA,NA,treatment,Republican,NA,NA,NA,NA,NA,NA,NA,NA,356,NA,7807,NA,NA,NA,NA,NA,NA,NA,NA,NA,NA,83,NA,NA,NA,NA,NA,NA,NA,NA,NA,6,Weak R,2,Republican,1,MAGA,Somewhat conservative,1,3,Treatment R,1,2,Match,73,34,73,33,5,0,0,0,0,0,NA,NA,NA,NA,NA,NA,21,19,5,7,9,10,NA,NA,NA,NA,NA,NA,2.75,medium,1,3.3333333333333335,0,0,0,0,0,0,1,0,0,73,73,34,33,0,-1,1,0,-1,1,2.3333333333333335,0.8333333333333334,11.833333333333334,NA,11.833333333333334,1.25,0,13,9.5,5,0,0,0,0,0,21,19,5,7,9,10
NA,NA,0,NA,100,515,1,NA,NA,NA,NA,NA,NA,26.9146,-82.0559,NA,NA,1,1,1,2,NA,2,NA,NA,NA,NA,0,NA,NA,NA,5,4,4,5,2,3,1,90,3,2,NA,NA,NA,NA,NA,NA,1,NA,NA,NA,NA,NA,NA,NA,NA,3,NA,NA,NA,NA,91,4,NA,NA,NA,NA,NA,NA,NA,NA,NA,NA,NA,NA,5,5,4,80,85,30,65,8,47,6,58,10,31,26,6,0,NA,NA,NA,control,Democrat,NA,NA,NA,NA,NA,NA,NA,NA,538,NA,4701,NA,NA,NA,NA,NA,NA,NA,NA,NA,NA,31,NA,NA,NA,NA,NA,NA,NA,NA,NA,1,Strong D,1,Democrat,0,Non-MAGA,Somewhat liberal,0,2,Control D,0,0,Control,3,90,4,91,NA,NA,NA,NA,NA,NA,80,30,8,6,10,26,NA,NA,NA,NA,NA,NA,85,65,47,58,31,6,4.5,strong,2,2,0,0,0,0,0,0,1,0,0,90,91,3,4,1,1,0,1,1,0,4.666666666666667,26.666666666666668,48.666666666666664,48.666666666666664,NA,31,18,63.75,18.5,80,30,8,6,10,26,85,65,47,58,31,6
NA,NA,0,NA,100,213,1,NA,NA,NA,NA,NA,NA,45.3733,-84.9553,NA,NA,1,1,1,2,NA,2,NA,NA,NA,NA,0,NA,NA,NA,3,4,3,4,3,3,3,78,40,2,NA,NA,NA,NA,NA,NA,NA,1,NA,NA,NA,NA,NA,NA,NA,NA,3,NA,NA,NA,78,35,NA,NA,NA,NA,NA,NA,NA,NA,NA,NA,NA,NA,4,2,2,25,25,5,5,0,0,0,0,0,0,0,0,0,NA,NA,NA,control,Democrat,NA,NA,NA,NA,NA,NA,NA,NA,229,NA,4630,NA,NA,NA,NA,NA,NA,NA,NA,NA,NA,50,NA,NA,NA,NA,NA,NA,NA,NA,NA,1,Strong D,1,Democrat,0,Non-MAGA,Somewhat liberal,0,2,Control D,0,0,Control,40,78,35,78,NA,NA,NA,NA,NA,NA,25,5,0,0,0,0,NA,NA,NA,NA,NA,NA,25,5,0,0,0,0,3.5,strong,2,3,0,0,0,0,0,0,0,1,0,78,78,40,35,-5,0,-5,0,-5,5,2.6666666666666665,5,5,5,NA,7.5,0,7.5,0,25,5,0,0,0,0,25,5,0,0,0,0
NA,NA,0,NA,100,990,1,NA,NA,NA,NA,NA,NA,41.5859,-88.9089,NA,NA,0.899999976158142,1,1,2,NA,2,NA,NA,NA,NA,0,NA,NA,NA,3,3,3,4,2,2,2,85,7,2,NA,NA,NA,1,NA,1,NA,NA,NA,NA,NA,NA,3,NA,4,NA,NA,NA,NA,NA,90,9,NA,NA,NA,NA,NA,NA,NA,NA,NA,NA,NA,NA,5,4,3,26,86,20,80,3,57,8,40,0,0,1,46,0,NA,NA,NA,control,Democrat,NA,NA,NA,NA,NA,NA,NA,NA,999,NA,4241,NA,NA,NA,NA,NA,NA,NA,NA,NA,NA,39,NA,NA,NA,NA,NA,NA,NA,NA,NA,1,Strong D,1,Democrat,0,Non-MAGA,Somewhat liberal,0,2,Control D,0,0,Control,7,85,9,90,NA,NA,NA,NA,NA,NA,26,20,3,8,0,1,NA,NA,NA,NA,NA,NA,86,80,57,40,0,46,3.25,strong,2,2,0,0,0,1,0,1,0,0,0,85,90,7,9,2,5,-3,5,2,3,4,9.666666666666666,51.5,51.5,NA,14.25,0.5,65.75,23,26,20,3,8,0,1,86,80,57,40,0,46
NA,NA,0,NA,100,240,1,NA,NA,NA,NA,NA,NA,35.7178,-78.8428,NA,NA,1,1,3,NA,3,5,2,3,2,3,0,3,3,3,NA,NA,NA,NA,NA,NA,NA,40,55,2,NA,NA,NA,NA,NA,NA,NA,NA,1,NA,NA,NA,NA,NA,NA,NA,NA,4,3,1,35,55,40,64,25,50,0,40,0,34,0,24,5,19,NA,NA,NA,NA,NA,NA,NA,NA,NA,NA,NA,NA,NA,NA,NA,1,NA,NA,NA,control,Republican,NA,NA,NA,NA,NA,NA,NA,NA,248,NA,1106,NA,NA,NA,NA,NA,NA,NA,NA,NA,NA,28,NA,NA,NA,NA,NA,NA,NA,NA,NA,5,Lean R,0,Independent,1,Non-MAGA,Slightly conservative,0,1,Control R,0,0,Control,55,40,55,35,40,25,0,0,0,5,NA,NA,NA,NA,NA,NA,64,50,40,34,24,19,NA,NA,NA,NA,NA,NA,2.5,medium,1,3,0,0,0,0,0,0,0,0,1,55,55,40,35,0,-5,5,0,-5,5,2.6666666666666665,11.666666666666666,38.5,NA,38.5,16.25,2.5,47,21.5,40,25,0,0,0,5,64,50,40,34,24,19
NA,NA,0,NA,100,354,1,NA,NA,NA,NA,NA,NA,38.9129,-104.7794,NA,NA,1,1,1,2,NA,2,NA,NA,NA,NA,0,NA,NA,NA,4,4,4,4,3,3,2,95,15,2,1,NA,NA,1,NA,NA,NA,NA,NA,4,NA,NA,5,NA,NA,NA,NA,NA,NA,NA,95,15,NA,NA,NA,NA,NA,NA,NA,NA,NA,NA,NA,NA,4,4,4,60,90,10,95,0,40,0,30,0,50,0,65,0,NA,NA,NA,treatment,Democrat,NA,NA,NA,NA,NA,NA,NA,NA,363,NA,1545,NA,NA,NA,NA,NA,NA,NA,NA,NA,NA,42,NA,NA,NA,NA,NA,NA,NA,NA,NA,1,Strong D,1,Democrat,0,Non-MAGA,Somewhat liberal,1,4,Treatment D,0,1,Mismatch,15,95,15,95,NA,NA,NA,NA,NA,NA,60,10,0,0,0,0,NA,NA,NA,NA,NA,NA,90,95,40,30,50,65,4,strong,2,2.6666666666666665,1,0,0,1,0,0,0,0,0,95,95,15,15,0,0,0,0,0,0,4,11.666666666666666,61.666666666666664,61.666666666666664,NA,17.5,0,63.75,57.5,60,10,0,0,0,0,90,95,40,30,50,65
NA,NA,0,NA,100,286,1,NA,NA,NA,NA,NA,NA,35.6174,-87.0318,NA,NA,1,1,3,NA,1,4,NA,NA,NA,NA,0,NA,NA,NA,3,4,3,2,1,1,2,50,4,2,1,NA,NA,NA,NA,NA,NA,NA,NA,3,NA,NA,NA,NA,NA,NA,NA,NA,NA,NA,50,50,NA,NA,NA,NA,NA,NA,NA,NA,NA,NA,NA,NA,3,3,3,36,67,31,56,35,67,36,64,29,62,49,37,0,NA,NA,NA,control,Democrat,NA,NA,NA,NA,NA,NA,NA,NA,295,NA,1191,NA,NA,NA,NA,NA,NA,NA,NA,NA,NA,23,NA,NA,NA,NA,NA,NA,NA,NA,NA,3,Lean D,0,Independent,0,Non-MAGA,Moderate,0,2,Control D,0,0,Control,4,50,50,50,NA,NA,NA,NA,NA,NA,36,31,35,36,29,49,NA,NA,NA,NA,NA,NA,67,56,67,64,62,37,3,strong,2,1.3333333333333333,1,0,0,0,0,0,0,0,0,50,50,4,50,46,0,46,0,46,-46,9,36,58.833333333333336,58.833333333333336,NA,34.5,39,63.5,49.5,36,31,35,36,29,49,67,56,67,64,62,37
NA,NA,0,NA,100,1513,1,NA,NA,NA,NA,NA,NA,40.8681,-73.4094,NA,NA,1,1,1,2,NA,1,NA,NA,NA,NA,0,NA,NA,NA,3,4,4,5,1,1,1,70,0,2,1,NA,NA,1,1,1,NA,NA,NA,5,NA,NA,5,4,4,NA,NA,NA,NA,NA,70,0,NA,NA,NA,NA,NA,NA,NA,NA,NA,NA,NA,NA,5,4,1,95,40,70,20,5,0,0,0,0,0,0,0,0,NA,NA,NA,treatment,Democrat,NA,NA,NA,NA,NA,NA,NA,NA,1524,NA,50,NA,NA,NA,NA,NA,NA,NA,NA,NA,NA,35,NA,NA,NA,NA,NA,NA,NA,NA,NA,1,Strong D,1,Democrat,0,Non-MAGA,Very liberal,1,4,Treatment D,0,1,Mismatch,0,70,0,70,NA,NA,NA,NA,NA,NA,95,70,5,0,0,0,NA,NA,NA,NA,NA,NA,40,20,0,0,0,0,4,strong,2,1,1,0,0,1,1,1,0,0,0,70,70,0,0,0,0,0,0,0,0,3.3333333333333335,28.333333333333332,10,10,NA,42.5,0,15,0,95,70,5,0,0,0,40,20,0,0,0,0
NA,NA,0,NA,100,1058,1,NA,NA,NA,NA,NA,NA,38.9379,-77.0859,NA,NA,1,1,2,2,NA,6,4,4,3,4,0,4,4,3,NA,NA,NA,NA,NA,NA,NA,66,75,2,NA,NA,NA,NA,NA,1,NA,1,NA,NA,NA,NA,NA,NA,2,NA,3,2,2,2,64,78,27,71,23,64,6,35,10,32,0,14,0,13,NA,NA,NA,NA,NA,NA,NA,NA,NA,NA,NA,NA,NA,NA,NA,1,NA,NA,NA,control,Republican,NA,NA,NA,NA,NA,NA,NA,NA,1067,NA,1394,NA,NA,NA,NA,NA,NA,NA,NA,NA,NA,35,NA,NA,NA,NA,NA,NA,NA,NA,NA,7,Strong R,2,Republican,1,Non-MAGA,Somewhat conservative,0,1,Control R,0,0,Control,75,66,78,64,27,23,6,10,0,0,NA,NA,NA,NA,NA,NA,71,64,35,32,14,13,NA,NA,NA,NA,NA,NA,3.75,strong,2,3.6666666666666665,0,0,0,0,0,1,0,1,0,75,78,66,64,3,-2,5,3,-2,5,2,11,38.166666666666664,NA,38.166666666666664,16.5,0,50.5,13.5,27,23,6,10,0,0,71,64,35,32,14,13
NA,NA,0,NA,100,771,1,NA,NA,NA,NA,NA,NA,47.7423,-121.9857,NA,NA,1,1,1,2,NA,1,NA,NA,NA,NA,0,NA,NA,NA,3,3,2,3,2,3,2,86,13,2,NA,NA,NA,1,NA,NA,1,NA,NA,NA,NA,NA,4,NA,NA,2,NA,NA,NA,NA,91,9,NA,NA,NA,NA,NA,NA,NA,NA,NA,NA,NA,NA,4,4,3,100,100,0,0,0,9,0,9,3,29,6,30,0,NA,NA,NA,treatment,Democrat,NA,NA,NA,NA,NA,NA,NA,NA,803,NA,4647,NA,NA,NA,NA,NA,NA,NA,NA,NA,NA,38,NA,NA,NA,NA,NA,NA,NA,NA,NA,1,Strong D,1,Democrat,0,Non-MAGA,Very liberal,1,4,Treatment D,0,1,Mismatch,13,86,9,91,NA,NA,NA,NA,NA,NA,100,0,0,0,3,6,NA,NA,NA,NA,NA,NA,100,0,9,9,29,30,2.75,medium,1,2.3333333333333335,0,0,0,1,0,0,1,0,0,86,91,13,9,-4,5,-9,5,-4,9,3.6666666666666665,18.166666666666668,29.5,29.5,NA,25,4.5,29.5,29.5,100,0,0,0,3,6,100,0,9,9,29,30
NA,NA,0,NA,100,720,1,NA,NA,NA,NA,NA,NA,32.9144,-85.941,NA,NA,1,1,2,1,NA,6,1,1,1,1,0,2,3,1,NA,NA,NA,NA,NA,NA,NA,0,62,2,NA,NA,NA,NA,NA,NA,1,NA,NA,NA,NA,NA,NA,NA,NA,4,NA,5,4,1,0,64,95,84,0,7,0,3,0,2,0,2,0,1,NA,NA,NA,NA,NA,NA,NA,NA,NA,NA,NA,NA,NA,NA,NA,1,NA,NA,NA,treatment,Republican,NA,NA,NA,NA,NA,NA,NA,NA,738,NA,7158,NA,NA,NA,NA,NA,NA,NA,NA,NA,NA,62,NA,NA,NA,NA,NA,NA,NA,NA,NA,6,Weak R,2,Republican,1,Non-MAGA,Somewhat conservative,1,3,Treatment R,1,2,Match,62,0,64,0,95,0,0,0,0,0,NA,NA,NA,NA,NA,NA,84,7,3,2,2,1,NA,NA,NA,NA,NA,NA,1,weak,0,2,0,0,0,0,0,0,1,0,0,62,64,0,0,2,0,2,2,0,2,3.3333333333333335,15.833333333333334,16.5,NA,16.5,23.75,0,24,1.5,95,0,0,0,0,0,84,7,3,2,2,1
NA,NA,0,NA,100,223,1,NA,NA,NA,NA,NA,NA,29.9891,-97.8772,NA,NA,1,1,1,2,NA,1,NA,NA,NA,NA,0,NA,NA,NA,4,4,3,4,2,2,2,85,35,2,NA,NA,NA,NA,NA,1,1,NA,NA,NA,NA,NA,NA,NA,3,4,NA,NA,NA,NA,85,35,NA,NA,NA,NA,NA,NA,NA,NA,NA,NA,NA,NA,5,4,2,41,77,29,64,24,44,31,59,14,60,14,39,0,NA,NA,NA,control,Democrat,NA,NA,NA,NA,NA,NA,NA,NA,235,NA,167,NA,NA,NA,NA,NA,NA,NA,NA,NA,NA,29,NA,NA,NA,NA,NA,NA,NA,NA,NA,1,Strong D,1,Democrat,0,Non-MAGA,Very liberal,0,2,Control D,0,0,Control,35,85,35,85,NA,NA,NA,NA,NA,NA,41,29,24,31,14,14,NA,NA,NA,NA,NA,NA,77,64,44,59,60,39,3.75,strong,2,2,0,0,0,0,0,1,1,0,0,85,85,35,35,0,0,0,0,0,0,3.6666666666666665,25.5,57.166666666666664,57.166666666666664,NA,31.25,14,61,49.5,41,29,24,31,14,14,77,64,44,59,60,39
NA,NA,0,NA,100,583,1,NA,NA,NA,NA,NA,NA,29.9638,-98.9062,NA,NA,1,1,3,NA,3,6,2,3,2,3,1,3,3,2,NA,NA,NA,NA,NA,NA,NA,18,70,2,1,NA,NA,NA,NA,NA,1,NA,NA,3,NA,NA,NA,NA,NA,4,NA,5,4,1,17,63,27,35,1,20,0,3,0,7,0,2,0,1,NA,NA,NA,NA,NA,NA,NA,NA,NA,NA,NA,NA,NA,NA,NA,2,NA,NA,NA,treatment,Republican,NA,NA,NA,NA,NA,NA,NA,NA,592,NA,9000,NA,NA,NA,NA,NA,NA,NA,NA,NA,NA,37,NA,NA,NA,NA,NA,NA,NA,NA,NA,5,Lean R,0,Independent,1,MAGA,Somewhat conservative,1,3,Treatment R,1,2,Match,70,18,63,17,27,1,0,0,0,0,NA,NA,NA,NA,NA,NA,35,20,3,7,2,1,NA,NA,NA,NA,NA,NA,2.5,medium,1,2.6666666666666665,1,0,0,0,0,0,1,0,0,70,63,18,17,-7,-1,-6,-7,-1,-6,3.3333333333333335,4.666666666666667,11.333333333333334,NA,11.333333333333334,7,0,16.25,1.5,27,1,0,0,0,0,35,20,3,7,2,1
NA,NA,0,NA,100,957,1,NA,NA,NA,NA,NA,NA,36.0961,-94.1708,NA,NA,1,1,3,NA,3,6,2,2,2,2,0,3,3,3,NA,NA,NA,NA,NA,NA,NA,16,57,2,NA,NA,NA,NA,NA,NA,NA,1,NA,NA,NA,NA,NA,NA,NA,NA,NA,5,5,4,16,59,57,59,0,20,0,21,0,9,0,16,0,10,NA,NA,NA,NA,NA,NA,NA,NA,NA,NA,NA,NA,NA,NA,NA,1,NA,NA,NA,control,Republican,NA,NA,NA,NA,NA,NA,NA,NA,965,NA,8157,NA,NA,NA,NA,NA,NA,NA,NA,NA,NA,60,NA,NA,NA,NA,NA,NA,NA,NA,NA,5,Lean R,0,Independent,1,Non-MAGA,Somewhat conservative,0,1,Control R,0,0,Control,57,16,59,16,57,0,0,0,0,0,NA,NA,NA,NA,NA,NA,59,20,21,9,16,10,NA,NA,NA,NA,NA,NA,2,medium,1,3,0,0,0,0,0,0,0,1,0,57,59,16,16,2,0,2,2,0,2,4.666666666666667,9.5,22.5,NA,22.5,14.25,0,27.25,13,57,0,0,0,0,0,59,20,21,9,16,10
NA,NA,0,NA,100,460,1,NA,NA,NA,NA,NA,NA,28.5746,-81.1238,NA,NA,0.899999976158142,1,1,2,NA,1,NA,NA,NA,NA,0,NA,NA,NA,4,4,3,4,3,3,2,64,15,2,NA,NA,NA,NA,NA,NA,NA,NA,1,NA,NA,NA,NA,NA,NA,NA,NA,NA,NA,NA,68,15,NA,NA,NA,NA,NA,NA,NA,NA,NA,NA,NA,NA,4,5,3,78,78,31,75,15,79,26,78,25,23,16,12,0,NA,NA,NA,control,Democrat,NA,NA,NA,NA,NA,NA,NA,NA,469,NA,772,NA,NA,NA,NA,NA,NA,NA,NA,NA,NA,25,NA,NA,NA,NA,NA,NA,NA,NA,NA,1,Strong D,1,Democrat,0,Non-MAGA,Very liberal,0,2,Control D,0,0,Control,15,64,15,68,NA,NA,NA,NA,NA,NA,78,31,15,26,25,16,NA,NA,NA,NA,NA,NA,78,75,79,78,23,12,3.75,strong,2,2.6666666666666665,0,0,0,0,0,0,0,0,1,64,68,15,15,0,4,-4,4,0,4,4,31.833333333333332,57.5,57.5,NA,37.5,20.5,77.5,17.5,78,31,15,26,25,16,78,75,79,78,23,12
NA,NA,0,NA,100,674,1,NA,NA,NA,NA,NA,NA,28.0791,-82.5245,NA,NA,1,1,3,NA,3,6,3,4,2,3,0,4,4,4,NA,NA,NA,NA,NA,NA,NA,28,84,2,NA,NA,NA,NA,NA,NA,NA,NA,1,NA,NA,NA,NA,NA,NA,NA,NA,4,4,3,24,24,21,20,9,10,2,0,1,0,0,0,0,0,NA,NA,NA,NA,NA,NA,NA,NA,NA,NA,NA,NA,NA,NA,NA,1,NA,NA,NA,treatment,Republican,NA,NA,NA,NA,NA,NA,NA,NA,684,NA,664,NA,NA,NA,NA,NA,NA,NA,NA,NA,NA,63,NA,NA,NA,NA,NA,NA,NA,NA,NA,5,Lean R,0,Independent,1,Non-MAGA,Somewhat conservative,1,3,Treatment R,1,2,Match,84,28,24,24,21,9,2,1,0,0,NA,NA,NA,NA,NA,NA,20,10,0,0,0,0,NA,NA,NA,NA,NA,NA,3,strong,2,4,0,0,0,0,0,0,0,0,1,84,24,28,24,-60,-4,-56,-60,-4,-56,3.6666666666666665,5.5,5,NA,5,8.25,0,7.5,0,21,9,2,1,0,0,20,10,0,0,0,0
NA,NA,0,NA,100,248,1,NA,NA,NA,NA,NA,NA,38.6711,-121.1495,NA,NA,1,1,3,NA,3,7,1,2,1,1,1,1,2,3,NA,NA,NA,NA,NA,NA,NA,0,40,2,NA,NA,NA,NA,NA,NA,NA,NA,1,NA,NA,NA,NA,NA,NA,NA,NA,5,5,4,0,40,10,30,50,40,50,30,0,5,80,35,50,20,NA,NA,NA,NA,NA,NA,NA,NA,NA,NA,NA,NA,NA,NA,NA,2,NA,NA,NA,control,Republican,NA,NA,NA,NA,NA,NA,NA,NA,289,NA,4832,NA,NA,NA,NA,NA,NA,NA,NA,NA,NA,37,NA,NA,NA,NA,NA,NA,NA,NA,NA,5,Lean R,0,Independent,1,MAGA,Very conservative,0,1,Control R,0,0,Control,40,0,40,0,10,50,50,0,80,50,NA,NA,NA,NA,NA,NA,30,40,30,5,35,20,NA,NA,NA,NA,NA,NA,1.25,weak,NA,2,0,0,0,0,0,0,0,0,1,40,40,0,0,0,0,0,0,0,0,4.666666666666667,40,26.666666666666668,NA,26.666666666666668,27.5,65,26.25,27.5,10,50,50,0,80,50,30,40,30,5,35,20
NA,NA,0,NA,100,565,1,NA,NA,NA,NA,NA,NA,36.3528,-119.3007,NA,NA,1,1,2,2,NA,7,5,5,4,5,1,3,3,3,NA,NA,NA,NA,NA,NA,NA,20,80,2,NA,NA,NA,1,NA,NA,1,NA,NA,NA,NA,NA,5,NA,NA,4,NA,2,2,1,20,80,0,0,0,0,0,0,0,0,0,0,0,0,NA,NA,NA,NA,NA,NA,NA,NA,NA,NA,NA,NA,NA,NA,NA,2,NA,NA,NA,treatment,Republican,NA,NA,NA,NA,NA,NA,NA,NA,577,NA,4243,NA,NA,NA,NA,NA,NA,NA,NA,NA,NA,78,NA,NA,NA,NA,NA,NA,NA,NA,NA,7,Strong R,2,Republican,1,MAGA,Very conservative,1,3,Treatment R,1,2,Match,80,20,80,20,0,0,0,0,0,0,NA,NA,NA,NA,NA,NA,0,0,0,0,0,0,NA,NA,NA,NA,NA,NA,4.75,strong,2,3,0,0,0,1,0,0,1,0,0,80,80,20,20,0,0,0,0,0,0,1.6666666666666667,0,0,NA,0,0,0,0,0,0,0,0,0,0,0,0,0,0,0,0,0
NA,NA,0,NA,100,486,1,NA,NA,NA,NA,NA,NA,34.7679,-92.1466,NA,NA,1,1,2,1,NA,5,3,3,2,2,0,3,3,3,NA,NA,NA,NA,NA,NA,NA,66,77,2,NA,NA,NA,NA,NA,1,NA,NA,NA,NA,NA,NA,NA,NA,3,NA,NA,2,2,2,72,83,50,75,11,23,7,3,2,2,6,5,1,4,NA,NA,NA,NA,NA,NA,NA,NA,NA,NA,NA,NA,NA,NA,NA,1,NA,NA,NA,control,Republican,NA,NA,NA,NA,NA,NA,NA,NA,504,NA,1619,NA,NA,NA,NA,NA,NA,NA,NA,NA,NA,49,NA,NA,NA,NA,NA,NA,NA,NA,NA,6,Weak R,2,Republican,1,Non-MAGA,Slightly conservative,0,1,Control R,0,0,Control,77,66,83,72,50,11,7,2,6,1,NA,NA,NA,NA,NA,NA,75,23,3,2,5,4,NA,NA,NA,NA,NA,NA,2.5,medium,1,3,0,0,0,0,0,1,0,0,0,77,83,66,72,6,6,0,6,6,0,2,12.833333333333334,18.666666666666668,NA,18.666666666666668,17.5,3.5,25.75,4.5,50,11,7,2,6,1,75,23,3,2,5,4
NA,NA,0,NA,100,1075,1,NA,NA,NA,NA,NA,NA,30.6959,-87.8867,NA,NA,1,1,2,2,NA,6,4,4,4,4,0,2,3,2,NA,NA,NA,NA,NA,NA,NA,41,99,2,NA,NA,NA,NA,NA,NA,NA,NA,1,NA,NA,NA,NA,NA,NA,NA,NA,4,1,1,45,99,9,32,0,9,0,4,0,4,0,0,0,2,NA,NA,NA,NA,NA,NA,NA,NA,NA,NA,NA,NA,NA,NA,NA,1,NA,NA,NA,treatment,Republican,NA,NA,NA,NA,NA,NA,NA,NA,1085,NA,267,NA,NA,NA,NA,NA,NA,NA,NA,NA,NA,53,NA,NA,NA,NA,NA,NA,NA,NA,NA,7,Strong R,2,Republican,1,Non-MAGA,Somewhat conservative,1,3,Treatment R,1,2,Match,99,41,99,45,9,0,0,0,0,0,NA,NA,NA,NA,NA,NA,32,9,4,4,0,2,NA,NA,NA,NA,NA,NA,4,strong,2,2.3333333333333335,0,0,0,0,0,0,0,0,1,99,99,41,45,0,4,-4,0,4,-4,2,1.5,8.5,NA,8.5,2.25,0,12.25,1,9,0,0,0,0,0,32,9,4,4,0,2
NA,NA,0,NA,100,686,1,NA,NA,NA,NA,NA,NA,38.9361,-92.3056,NA,NA,1,1,1,2,NA,2,NA,NA,NA,NA,0,NA,NA,NA,4,4,4,5,3,3,2,90,26,2,1,NA,NA,1,NA,1,NA,NA,NA,4,NA,NA,4,NA,3,NA,NA,NA,NA,NA,90,26,NA,NA,NA,NA,NA,NA,NA,NA,NA,NA,NA,NA,5,4,1,75,82,26,NA,0,NA,0,26,0,34,6,38,0,NA,NA,NA,treatment,Democrat,NA,NA,NA,NA,NA,NA,NA,NA,705,NA,5549,NA,NA,NA,NA,NA,NA,NA,NA,NA,NA,42,NA,NA,NA,NA,NA,NA,NA,NA,NA,1,Strong D,1,Democrat,0,Non-MAGA,Somewhat liberal,1,4,Treatment D,0,1,Mismatch,26,90,26,90,NA,NA,NA,NA,NA,NA,75,26,0,0,0,6,NA,NA,NA,NA,NA,NA,82,NA,NA,26,34,38,4.25,strong,2,2.6666666666666665,1,0,0,1,0,1,0,0,0,90,90,26,26,0,0,0,0,0,0,3.3333333333333335,17.833333333333332,NA,NA,NA,25.25,3,NA,36,75,26,0,0,0,6,82,NA,NA,26,34,38
NA,NA,0,NA,100,394,1,NA,NA,NA,NA,NA,NA,40.6844,-73.4814,NA,NA,1,1,3,NA,3,5,3,3,3,3,0,4,4,4,NA,NA,NA,NA,NA,NA,NA,29,65,2,NA,NA,NA,NA,NA,NA,NA,NA,1,NA,NA,NA,NA,NA,NA,NA,NA,4,1,3,30,65,30,60,35,70,0,20,0,20,0,25,0,0,NA,NA,NA,NA,NA,NA,NA,NA,NA,NA,NA,NA,NA,NA,NA,1,NA,NA,NA,treatment,Republican,NA,NA,NA,NA,NA,NA,NA,NA,403,NA,18,NA,NA,NA,NA,NA,NA,NA,NA,NA,NA,22,NA,NA,NA,NA,NA,NA,NA,NA,NA,5,Lean R,0,Independent,1,Non-MAGA,Slightly conservative,1,3,Treatment R,1,2,Match,65,29,65,30,30,35,0,0,0,0,NA,NA,NA,NA,NA,NA,60,70,20,20,25,0,NA,NA,NA,NA,NA,NA,3,strong,2,4,0,0,0,0,0,0,0,0,1,65,65,29,30,0,1,-1,0,1,-1,2.6666666666666665,10.833333333333334,32.5,NA,32.5,16.25,0,42.5,12.5,30,35,0,0,0,0,60,70,20,20,25,0
NA,NA,0,NA,100,475,1,NA,NA,NA,NA,NA,NA,41.3722,-82.1084,NA,NA,1,1,1,2,NA,2,NA,NA,NA,NA,0,NA,NA,NA,3,3,2,4,2,2,2,70,20,2,NA,NA,NA,NA,NA,NA,NA,NA,1,NA,NA,NA,NA,NA,NA,NA,NA,NA,NA,NA,70,20,NA,NA,NA,NA,NA,NA,NA,NA,NA,NA,NA,NA,5,4,3,40,80,30,76,5,25,0,15,5,60,5,65,0,NA,NA,NA,control,Democrat,NA,NA,NA,NA,NA,NA,NA,NA,490,NA,604,NA,NA,NA,NA,NA,NA,NA,NA,NA,NA,25,NA,NA,NA,NA,NA,NA,NA,NA,NA,1,Strong D,1,Democrat,0,Non-MAGA,Somewhat liberal,0,2,Control D,0,0,Control,20,70,20,70,NA,NA,NA,NA,NA,NA,40,30,5,0,5,5,NA,NA,NA,NA,NA,NA,80,76,25,15,60,65,3,strong,2,2,0,0,0,0,0,0,0,0,1,70,70,20,20,0,0,0,0,0,0,4,14.166666666666666,53.5,53.5,NA,18.75,5,49,62.5,40,30,5,0,5,5,80,76,25,15,60,65
NA,NA,0,NA,100,959,1,NA,NA,NA,NA,NA,NA,29.2866,-81.0869,NA,NA,1,1,3,NA,1,2,NA,NA,NA,NA,0,NA,NA,NA,4,4,3,4,1,2,2,85,2,2,1,1,NA,1,NA,NA,1,NA,NA,5,4,NA,5,NA,NA,4,NA,NA,NA,NA,85,2,NA,NA,NA,NA,NA,NA,NA,NA,NA,NA,NA,NA,5,5,4,29,71,2,38,0,20,0,13,6,28,0,50,0,NA,NA,NA,treatment,Democrat,NA,NA,NA,NA,NA,NA,NA,NA,970,NA,10880,NA,NA,NA,NA,NA,NA,NA,NA,NA,NA,67,NA,NA,NA,NA,NA,NA,NA,NA,NA,3,Lean D,0,Independent,0,Non-MAGA,Somewhat liberal,1,4,Treatment D,0,1,Mismatch,2,85,2,85,NA,NA,NA,NA,NA,NA,29,2,0,0,6,0,NA,NA,NA,NA,NA,NA,71,38,20,13,28,50,3.75,strong,2,1.6666666666666667,1,1,0,1,0,0,1,0,0,85,85,2,2,0,0,0,0,0,0,14,6.166666666666667,36.666666666666664,36.666666666666664,NA,7.75,3,35.5,39,29,2,0,0,6,0,71,38,20,13,28,50
NA,NA,0,NA,100,225,1,NA,NA,NA,NA,NA,NA,40.1834,-83.0912,NA,NA,1,1,1,2,NA,2,NA,NA,NA,NA,0,NA,NA,NA,4,4,4,4,3,3,2,80,24,2,1,NA,NA,1,NA,1,NA,NA,NA,5,NA,NA,5,NA,2,NA,NA,NA,NA,NA,80,25,NA,NA,NA,NA,NA,NA,NA,NA,NA,NA,NA,NA,5,2,1,83,83,0,0,0,0,3,3,3,70,5,90,0,NA,NA,NA,treatment,Democrat,NA,NA,NA,NA,NA,NA,NA,NA,234,NA,66,NA,NA,NA,NA,NA,NA,NA,NA,NA,NA,47,NA,NA,NA,NA,NA,NA,NA,NA,NA,1,Strong D,1,Democrat,0,Non-MAGA,Somewhat liberal,1,4,Treatment D,0,1,Mismatch,24,80,25,80,NA,NA,NA,NA,NA,NA,83,0,0,3,3,5,NA,NA,NA,NA,NA,NA,83,0,0,3,70,90,4,strong,2,2.6666666666666665,1,0,0,1,0,1,0,0,0,80,80,24,25,1,0,1,0,1,-1,2.6666666666666665,15.666666666666666,41,41,NA,21.5,4,21.5,80,83,0,0,3,3,5,83,0,0,3,70,90
NA,NA,0,NA,100,214,1,NA,NA,NA,NA,NA,NA,33.6988,-78.916,NA,NA,1,1,3,NA,3,5,4,5,4,5,0,3,4,2,NA,NA,NA,NA,NA,NA,NA,56,79,2,NA,NA,NA,NA,NA,NA,NA,1,NA,NA,NA,NA,NA,NA,NA,NA,4,2,1,3,48,78,77,68,73,71,84,74,67,74,80,73,85,79,NA,NA,NA,NA,NA,NA,NA,NA,NA,NA,NA,NA,NA,NA,NA,1,NA,NA,NA,control,Republican,NA,NA,NA,NA,NA,NA,NA,NA,231,NA,5654,NA,NA,NA,NA,NA,NA,NA,NA,NA,NA,54,NA,NA,NA,NA,NA,NA,NA,NA,NA,5,Lean R,0,Independent,1,Non-MAGA,Slightly conservative,0,1,Control R,0,0,Control,79,56,78,48,77,73,84,67,80,85,NA,NA,NA,NA,NA,NA,68,71,74,74,73,79,NA,NA,NA,NA,NA,NA,4.5,strong,2,3,0,0,0,0,0,0,0,1,0,79,78,56,48,-1,-8,7,-1,-8,7,2,77.66666666666667,73.16666666666667,NA,73.16666666666667,75.25,82.5,71.75,76,77,73,84,67,80,85,68,71,74,74,73,79
NA,NA,0,NA,100,507,1,NA,NA,NA,NA,NA,NA,33.5679,-117.7046,NA,NA,1,1,1,1,NA,3,NA,NA,NA,NA,0,NA,NA,NA,4,4,4,4,2,2,2,75,16,2,NA,NA,NA,NA,NA,NA,NA,1,NA,NA,NA,NA,NA,NA,NA,NA,3,NA,NA,NA,65,22,NA,NA,NA,NA,NA,NA,NA,NA,NA,NA,NA,NA,4,4,4,45,70,32,67,40,70,23,68,38,58,42,54,0,NA,NA,NA,control,Democrat,NA,NA,NA,NA,NA,NA,NA,NA,519,NA,6448,NA,NA,NA,NA,NA,NA,NA,NA,NA,NA,35,NA,NA,NA,NA,NA,NA,NA,NA,NA,2,Weak D,1,Democrat,0,Non-MAGA,Slightly liberal,0,2,Control D,0,0,Control,16,75,22,65,NA,NA,NA,NA,NA,NA,45,32,40,23,38,42,NA,NA,NA,NA,NA,NA,70,67,70,68,58,54,4,strong,2,2,0,0,0,0,0,0,0,1,0,75,65,16,22,6,-10,16,-10,6,-16,4,36.666666666666664,64.5,64.5,NA,35,40,68.75,56,45,32,40,23,38,42,70,67,70,68,58,54
NA,NA,0,NA,100,369,1,NA,NA,NA,NA,NA,NA,38.1025,-87.7861,NA,NA,1,1,1,1,NA,3,NA,NA,NA,NA,0,NA,NA,NA,4,3,3,4,3,4,3,80,65,2,1,NA,NA,1,1,1,1,NA,NA,2,NA,NA,4,4,4,4,NA,NA,NA,NA,80,60,NA,NA,NA,NA,NA,NA,NA,NA,NA,NA,NA,NA,4,3,1,20,65,43,81,5,54,0,35,15,52,2,50,0,NA,NA,NA,treatment,Democrat,NA,NA,NA,NA,NA,NA,NA,NA,380,NA,65,NA,NA,NA,NA,NA,NA,NA,NA,NA,NA,18,NA,NA,NA,NA,NA,NA,NA,NA,NA,2,Weak D,1,Democrat,0,Non-MAGA,Slightly liberal,1,4,Treatment D,0,1,Mismatch,65,80,60,80,NA,NA,NA,NA,NA,NA,20,43,5,0,15,2,NA,NA,NA,NA,NA,NA,65,81,54,35,52,50,3.5,strong,2,3.3333333333333335,1,0,0,1,1,1,1,0,0,80,80,65,60,-5,0,-5,0,-5,5,2.6666666666666665,14.166666666666666,56.166666666666664,56.166666666666664,NA,17,8.5,58.75,51,20,43,5,0,15,2,65,81,54,35,52,50
NA,NA,0,NA,100,403,1,NA,NA,NA,NA,NA,NA,35.8467,-86.4885,NA,NA,1,1,1,2,NA,1,NA,NA,NA,NA,0,NA,NA,NA,4,4,4,4,2,3,4,27,0,2,NA,NA,NA,NA,NA,NA,NA,NA,1,NA,NA,NA,NA,NA,NA,NA,NA,NA,NA,NA,26,0,NA,NA,NA,NA,NA,NA,NA,NA,NA,NA,NA,NA,5,5,4,50,50,10,5,0,19,0,26,0,18,0,20,0,NA,NA,NA,control,Democrat,NA,NA,NA,NA,NA,NA,NA,NA,413,NA,13071,NA,NA,NA,NA,NA,NA,NA,NA,NA,NA,42,NA,NA,NA,NA,NA,NA,NA,NA,NA,1,Strong D,1,Democrat,0,Non-MAGA,Very liberal,0,2,Control D,0,0,Control,0,27,0,26,NA,NA,NA,NA,NA,NA,50,10,0,0,0,0,NA,NA,NA,NA,NA,NA,50,5,19,26,18,20,4,strong,2,3,0,0,0,0,0,0,0,0,1,27,26,0,0,0,-1,1,-1,0,-1,4.666666666666667,10,23,23,NA,15,0,25,19,50,10,0,0,0,0,50,5,19,26,18,20
NA,NA,0,NA,100,260,1,NA,NA,NA,NA,NA,NA,36.5818,-87.4162,NA,NA,1,1,2,2,NA,6,3,3,1,3,0,3,3,4,NA,NA,NA,NA,NA,NA,NA,50,50,2,NA,NA,NA,NA,NA,NA,NA,1,NA,NA,NA,NA,NA,NA,NA,NA,4,1,3,1,50,50,50,50,5,10,0,0,0,0,0,0,0,0,NA,NA,NA,NA,NA,NA,NA,NA,NA,NA,NA,NA,NA,NA,NA,1,NA,NA,NA,control,Republican,NA,NA,NA,NA,NA,NA,NA,NA,269,NA,2204,NA,NA,NA,NA,NA,NA,NA,NA,NA,NA,44,NA,NA,NA,NA,NA,NA,NA,NA,NA,7,Strong R,2,Republican,1,Non-MAGA,Somewhat conservative,0,1,Control R,0,0,Control,50,50,50,50,50,5,0,0,0,0,NA,NA,NA,NA,NA,NA,50,10,0,0,0,0,NA,NA,NA,NA,NA,NA,2.5,medium,1,3.3333333333333335,0,0,0,0,0,0,0,1,0,50,50,50,50,0,0,0,0,0,0,1.6666666666666667,9.166666666666666,10,NA,10,13.75,0,15,0,50,5,0,0,0,0,50,10,0,0,0,0
NA,NA,0,NA,100,227,1,NA,NA,NA,NA,NA,NA,41.4288,-87.972,NA,NA,1,1,1,2,NA,1,NA,NA,NA,NA,0,NA,NA,NA,5,3,4,5,2,2,2,85,12,2,1,NA,NA,1,NA,NA,NA,NA,NA,4,NA,NA,4,NA,NA,NA,NA,NA,NA,NA,88,10,NA,NA,NA,NA,NA,NA,NA,NA,NA,NA,NA,NA,4,4,2,28,31,23,24,0,0,0,0,0,0,0,0,0,NA,NA,NA,treatment,Democrat,NA,NA,NA,NA,NA,NA,NA,NA,235,NA,1183,NA,NA,NA,NA,NA,NA,NA,NA,NA,NA,26,NA,NA,NA,NA,NA,NA,NA,NA,NA,1,Strong D,1,Democrat,0,Non-MAGA,Very liberal,1,4,Treatment D,0,1,Mismatch,12,85,10,88,NA,NA,NA,NA,NA,NA,28,23,0,0,0,0,NA,NA,NA,NA,NA,NA,31,24,0,0,0,0,4.25,strong,2,2,1,0,0,1,0,0,0,0,0,85,88,12,10,-2,3,-5,3,-2,5,3.3333333333333335,8.5,9.166666666666666,9.166666666666666,NA,12.75,0,13.75,0,28,23,0,0,0,0,31,24,0,0,0,0
NA,NA,0,NA,100,623,1,NA,NA,NA,NA,NA,NA,36.1172,-115.0528,NA,NA,1,1,1,2,NA,2,NA,NA,NA,NA,0,NA,NA,NA,5,5,5,5,2,3,1,90,10,2,1,NA,NA,1,NA,NA,NA,NA,NA,4,NA,NA,5,NA,NA,NA,NA,NA,NA,NA,90,5,NA,NA,NA,NA,NA,NA,NA,NA,NA,NA,NA,NA,5,4,4,0,90,10,100,0,75,0,65,0,85,0,100,0,NA,NA,NA,treatment,Democrat,NA,NA,NA,NA,NA,NA,NA,NA,636,NA,182,NA,NA,NA,NA,NA,NA,NA,NA,NA,NA,45,NA,NA,NA,NA,NA,NA,NA,NA,NA,1,Strong D,1,Democrat,0,Non-MAGA,Somewhat liberal,1,4,Treatment D,0,1,Mismatch,10,90,5,90,NA,NA,NA,NA,NA,NA,0,10,0,0,0,0,NA,NA,NA,NA,NA,NA,90,100,75,65,85,100,5,strong,2,2,1,0,0,1,0,0,0,0,0,90,90,10,5,-5,0,-5,0,-5,5,4.333333333333333,1.6666666666666667,85.83333333333333,85.83333333333333,NA,2.5,0,82.5,92.5,0,10,0,0,0,0,90,100,75,65,85,100
NA,NA,0,NA,100,425,1,NA,NA,NA,NA,NA,NA,35.5831,-78.7881,NA,NA,1,1,1,1,NA,2,NA,NA,NA,NA,0,NA,NA,NA,2,4,4,4,3,3,3,85,7,2,1,NA,NA,1,NA,NA,NA,NA,NA,3,NA,NA,4,NA,NA,NA,NA,NA,NA,NA,85,7,NA,NA,NA,NA,NA,NA,NA,NA,NA,NA,NA,NA,5,4,4,16,85,11,82,0,71,0,63,0,76,0,79,0,NA,NA,NA,treatment,Democrat,NA,NA,NA,NA,NA,NA,NA,NA,433,NA,2631,NA,NA,NA,NA,NA,NA,NA,NA,NA,NA,43,NA,NA,NA,NA,NA,NA,NA,NA,NA,2,Weak D,1,Democrat,0,Non-MAGA,Somewhat liberal,1,4,Treatment D,0,1,Mismatch,7,85,7,85,NA,NA,NA,NA,NA,NA,16,11,0,0,0,0,NA,NA,NA,NA,NA,NA,85,82,71,63,76,79,3.5,strong,2,3,1,0,0,1,0,0,0,0,0,85,85,7,7,0,0,0,0,0,0,4.333333333333333,4.5,76,76,NA,6.75,0,75.25,77.5,16,11,0,0,0,0,85,82,71,63,76,79
NA,NA,0,NA,100,806,1,NA,NA,NA,NA,NA,NA,35.2842,-80.8719,NA,NA,1,1,1,2,NA,2,NA,NA,NA,NA,0,NA,NA,NA,4,4,4,4,3,4,3,90,0,2,1,NA,NA,1,NA,NA,NA,NA,NA,3,NA,NA,4,NA,NA,NA,NA,NA,NA,NA,90,0,NA,NA,NA,NA,NA,NA,NA,NA,NA,NA,NA,NA,5,4,4,55,85,10,40,0,60,0,55,0,25,0,60,0,NA,NA,NA,treatment,Democrat,NA,NA,NA,NA,NA,NA,NA,NA,831,NA,6254,NA,NA,NA,NA,NA,NA,NA,NA,NA,NA,61,NA,NA,NA,NA,NA,NA,NA,NA,NA,1,Strong D,1,Democrat,0,Non-MAGA,Somewhat liberal,1,4,Treatment D,0,1,Mismatch,0,90,0,90,NA,NA,NA,NA,NA,NA,55,10,0,0,0,0,NA,NA,NA,NA,NA,NA,85,40,60,55,25,60,4,strong,2,3.3333333333333335,1,0,0,1,0,0,0,0,0,90,90,0,0,0,0,0,0,0,0,4.333333333333333,10.833333333333334,54.166666666666664,54.166666666666664,NA,16.25,0,60,42.5,55,10,0,0,0,0,85,40,60,55,25,60
NA,NA,0,NA,100,299,1,NA,NA,NA,NA,NA,NA,40.6117,-74.0851,NA,NA,1,1,3,NA,1,3,NA,NA,NA,NA,0,NA,NA,NA,1,3,2,2,4,4,3,29,23,2,NA,NA,NA,NA,NA,1,NA,NA,NA,NA,NA,NA,NA,NA,2,NA,NA,NA,NA,NA,48,40,NA,NA,NA,NA,NA,NA,NA,NA,NA,NA,NA,NA,4,2,2,40,70,32,61,0,18,0,10,0,61,21,76,0,NA,NA,NA,control,Democrat,NA,NA,NA,NA,NA,NA,NA,NA,309,NA,68,NA,NA,NA,NA,NA,NA,NA,NA,NA,NA,28,NA,NA,NA,NA,NA,NA,NA,NA,NA,3,Lean D,0,Independent,0,Non-MAGA,Slightly liberal,0,2,Control D,0,0,Control,23,29,40,48,NA,NA,NA,NA,NA,NA,40,32,0,0,0,21,NA,NA,NA,NA,NA,NA,70,61,18,10,61,76,2,medium,1,3.6666666666666665,0,0,0,0,0,1,0,0,0,29,48,23,40,17,19,-2,19,17,2,8,15.5,49.333333333333336,49.333333333333336,NA,18,10.5,39.75,68.5,40,32,0,0,0,21,70,61,18,10,61,76
NA,NA,0,NA,100,684,1,NA,NA,NA,NA,NA,NA,38.0373,-84.8966,NA,NA,1,1,3,NA,3,4,2,2,2,2,0,3,3,2,NA,NA,NA,NA,NA,NA,NA,38,59,2,NA,NA,NA,NA,NA,NA,NA,NA,1,NA,NA,NA,NA,NA,NA,NA,NA,4,4,2,45,60,50,50,24,27,10,9,17,19,15,24,5,3,NA,NA,NA,NA,NA,NA,NA,NA,NA,NA,NA,NA,NA,NA,NA,1,NA,NA,NA,control,Republican,NA,NA,NA,NA,NA,NA,NA,NA,694,NA,3135,NA,NA,NA,NA,NA,NA,NA,NA,NA,NA,25,NA,NA,NA,NA,NA,NA,NA,NA,NA,5,Lean R,0,Independent,1,Non-MAGA,Moderate,0,1,Control R,0,0,Control,59,38,60,45,50,24,10,17,15,5,NA,NA,NA,NA,NA,NA,50,27,9,19,24,3,NA,NA,NA,NA,NA,NA,2,medium,1,2.6666666666666665,0,0,0,0,0,0,0,0,1,59,60,38,45,1,7,-6,1,7,-6,3.3333333333333335,20.166666666666668,22,NA,22,25.25,10,26.25,13.5,50,24,10,17,15,5,50,27,9,19,24,3
NA,NA,0,NA,100,360,1,NA,NA,NA,NA,NA,NA,39.5381,-119.8365,NA,NA,1,1,1,2,NA,2,NA,NA,NA,NA,0,NA,NA,NA,4,4,3,4,1,2,1,85,0,2,NA,NA,NA,NA,NA,NA,NA,NA,1,NA,NA,NA,NA,NA,NA,NA,NA,NA,NA,NA,85,0,NA,NA,NA,NA,NA,NA,NA,NA,NA,NA,NA,NA,5,4,4,20,0,50,0,10,0,0,0,0,0,0,0,0,NA,NA,NA,control,Democrat,NA,NA,NA,NA,NA,NA,NA,NA,370,NA,166,NA,NA,NA,NA,NA,NA,NA,NA,NA,NA,38,NA,NA,NA,NA,NA,NA,NA,NA,NA,1,Strong D,1,Democrat,0,Non-MAGA,Somewhat liberal,0,2,Control D,0,0,Control,0,85,0,85,NA,NA,NA,NA,NA,NA,20,50,10,0,0,0,NA,NA,NA,NA,NA,NA,0,0,0,0,0,0,3.75,strong,2,1.3333333333333333,0,0,0,0,0,0,0,0,1,85,85,0,0,0,0,0,0,0,0,4.333333333333333,13.333333333333334,0,0,NA,20,0,0,0,20,50,10,0,0,0,0,0,0,0,0,0
NA,NA,0,NA,100,648,1,NA,NA,NA,NA,NA,NA,33.395,-86.8348,NA,NA,1,1,3,NA,3,4,1,1,1,2,0,4,4,4,NA,NA,NA,NA,NA,NA,NA,60,55,2,1,NA,NA,1,NA,1,1,NA,NA,5,NA,NA,5,NA,5,5,NA,1,1,1,82,34,0,29,0,15,0,8,0,16,0,16,0,0,NA,NA,NA,NA,NA,NA,NA,NA,NA,NA,NA,NA,NA,NA,NA,1,NA,NA,NA,treatment,Republican,NA,NA,NA,NA,NA,NA,NA,NA,661,NA,14,NA,NA,NA,NA,NA,NA,NA,NA,NA,NA,30,NA,NA,NA,NA,NA,NA,NA,NA,NA,5,Lean R,0,Independent,1,Non-MAGA,Moderate,1,3,Treatment R,1,2,Match,55,60,34,82,0,0,0,0,0,0,NA,NA,NA,NA,NA,NA,29,15,8,16,16,0,NA,NA,NA,NA,NA,NA,1.25,weak,NA,4,1,0,0,1,0,1,1,0,0,55,34,60,82,-21,22,-43,-21,22,-43,1,0,14,NA,14,0,0,17,8,0,0,0,0,0,0,29,15,8,16,16,0
NA,NA,0,NA,100,584,1,NA,NA,NA,NA,NA,NA,40.8784,-82.6541,NA,NA,1,1,3,NA,3,5,3,3,2,3,0,4,4,4,NA,NA,NA,NA,NA,NA,NA,100,100,2,NA,NA,NA,NA,NA,NA,1,NA,NA,NA,NA,NA,NA,NA,NA,4,NA,1,1,1,91,100,80,95,0,70,0,10,0,44,29,0,0,30,NA,NA,NA,NA,NA,NA,NA,NA,NA,NA,NA,NA,NA,NA,NA,1,NA,NA,NA,treatment,Republican,NA,NA,NA,NA,NA,NA,NA,NA,596,NA,10,NA,NA,NA,NA,NA,NA,NA,NA,NA,NA,49,NA,NA,NA,NA,NA,NA,NA,NA,NA,5,Lean R,0,Independent,1,Non-MAGA,Slightly conservative,1,3,Treatment R,1,2,Match,100,100,100,91,80,0,0,0,29,0,NA,NA,NA,NA,NA,NA,95,70,10,44,0,30,NA,NA,NA,NA,NA,NA,2.75,medium,1,4,0,0,0,0,0,0,1,0,0,100,100,100,91,0,-9,9,0,-9,9,1,18.166666666666668,41.5,NA,41.5,20,14.5,54.75,15,80,0,0,0,29,0,95,70,10,44,0,30
NA,NA,0,NA,100,1738,1,NA,NA,NA,NA,NA,NA,45.5288,-122.6821,NA,NA,1,1,3,NA,1,3,NA,NA,NA,NA,0,NA,NA,NA,5,5,5,4,2,2,1,100,0,2,NA,NA,NA,NA,NA,NA,NA,1,NA,NA,NA,NA,NA,NA,NA,NA,4,NA,NA,NA,100,0,NA,NA,NA,NA,NA,NA,NA,NA,NA,NA,NA,NA,5,5,5,100,0,100,100,100,100,96,95,78,93,100,100,0,NA,NA,NA,control,Democrat,NA,NA,NA,NA,NA,NA,NA,NA,1759,NA,66,NA,NA,NA,NA,NA,NA,NA,NA,NA,NA,23,NA,NA,NA,NA,NA,NA,NA,NA,NA,3,Lean D,0,Independent,0,Non-MAGA,Slightly liberal,0,2,Control D,0,0,Control,0,100,0,100,NA,NA,NA,NA,NA,NA,100,100,100,96,78,100,NA,NA,NA,NA,NA,NA,0,100,100,95,93,100,4.75,strong,2,1.6666666666666667,0,0,0,0,0,0,0,1,0,100,100,0,0,0,0,0,0,0,0,15,95.66666666666667,81.33333333333333,81.33333333333333,NA,99,89,73.75,96.5,100,100,100,96,78,100,0,100,100,95,93,100
NA,NA,0,NA,100,893,1,NA,NA,NA,NA,NA,NA,32.7405,-117.0935,NA,NA,1,1,1,2,NA,2,NA,NA,NA,NA,0,NA,NA,NA,4,3,4,4,3,3,3,100,46,2,NA,NA,NA,NA,NA,1,NA,NA,NA,NA,NA,NA,NA,NA,2,NA,NA,NA,NA,NA,100,45,NA,NA,NA,NA,NA,NA,NA,NA,NA,NA,NA,NA,2,2,2,60,65,30,60,0,46,0,60,0,45,0,60,0,NA,NA,NA,control,Democrat,NA,NA,NA,NA,NA,NA,NA,NA,910,NA,77,NA,NA,NA,NA,NA,NA,NA,NA,NA,NA,32,NA,NA,NA,NA,NA,NA,NA,NA,NA,1,Strong D,1,Democrat,0,Non-MAGA,Somewhat liberal,0,2,Control D,0,0,Control,46,100,45,100,NA,NA,NA,NA,NA,NA,60,30,0,0,0,0,NA,NA,NA,NA,NA,NA,65,60,46,60,45,60,3.75,strong,2,3,0,0,0,0,0,1,0,0,0,100,100,46,45,-1,0,-1,0,-1,1,2,15,56,56,NA,22.5,0,57.75,52.5,60,30,0,0,0,0,65,60,46,60,45,60
NA,NA,0,NA,100,218,1,NA,NA,NA,NA,NA,NA,35.1716,-80.9118,NA,NA,1,1,1,2,NA,2,NA,NA,NA,NA,0,NA,NA,NA,3,3,4,4,2,2,2,100,6,2,1,1,1,1,1,1,1,NA,NA,5,4,4,5,4,4,5,NA,NA,NA,NA,92,7,NA,NA,NA,NA,NA,NA,NA,NA,NA,NA,NA,NA,4,4,4,50,95,23,76,3,100,0,69,9,93,0,100,0,NA,NA,NA,treatment,Democrat,NA,NA,NA,NA,NA,NA,NA,NA,225,NA,833,NA,NA,NA,NA,NA,NA,NA,NA,NA,NA,25,NA,NA,NA,NA,NA,NA,NA,NA,NA,1,Strong D,1,Democrat,0,Non-MAGA,Somewhat liberal,1,4,Treatment D,0,1,Mismatch,6,100,7,92,NA,NA,NA,NA,NA,NA,50,23,3,0,9,0,NA,NA,NA,NA,NA,NA,95,76,100,69,93,100,3.5,strong,2,2,1,1,1,1,1,1,1,0,0,100,92,6,7,1,-8,9,-8,1,-9,4,14.166666666666666,88.83333333333333,88.83333333333333,NA,19,4.5,85,96.5,50,23,3,0,9,0,95,76,100,69,93,100
NA,NA,0,NA,100,620,1,NA,NA,NA,NA,NA,NA,33.7627,-118.1376,NA,NA,1,1,1,2,NA,1,NA,NA,NA,NA,0,NA,NA,NA,3,3,2,4,2,2,3,67,10,2,1,NA,NA,1,1,1,NA,NA,NA,3,NA,NA,4,2,4,NA,NA,NA,NA,NA,67,11,NA,NA,NA,NA,NA,NA,NA,NA,NA,NA,NA,NA,4,4,1,29,76,73,81,8,37,29,37,14,22,0,79,0,NA,NA,NA,treatment,Democrat,NA,NA,NA,NA,NA,NA,NA,NA,629,NA,86,NA,NA,NA,NA,NA,NA,NA,NA,NA,NA,19,NA,NA,NA,NA,NA,NA,NA,NA,NA,1,Strong D,1,Democrat,0,Non-MAGA,Very liberal,1,4,Treatment D,0,1,Mismatch,10,67,11,67,NA,NA,NA,NA,NA,NA,29,73,8,29,14,0,NA,NA,NA,NA,NA,NA,76,81,37,37,22,79,3,strong,2,2.3333333333333335,1,0,0,1,1,1,0,0,0,67,67,10,11,1,0,1,0,1,-1,3,25.5,55.333333333333336,55.333333333333336,NA,34.75,7,57.75,50.5,29,73,8,29,14,0,76,81,37,37,22,79
NA,NA,0,NA,100,760,1,NA,NA,NA,NA,NA,NA,48.3108,-122.6322,NA,NA,1,1,1,2,NA,2,NA,NA,NA,NA,0,NA,NA,NA,4,4,5,5,3,2,4,100,20,2,1,NA,NA,1,NA,NA,NA,NA,NA,5,NA,NA,4,NA,NA,NA,NA,NA,NA,NA,100,0,NA,NA,NA,NA,NA,NA,NA,NA,NA,NA,NA,NA,4,5,4,70,90,55,80,0,60,0,50,10,70,25,80,0,NA,NA,NA,treatment,Democrat,NA,NA,NA,NA,NA,NA,NA,NA,769,NA,25,NA,NA,NA,NA,NA,NA,NA,NA,NA,NA,21,NA,NA,NA,NA,NA,NA,NA,NA,NA,1,Strong D,1,Democrat,0,Non-MAGA,Somewhat liberal,1,4,Treatment D,0,1,Mismatch,20,100,0,100,NA,NA,NA,NA,NA,NA,70,55,0,0,10,25,NA,NA,NA,NA,NA,NA,90,80,60,50,70,80,4.5,strong,2,3,1,0,0,1,0,0,0,0,0,100,100,20,0,-20,0,-20,0,-20,20,4.333333333333333,26.666666666666668,71.66666666666667,71.66666666666667,NA,31.25,17.5,70,75,70,55,0,0,10,25,90,80,60,50,70,80
NA,NA,0,NA,100,818,1,NA,NA,NA,NA,NA,NA,39.8545,-75.3773,NA,NA,0.899999976158142,1,1,1,NA,5,NA,NA,NA,NA,0,NA,NA,NA,4,3,2,3,3,4,3,37,51,2,NA,NA,NA,NA,NA,1,1,NA,NA,NA,NA,NA,NA,NA,4,3,NA,NA,NA,NA,44,64,NA,NA,NA,NA,NA,NA,NA,NA,NA,NA,NA,NA,3,4,4,59,57,38,66,36,64,35,58,50,36,54,64,0,NA,NA,NA,control,Democrat,NA,NA,NA,NA,NA,NA,NA,NA,826,NA,1496,NA,NA,NA,NA,NA,NA,NA,NA,NA,NA,27,NA,NA,NA,NA,NA,NA,NA,NA,NA,2,Weak D,1,Democrat,0,Non-MAGA,Slightly conservative,0,2,Control D,0,0,Control,51,37,64,44,NA,NA,NA,NA,NA,NA,59,38,36,35,50,54,NA,NA,NA,NA,NA,NA,57,66,64,58,36,64,3,strong,2,3.3333333333333335,0,0,0,0,0,1,1,0,0,37,44,51,64,13,7,6,7,13,-6,3.6666666666666665,45.333333333333336,57.5,57.5,NA,42,52,61.25,50,59,38,36,35,50,54,57,66,64,58,36,64
NA,NA,0,NA,100,294,1,NA,NA,NA,NA,NA,NA,33.9449,-117.3834,NA,NA,1,1,1,2,NA,2,NA,NA,NA,NA,0,NA,NA,NA,4,4,3,4,3,4,2,50,50,2,NA,NA,NA,NA,NA,1,1,NA,NA,NA,NA,NA,NA,NA,4,4,NA,NA,NA,NA,50,50,NA,NA,NA,NA,NA,NA,NA,NA,NA,NA,NA,NA,4,4,3,50,50,10,10,0,50,0,50,0,50,0,50,0,NA,NA,NA,control,Democrat,NA,NA,NA,NA,NA,NA,NA,NA,309,NA,2313,NA,NA,NA,NA,NA,NA,NA,NA,NA,NA,41,NA,NA,NA,NA,NA,NA,NA,NA,NA,1,Strong D,1,Democrat,0,Non-MAGA,Somewhat liberal,0,2,Control D,0,0,Control,50,50,50,50,NA,NA,NA,NA,NA,NA,50,10,0,0,0,0,NA,NA,NA,NA,NA,NA,50,10,50,50,50,50,3.75,strong,2,3,0,0,0,0,0,1,1,0,0,50,50,50,50,0,0,0,0,0,0,3.6666666666666665,10,43.333333333333336,43.333333333333336,NA,15,0,40,50,50,10,0,0,0,0,50,10,50,50,50,50
NA,NA,0,NA,100,297,1,NA,NA,NA,NA,NA,NA,33.5401,-112.3161,NA,NA,1,1,2,1,NA,6,3,3,4,2,0,3,4,2,NA,NA,NA,NA,NA,NA,NA,40,60,2,NA,NA,NA,NA,NA,NA,NA,NA,1,NA,NA,NA,NA,NA,NA,NA,NA,4,4,2,40,60,0,10,0,0,0,0,0,0,0,0,0,0,NA,NA,NA,NA,NA,NA,NA,NA,NA,NA,NA,NA,NA,NA,NA,1,NA,NA,NA,control,Republican,NA,NA,NA,NA,NA,NA,NA,NA,339,NA,450,NA,NA,NA,NA,NA,NA,NA,NA,NA,NA,48,NA,NA,NA,NA,NA,NA,NA,NA,NA,6,Weak R,2,Republican,1,Non-MAGA,Somewhat conservative,0,1,Control R,0,0,Control,60,40,60,40,0,0,0,0,0,0,NA,NA,NA,NA,NA,NA,10,0,0,0,0,0,NA,NA,NA,NA,NA,NA,3,strong,2,3,0,0,0,0,0,0,0,0,1,60,60,40,40,0,0,0,0,0,0,3.3333333333333335,0,1.6666666666666667,NA,1.6666666666666667,0,0,2.5,0,0,0,0,0,0,0,10,0,0,0,0,0
NA,NA,0,NA,100,221,1,NA,NA,NA,NA,NA,NA,34.6185,-82.4779,NA,NA,1,1,1,1,NA,3,NA,NA,NA,NA,0,NA,NA,NA,2,2,1,3,1,1,1,37,4,2,NA,NA,NA,NA,NA,1,NA,NA,NA,NA,NA,NA,NA,NA,2,NA,NA,NA,NA,NA,29,0,NA,NA,NA,NA,NA,NA,NA,NA,NA,NA,NA,NA,4,4,2,16,38,51,50,50,33,21,39,21,46,12,39,0,NA,NA,NA,control,Democrat,NA,NA,NA,NA,NA,NA,NA,NA,230,NA,7769,NA,NA,NA,NA,NA,NA,NA,NA,NA,NA,23,NA,NA,NA,NA,NA,NA,NA,NA,NA,2,Weak D,1,Democrat,0,Non-MAGA,Slightly liberal,0,2,Control D,0,0,Control,4,37,0,29,NA,NA,NA,NA,NA,NA,16,51,50,21,21,12,NA,NA,NA,NA,NA,NA,38,50,33,39,46,39,2,medium,1,1,0,0,0,0,0,1,0,0,0,37,29,4,0,-4,-8,4,-8,-4,-4,3.3333333333333335,28.5,40.833333333333336,40.833333333333336,NA,34.5,16.5,40,42.5,16,51,50,21,21,12,38,50,33,39,46,39
NA,NA,0,NA,100,412,1,NA,NA,NA,NA,NA,NA,32.382,-94.8687,NA,NA,1,1,3,NA,3,5,2,3,2,3,0,3,3,3,NA,NA,NA,NA,NA,NA,NA,30,61,2,NA,1,NA,NA,NA,NA,NA,1,NA,NA,2,NA,NA,NA,NA,NA,4,2,2,3,30,60,77,21,12,13,5,1,10,5,17,21,15,12,NA,NA,NA,NA,NA,NA,NA,NA,NA,NA,NA,NA,NA,NA,NA,1,NA,NA,NA,control,Republican,NA,NA,NA,NA,NA,NA,NA,NA,421,NA,3096,NA,NA,NA,NA,NA,NA,NA,NA,NA,NA,23,NA,NA,NA,NA,NA,NA,NA,NA,NA,5,Lean R,0,Independent,1,Non-MAGA,Slightly conservative,0,1,Control R,0,0,Control,61,30,60,30,77,12,5,10,17,15,NA,NA,NA,NA,NA,NA,21,13,1,5,21,12,NA,NA,NA,NA,NA,NA,2.5,medium,1,3,0,1,0,0,0,0,0,1,0,61,60,30,30,-1,0,-1,-1,0,-1,2.3333333333333335,22.666666666666668,12.166666666666666,NA,12.166666666666666,26,16,10,16.5,77,12,5,10,17,15,21,13,1,5,21,12
NA,NA,0,NA,100,501,1,NA,NA,NA,NA,NA,NA,32.4644,-93.7207,NA,NA,1,1,1,1,NA,2,NA,NA,NA,NA,0,NA,NA,NA,4,4,4,4,2,2,3,87,10,2,NA,NA,NA,NA,NA,1,NA,NA,NA,NA,NA,NA,NA,NA,3,NA,NA,NA,NA,NA,91,17,NA,NA,NA,NA,NA,NA,NA,NA,NA,NA,NA,NA,3,3,3,83,29,79,28,79,23,87,21,91,20,47,50,0,NA,NA,NA,treatment,Democrat,NA,NA,NA,NA,NA,NA,NA,NA,515,NA,2472,NA,NA,NA,NA,NA,NA,NA,NA,NA,NA,27,NA,NA,NA,NA,NA,NA,NA,NA,NA,2,Weak D,1,Democrat,0,Non-MAGA,Somewhat liberal,1,4,Treatment D,0,1,Mismatch,10,87,17,91,NA,NA,NA,NA,NA,NA,83,79,79,87,91,47,NA,NA,NA,NA,NA,NA,29,28,23,21,20,50,4,strong,2,2.3333333333333335,0,0,0,0,0,1,0,0,0,87,91,10,17,7,4,3,4,7,-3,3,77.66666666666667,28.5,28.5,NA,82,69,25.25,35,83,79,79,87,91,47,29,28,23,21,20,50
NA,NA,0,NA,100,736,1,NA,NA,NA,NA,NA,NA,33.8838,-118.1261,NA,NA,1,1,1,1,NA,1,NA,NA,NA,NA,0,NA,NA,NA,1,1,1,2,1,2,2,30,0,2,1,NA,NA,1,NA,1,NA,NA,NA,4,NA,NA,4,NA,3,NA,NA,NA,NA,NA,35,0,NA,NA,NA,NA,NA,NA,NA,NA,NA,NA,NA,NA,5,5,5,70,0,100,0,35,0,30,0,40,20,70,9,0,NA,NA,NA,treatment,Democrat,NA,NA,NA,NA,NA,NA,NA,NA,748,NA,3806,NA,NA,NA,NA,NA,NA,NA,NA,NA,NA,34,NA,NA,NA,NA,NA,NA,NA,NA,NA,2,Weak D,1,Democrat,0,Non-MAGA,Very liberal,1,4,Treatment D,0,1,Mismatch,0,30,0,35,NA,NA,NA,NA,NA,NA,70,100,35,30,40,70,NA,NA,NA,NA,NA,NA,0,0,0,0,20,9,1.25,weak,NA,1.6666666666666667,1,0,0,1,0,1,0,0,0,30,35,0,0,0,5,-5,5,0,5,5,57.5,4.833333333333333,4.833333333333333,NA,58.75,55,0,14.5,70,100,35,30,40,70,0,0,0,0,20,9
NA,NA,0,NA,100,835,1,NA,NA,NA,NA,NA,NA,40.852,-74.2842,NA,NA,1,1,3,NA,1,4,NA,NA,NA,NA,0,NA,NA,NA,2,2,3,2,2,2,2,30,30,2,NA,NA,NA,1,NA,NA,1,NA,NA,NA,NA,NA,4,NA,NA,4,NA,NA,NA,NA,30,30,NA,NA,NA,NA,NA,NA,NA,NA,NA,NA,NA,NA,4,3,2,60,64,19,53,8,50,0,28,21,21,0,21,0,NA,NA,NA,treatment,Democrat,NA,NA,NA,NA,NA,NA,NA,NA,843,NA,3394,NA,NA,NA,NA,NA,NA,NA,NA,NA,NA,25,NA,NA,NA,NA,NA,NA,NA,NA,NA,3,Lean D,0,Independent,0,Non-MAGA,Moderate,1,4,Treatment D,0,1,Mismatch,30,30,30,30,NA,NA,NA,NA,NA,NA,60,19,8,0,21,0,NA,NA,NA,NA,NA,NA,64,53,50,28,21,21,2.25,medium,1,2,0,0,0,1,0,0,1,0,0,30,30,30,30,0,0,0,0,0,0,9,18,39.5,39.5,NA,21.75,10.5,48.75,21,60,19,8,0,21,0,64,53,50,28,21,21
NA,NA,0,NA,100,757,1,NA,NA,NA,NA,NA,NA,36.5438,-86.0245,NA,NA,1,1,2,1,NA,5,3,3,1,2,0,3,3,2,NA,NA,NA,NA,NA,NA,NA,30,72,2,1,NA,NA,1,NA,NA,1,1,NA,4,NA,NA,4,NA,NA,4,5,5,5,4,29,84,91,82,40,61,9,71,61,68,20,62,20,60,NA,NA,NA,NA,NA,NA,NA,NA,NA,NA,NA,NA,NA,NA,NA,1,NA,NA,NA,treatment,Republican,NA,NA,NA,NA,NA,NA,NA,NA,766,NA,166,NA,NA,NA,NA,NA,NA,NA,NA,NA,NA,36,NA,NA,NA,NA,NA,NA,NA,NA,NA,6,Weak R,2,Republican,1,Non-MAGA,Slightly conservative,1,3,Treatment R,1,2,Match,72,30,84,29,91,40,9,61,20,20,NA,NA,NA,NA,NA,NA,82,61,71,68,62,60,NA,NA,NA,NA,NA,NA,2.25,medium,1,2.6666666666666665,1,0,0,1,0,0,1,1,0,72,84,30,29,12,-1,13,12,-1,13,4.666666666666667,40.166666666666664,67.33333333333333,NA,67.33333333333333,50.25,20,70.5,61,91,40,9,61,20,20,82,61,71,68,62,60
NA,NA,0,NA,100,722,1,NA,NA,NA,NA,NA,NA,39.5693,-76.9869,NA,NA,1,1,1,2,NA,2,NA,NA,NA,NA,0,NA,NA,NA,5,5,3,4,3,3,2,85,10,2,NA,1,NA,NA,NA,1,NA,NA,NA,NA,3,NA,NA,NA,4,NA,NA,NA,NA,NA,85,10,NA,NA,NA,NA,NA,NA,NA,NA,NA,NA,NA,NA,5,4,4,50,50,40,40,0,0,0,0,1,90,10,90,0,NA,NA,NA,control,Democrat,NA,NA,NA,NA,NA,NA,NA,NA,733,NA,3811,NA,NA,NA,NA,NA,NA,NA,NA,NA,NA,51,NA,NA,NA,NA,NA,NA,NA,NA,NA,1,Strong D,1,Democrat,0,Non-MAGA,Somewhat liberal,0,2,Control D,0,0,Control,10,85,10,85,NA,NA,NA,NA,NA,NA,50,40,0,0,1,10,NA,NA,NA,NA,NA,NA,50,40,0,0,90,90,4.25,strong,2,2.6666666666666665,0,1,0,0,0,1,0,0,0,85,85,10,10,0,0,0,0,0,0,4.333333333333333,16.833333333333332,45,45,NA,22.5,5.5,22.5,90,50,40,0,0,1,10,50,40,0,0,90,90
